2025-09-05 05:32:59,534 - INFO - Use pytorch device_name: cpu
2025-09-05 05:32:59,534 - INFO - Load pretrained SentenceTransformer: paraphrase-multilingual-MiniLM-L12-v2
2025-09-05 05:32:59,534 - DEBUG - Starting new HTTPS connection (1): huggingface.co:443
2025-09-05 05:33:00,318 - DEBUG - https://huggingface.co:443 "HEAD /sentence-transformers/paraphrase-multilingual-MiniLM-L12-v2/resolve/main/modules.json HTTP/1.1" 307 0
2025-09-05 05:33:00,383 - DEBUG - https://huggingface.co:443 "HEAD /api/resolve-cache/models/sentence-transformers/paraphrase-multilingual-MiniLM-L12-v2/86741b4e3f5cb7765a600d3a3d55a0f6a6cb443d/modules.json HTTP/1.1" 200 0
2025-09-05 05:33:00,671 - DEBUG - https://huggingface.co:443 "HEAD /sentence-transformers/paraphrase-multilingual-MiniLM-L12-v2/resolve/main/config_sentence_transformers.json HTTP/1.1" 307 0
2025-09-05 05:33:00,833 - DEBUG - https://huggingface.co:443 "HEAD /api/resolve-cache/models/sentence-transformers/paraphrase-multilingual-MiniLM-L12-v2/86741b4e3f5cb7765a600d3a3d55a0f6a6cb443d/config_sentence_transformers.json HTTP/1.1" 200 0
2025-09-05 05:33:01,343 - DEBUG - https://huggingface.co:443 "HEAD /sentence-transformers/paraphrase-multilingual-MiniLM-L12-v2/resolve/main/config_sentence_transformers.json HTTP/1.1" 307 0
2025-09-05 05:33:01,392 - DEBUG - https://huggingface.co:443 "HEAD /api/resolve-cache/models/sentence-transformers/paraphrase-multilingual-MiniLM-L12-v2/86741b4e3f5cb7765a600d3a3d55a0f6a6cb443d/config_sentence_transformers.json HTTP/1.1" 200 0
2025-09-05 05:33:01,728 - DEBUG - https://huggingface.co:443 "HEAD /sentence-transformers/paraphrase-multilingual-MiniLM-L12-v2/resolve/main/README.md HTTP/1.1" 307 0
2025-09-05 05:33:01,791 - DEBUG - https://huggingface.co:443 "HEAD /api/resolve-cache/models/sentence-transformers/paraphrase-multilingual-MiniLM-L12-v2/86741b4e3f5cb7765a600d3a3d55a0f6a6cb443d/README.md HTTP/1.1" 200 0
2025-09-05 05:33:02,100 - DEBUG - https://huggingface.co:443 "HEAD /sentence-transformers/paraphrase-multilingual-MiniLM-L12-v2/resolve/main/modules.json HTTP/1.1" 307 0
2025-09-05 05:33:02,160 - DEBUG - https://huggingface.co:443 "HEAD /api/resolve-cache/models/sentence-transformers/paraphrase-multilingual-MiniLM-L12-v2/86741b4e3f5cb7765a600d3a3d55a0f6a6cb443d/modules.json HTTP/1.1" 200 0
2025-09-05 05:33:02,461 - DEBUG - https://huggingface.co:443 "HEAD /sentence-transformers/paraphrase-multilingual-MiniLM-L12-v2/resolve/main/sentence_bert_config.json HTTP/1.1" 307 0
2025-09-05 05:33:02,526 - DEBUG - https://huggingface.co:443 "HEAD /api/resolve-cache/models/sentence-transformers/paraphrase-multilingual-MiniLM-L12-v2/86741b4e3f5cb7765a600d3a3d55a0f6a6cb443d/sentence_bert_config.json HTTP/1.1" 200 0
2025-09-05 05:33:02,881 - DEBUG - https://huggingface.co:443 "HEAD /sentence-transformers/paraphrase-multilingual-MiniLM-L12-v2/resolve/main/adapter_config.json HTTP/1.1" 404 0
2025-09-05 05:33:03,186 - DEBUG - https://huggingface.co:443 "HEAD /sentence-transformers/paraphrase-multilingual-MiniLM-L12-v2/resolve/main/config.json HTTP/1.1" 307 0
2025-09-05 05:33:03,264 - DEBUG - https://huggingface.co:443 "HEAD /api/resolve-cache/models/sentence-transformers/paraphrase-multilingual-MiniLM-L12-v2/86741b4e3f5cb7765a600d3a3d55a0f6a6cb443d/config.json HTTP/1.1" 200 0
2025-09-05 05:33:03,745 - DEBUG - https://huggingface.co:443 "HEAD /sentence-transformers/paraphrase-multilingual-MiniLM-L12-v2/resolve/main/tokenizer_config.json HTTP/1.1" 307 0
2025-09-05 05:33:03,822 - DEBUG - https://huggingface.co:443 "HEAD /api/resolve-cache/models/sentence-transformers/paraphrase-multilingual-MiniLM-L12-v2/86741b4e3f5cb7765a600d3a3d55a0f6a6cb443d/tokenizer_config.json HTTP/1.1" 200 0
2025-09-05 05:33:04,141 - DEBUG - https://huggingface.co:443 "GET /api/models/sentence-transformers/paraphrase-multilingual-MiniLM-L12-v2/tree/main/additional_chat_templates?recursive=False&expand=False HTTP/1.1" 404 64
2025-09-05 05:33:05,335 - DEBUG - https://huggingface.co:443 "HEAD /sentence-transformers/paraphrase-multilingual-MiniLM-L12-v2/resolve/main/1_Pooling/config.json HTTP/1.1" 307 0
2025-09-05 05:33:05,567 - DEBUG - https://huggingface.co:443 "HEAD /api/resolve-cache/models/sentence-transformers/paraphrase-multilingual-MiniLM-L12-v2/86741b4e3f5cb7765a600d3a3d55a0f6a6cb443d/1_Pooling%2Fconfig.json HTTP/1.1" 200 0
2025-09-05 05:33:05,893 - DEBUG - https://huggingface.co:443 "GET /api/models/sentence-transformers/paraphrase-multilingual-MiniLM-L12-v2 HTTP/1.1" 200 6115
2025-09-05 05:33:05,908 - DEBUG - Đã load model embedding: paraphrase-multilingual-MiniLM-L12-v2
2025-09-05 05:33:05,908 - DEBUG - Đang đọc file disease_specialty.json
2025-09-05 05:33:05,908 - ERROR - Không tìm thấy file dữ liệu: [Errno 2] No such file or directory: '\\mnt\\data\\disease_specialty.json'
2025-09-05 06:04:23,630 - INFO - Use pytorch device_name: cpu
2025-09-05 06:04:23,630 - INFO - Load pretrained SentenceTransformer: paraphrase-multilingual-MiniLM-L12-v2
2025-09-05 06:04:23,630 - DEBUG - Starting new HTTPS connection (1): huggingface.co:443
2025-09-05 06:04:24,512 - DEBUG - https://huggingface.co:443 "HEAD /sentence-transformers/paraphrase-multilingual-MiniLM-L12-v2/resolve/main/modules.json HTTP/1.1" 307 0
2025-09-05 06:04:24,576 - DEBUG - https://huggingface.co:443 "HEAD /api/resolve-cache/models/sentence-transformers/paraphrase-multilingual-MiniLM-L12-v2/86741b4e3f5cb7765a600d3a3d55a0f6a6cb443d/modules.json HTTP/1.1" 200 0
2025-09-05 06:04:25,877 - DEBUG - https://huggingface.co:443 "HEAD /sentence-transformers/paraphrase-multilingual-MiniLM-L12-v2/resolve/main/config_sentence_transformers.json HTTP/1.1" 307 0
2025-09-05 06:04:25,920 - DEBUG - https://huggingface.co:443 "HEAD /api/resolve-cache/models/sentence-transformers/paraphrase-multilingual-MiniLM-L12-v2/86741b4e3f5cb7765a600d3a3d55a0f6a6cb443d/config_sentence_transformers.json HTTP/1.1" 200 0
2025-09-05 06:04:26,467 - DEBUG - https://huggingface.co:443 "HEAD /sentence-transformers/paraphrase-multilingual-MiniLM-L12-v2/resolve/main/config_sentence_transformers.json HTTP/1.1" 307 0
2025-09-05 06:04:26,532 - DEBUG - https://huggingface.co:443 "HEAD /api/resolve-cache/models/sentence-transformers/paraphrase-multilingual-MiniLM-L12-v2/86741b4e3f5cb7765a600d3a3d55a0f6a6cb443d/config_sentence_transformers.json HTTP/1.1" 200 0
2025-09-05 06:04:27,058 - DEBUG - https://huggingface.co:443 "HEAD /sentence-transformers/paraphrase-multilingual-MiniLM-L12-v2/resolve/main/README.md HTTP/1.1" 307 0
2025-09-05 06:04:27,185 - DEBUG - https://huggingface.co:443 "HEAD /api/resolve-cache/models/sentence-transformers/paraphrase-multilingual-MiniLM-L12-v2/86741b4e3f5cb7765a600d3a3d55a0f6a6cb443d/README.md HTTP/1.1" 200 0
2025-09-05 06:04:27,537 - DEBUG - https://huggingface.co:443 "HEAD /sentence-transformers/paraphrase-multilingual-MiniLM-L12-v2/resolve/main/modules.json HTTP/1.1" 307 0
2025-09-05 06:04:27,621 - DEBUG - https://huggingface.co:443 "HEAD /api/resolve-cache/models/sentence-transformers/paraphrase-multilingual-MiniLM-L12-v2/86741b4e3f5cb7765a600d3a3d55a0f6a6cb443d/modules.json HTTP/1.1" 200 0
2025-09-05 06:04:27,921 - DEBUG - https://huggingface.co:443 "HEAD /sentence-transformers/paraphrase-multilingual-MiniLM-L12-v2/resolve/main/sentence_bert_config.json HTTP/1.1" 307 0
2025-09-05 06:04:27,987 - DEBUG - https://huggingface.co:443 "HEAD /api/resolve-cache/models/sentence-transformers/paraphrase-multilingual-MiniLM-L12-v2/86741b4e3f5cb7765a600d3a3d55a0f6a6cb443d/sentence_bert_config.json HTTP/1.1" 200 0
2025-09-05 06:04:28,352 - DEBUG - https://huggingface.co:443 "HEAD /sentence-transformers/paraphrase-multilingual-MiniLM-L12-v2/resolve/main/adapter_config.json HTTP/1.1" 404 0
2025-09-05 06:04:28,815 - DEBUG - https://huggingface.co:443 "HEAD /sentence-transformers/paraphrase-multilingual-MiniLM-L12-v2/resolve/main/config.json HTTP/1.1" 307 0
2025-09-05 06:04:28,879 - DEBUG - https://huggingface.co:443 "HEAD /api/resolve-cache/models/sentence-transformers/paraphrase-multilingual-MiniLM-L12-v2/86741b4e3f5cb7765a600d3a3d55a0f6a6cb443d/config.json HTTP/1.1" 200 0
2025-09-05 06:04:29,421 - DEBUG - https://huggingface.co:443 "HEAD /sentence-transformers/paraphrase-multilingual-MiniLM-L12-v2/resolve/main/tokenizer_config.json HTTP/1.1" 307 0
2025-09-05 06:04:29,491 - DEBUG - https://huggingface.co:443 "HEAD /api/resolve-cache/models/sentence-transformers/paraphrase-multilingual-MiniLM-L12-v2/86741b4e3f5cb7765a600d3a3d55a0f6a6cb443d/tokenizer_config.json HTTP/1.1" 200 0
2025-09-05 06:04:30,010 - DEBUG - https://huggingface.co:443 "GET /api/models/sentence-transformers/paraphrase-multilingual-MiniLM-L12-v2/tree/main/additional_chat_templates?recursive=False&expand=False HTTP/1.1" 404 64
2025-09-05 06:04:31,040 - DEBUG - https://huggingface.co:443 "HEAD /sentence-transformers/paraphrase-multilingual-MiniLM-L12-v2/resolve/main/1_Pooling/config.json HTTP/1.1" 307 0
2025-09-05 06:04:31,120 - DEBUG - https://huggingface.co:443 "HEAD /api/resolve-cache/models/sentence-transformers/paraphrase-multilingual-MiniLM-L12-v2/86741b4e3f5cb7765a600d3a3d55a0f6a6cb443d/1_Pooling%2Fconfig.json HTTP/1.1" 200 0
2025-09-05 06:04:31,424 - DEBUG - https://huggingface.co:443 "GET /api/models/sentence-transformers/paraphrase-multilingual-MiniLM-L12-v2 HTTP/1.1" 200 6115
2025-09-05 06:04:31,439 - DEBUG - Đã load model embedding: paraphrase-multilingual-MiniLM-L12-v2
2025-09-05 06:04:31,439 - DEBUG - Đang đọc file disease_specialty.json
2025-09-05 06:04:31,439 - ERROR - Không tìm thấy file dữ liệu: [Errno 2] No such file or directory: '\\mnt\\data\\disease_specialty.json'
2025-09-05 18:56:28,096 - INFO - Use pytorch device_name: cpu
2025-09-05 18:56:28,096 - INFO - Load pretrained SentenceTransformer: paraphrase-multilingual-MiniLM-L12-v2
2025-09-05 18:56:28,096 - DEBUG - Starting new HTTPS connection (1): huggingface.co:443
2025-09-05 18:56:28,904 - DEBUG - https://huggingface.co:443 "HEAD /sentence-transformers/paraphrase-multilingual-MiniLM-L12-v2/resolve/main/modules.json HTTP/1.1" 307 0
2025-09-05 18:56:29,054 - DEBUG - https://huggingface.co:443 "HEAD /api/resolve-cache/models/sentence-transformers/paraphrase-multilingual-MiniLM-L12-v2/86741b4e3f5cb7765a600d3a3d55a0f6a6cb443d/modules.json HTTP/1.1" 200 0
2025-09-05 18:56:29,356 - DEBUG - https://huggingface.co:443 "HEAD /sentence-transformers/paraphrase-multilingual-MiniLM-L12-v2/resolve/main/config_sentence_transformers.json HTTP/1.1" 307 0
2025-09-05 18:56:29,423 - DEBUG - https://huggingface.co:443 "HEAD /api/resolve-cache/models/sentence-transformers/paraphrase-multilingual-MiniLM-L12-v2/86741b4e3f5cb7765a600d3a3d55a0f6a6cb443d/config_sentence_transformers.json HTTP/1.1" 200 0
2025-09-05 18:56:30,386 - DEBUG - https://huggingface.co:443 "HEAD /sentence-transformers/paraphrase-multilingual-MiniLM-L12-v2/resolve/main/config_sentence_transformers.json HTTP/1.1" 307 0
2025-09-05 18:56:30,457 - DEBUG - https://huggingface.co:443 "HEAD /api/resolve-cache/models/sentence-transformers/paraphrase-multilingual-MiniLM-L12-v2/86741b4e3f5cb7765a600d3a3d55a0f6a6cb443d/config_sentence_transformers.json HTTP/1.1" 200 0
2025-09-05 18:56:30,821 - DEBUG - https://huggingface.co:443 "HEAD /sentence-transformers/paraphrase-multilingual-MiniLM-L12-v2/resolve/main/README.md HTTP/1.1" 307 0
2025-09-05 18:56:30,878 - DEBUG - https://huggingface.co:443 "HEAD /api/resolve-cache/models/sentence-transformers/paraphrase-multilingual-MiniLM-L12-v2/86741b4e3f5cb7765a600d3a3d55a0f6a6cb443d/README.md HTTP/1.1" 200 0
2025-09-05 18:56:31,283 - DEBUG - https://huggingface.co:443 "HEAD /sentence-transformers/paraphrase-multilingual-MiniLM-L12-v2/resolve/main/modules.json HTTP/1.1" 307 0
2025-09-05 18:56:31,359 - DEBUG - https://huggingface.co:443 "HEAD /api/resolve-cache/models/sentence-transformers/paraphrase-multilingual-MiniLM-L12-v2/86741b4e3f5cb7765a600d3a3d55a0f6a6cb443d/modules.json HTTP/1.1" 200 0
2025-09-05 18:56:31,724 - DEBUG - https://huggingface.co:443 "HEAD /sentence-transformers/paraphrase-multilingual-MiniLM-L12-v2/resolve/main/sentence_bert_config.json HTTP/1.1" 307 0
2025-09-05 18:56:31,928 - DEBUG - https://huggingface.co:443 "HEAD /api/resolve-cache/models/sentence-transformers/paraphrase-multilingual-MiniLM-L12-v2/86741b4e3f5cb7765a600d3a3d55a0f6a6cb443d/sentence_bert_config.json HTTP/1.1" 200 0
2025-09-05 18:56:32,241 - DEBUG - https://huggingface.co:443 "HEAD /sentence-transformers/paraphrase-multilingual-MiniLM-L12-v2/resolve/main/adapter_config.json HTTP/1.1" 404 0
2025-09-05 18:56:33,008 - DEBUG - https://huggingface.co:443 "HEAD /sentence-transformers/paraphrase-multilingual-MiniLM-L12-v2/resolve/main/config.json HTTP/1.1" 307 0
2025-09-05 18:56:33,068 - DEBUG - https://huggingface.co:443 "HEAD /api/resolve-cache/models/sentence-transformers/paraphrase-multilingual-MiniLM-L12-v2/86741b4e3f5cb7765a600d3a3d55a0f6a6cb443d/config.json HTTP/1.1" 200 0
2025-09-05 18:56:33,523 - DEBUG - https://huggingface.co:443 "HEAD /sentence-transformers/paraphrase-multilingual-MiniLM-L12-v2/resolve/main/tokenizer_config.json HTTP/1.1" 307 0
2025-09-05 18:56:33,582 - DEBUG - https://huggingface.co:443 "HEAD /api/resolve-cache/models/sentence-transformers/paraphrase-multilingual-MiniLM-L12-v2/86741b4e3f5cb7765a600d3a3d55a0f6a6cb443d/tokenizer_config.json HTTP/1.1" 200 0
2025-09-05 18:56:33,883 - DEBUG - https://huggingface.co:443 "GET /api/models/sentence-transformers/paraphrase-multilingual-MiniLM-L12-v2/tree/main/additional_chat_templates?recursive=False&expand=False HTTP/1.1" 404 64
2025-09-05 18:56:35,000 - DEBUG - https://huggingface.co:443 "HEAD /sentence-transformers/paraphrase-multilingual-MiniLM-L12-v2/resolve/main/1_Pooling/config.json HTTP/1.1" 307 0
2025-09-05 18:56:35,065 - DEBUG - https://huggingface.co:443 "HEAD /api/resolve-cache/models/sentence-transformers/paraphrase-multilingual-MiniLM-L12-v2/86741b4e3f5cb7765a600d3a3d55a0f6a6cb443d/1_Pooling%2Fconfig.json HTTP/1.1" 200 0
2025-09-05 18:56:35,428 - DEBUG - https://huggingface.co:443 "GET /api/models/sentence-transformers/paraphrase-multilingual-MiniLM-L12-v2 HTTP/1.1" 200 6134
2025-09-05 18:56:35,428 - DEBUG - Đã load model embedding: paraphrase-multilingual-MiniLM-L12-v2
2025-09-05 18:56:35,428 - DEBUG - Đang đọc file disease_specialty.json
2025-09-05 18:56:35,428 - ERROR - Không tìm thấy file dữ liệu: [Errno 2] No such file or directory: '\\mnt\\data\\disease_specialty.json'
2025-09-05 18:59:11,455 - INFO - Use pytorch device_name: cpu
2025-09-05 18:59:11,455 - INFO - Load pretrained SentenceTransformer: paraphrase-multilingual-MiniLM-L12-v2
2025-09-05 18:59:11,458 - DEBUG - Starting new HTTPS connection (1): huggingface.co:443
2025-09-05 18:59:12,092 - DEBUG - https://huggingface.co:443 "HEAD /sentence-transformers/paraphrase-multilingual-MiniLM-L12-v2/resolve/main/modules.json HTTP/1.1" 307 0
2025-09-05 18:59:12,168 - DEBUG - https://huggingface.co:443 "HEAD /api/resolve-cache/models/sentence-transformers/paraphrase-multilingual-MiniLM-L12-v2/86741b4e3f5cb7765a600d3a3d55a0f6a6cb443d/modules.json HTTP/1.1" 200 0
2025-09-05 18:59:12,568 - DEBUG - https://huggingface.co:443 "HEAD /sentence-transformers/paraphrase-multilingual-MiniLM-L12-v2/resolve/main/config_sentence_transformers.json HTTP/1.1" 307 0
2025-09-05 18:59:12,626 - DEBUG - https://huggingface.co:443 "HEAD /api/resolve-cache/models/sentence-transformers/paraphrase-multilingual-MiniLM-L12-v2/86741b4e3f5cb7765a600d3a3d55a0f6a6cb443d/config_sentence_transformers.json HTTP/1.1" 200 0
2025-09-05 18:59:12,935 - DEBUG - https://huggingface.co:443 "HEAD /sentence-transformers/paraphrase-multilingual-MiniLM-L12-v2/resolve/main/config_sentence_transformers.json HTTP/1.1" 307 0
2025-09-05 18:59:12,990 - DEBUG - https://huggingface.co:443 "HEAD /api/resolve-cache/models/sentence-transformers/paraphrase-multilingual-MiniLM-L12-v2/86741b4e3f5cb7765a600d3a3d55a0f6a6cb443d/config_sentence_transformers.json HTTP/1.1" 200 0
2025-09-05 18:59:13,363 - DEBUG - https://huggingface.co:443 "HEAD /sentence-transformers/paraphrase-multilingual-MiniLM-L12-v2/resolve/main/README.md HTTP/1.1" 307 0
2025-09-05 18:59:13,455 - DEBUG - https://huggingface.co:443 "HEAD /api/resolve-cache/models/sentence-transformers/paraphrase-multilingual-MiniLM-L12-v2/86741b4e3f5cb7765a600d3a3d55a0f6a6cb443d/README.md HTTP/1.1" 200 0
2025-09-05 18:59:13,769 - DEBUG - https://huggingface.co:443 "HEAD /sentence-transformers/paraphrase-multilingual-MiniLM-L12-v2/resolve/main/modules.json HTTP/1.1" 307 0
2025-09-05 18:59:13,846 - DEBUG - https://huggingface.co:443 "HEAD /api/resolve-cache/models/sentence-transformers/paraphrase-multilingual-MiniLM-L12-v2/86741b4e3f5cb7765a600d3a3d55a0f6a6cb443d/modules.json HTTP/1.1" 200 0
2025-09-05 18:59:14,164 - DEBUG - https://huggingface.co:443 "HEAD /sentence-transformers/paraphrase-multilingual-MiniLM-L12-v2/resolve/main/sentence_bert_config.json HTTP/1.1" 307 0
2025-09-05 18:59:14,225 - DEBUG - https://huggingface.co:443 "HEAD /api/resolve-cache/models/sentence-transformers/paraphrase-multilingual-MiniLM-L12-v2/86741b4e3f5cb7765a600d3a3d55a0f6a6cb443d/sentence_bert_config.json HTTP/1.1" 200 0
2025-09-05 18:59:14,704 - DEBUG - https://huggingface.co:443 "HEAD /sentence-transformers/paraphrase-multilingual-MiniLM-L12-v2/resolve/main/adapter_config.json HTTP/1.1" 404 0
2025-09-05 18:59:15,154 - DEBUG - https://huggingface.co:443 "HEAD /sentence-transformers/paraphrase-multilingual-MiniLM-L12-v2/resolve/main/config.json HTTP/1.1" 307 0
2025-09-05 18:59:15,215 - DEBUG - https://huggingface.co:443 "HEAD /api/resolve-cache/models/sentence-transformers/paraphrase-multilingual-MiniLM-L12-v2/86741b4e3f5cb7765a600d3a3d55a0f6a6cb443d/config.json HTTP/1.1" 200 0
2025-09-05 18:59:15,611 - DEBUG - https://huggingface.co:443 "HEAD /sentence-transformers/paraphrase-multilingual-MiniLM-L12-v2/resolve/main/tokenizer_config.json HTTP/1.1" 307 0
2025-09-05 18:59:15,676 - DEBUG - https://huggingface.co:443 "HEAD /api/resolve-cache/models/sentence-transformers/paraphrase-multilingual-MiniLM-L12-v2/86741b4e3f5cb7765a600d3a3d55a0f6a6cb443d/tokenizer_config.json HTTP/1.1" 200 0
2025-09-05 18:59:15,968 - DEBUG - https://huggingface.co:443 "GET /api/models/sentence-transformers/paraphrase-multilingual-MiniLM-L12-v2/tree/main/additional_chat_templates?recursive=False&expand=False HTTP/1.1" 404 64
2025-09-05 18:59:17,040 - DEBUG - https://huggingface.co:443 "HEAD /sentence-transformers/paraphrase-multilingual-MiniLM-L12-v2/resolve/main/1_Pooling/config.json HTTP/1.1" 307 0
2025-09-05 18:59:17,116 - DEBUG - https://huggingface.co:443 "HEAD /api/resolve-cache/models/sentence-transformers/paraphrase-multilingual-MiniLM-L12-v2/86741b4e3f5cb7765a600d3a3d55a0f6a6cb443d/1_Pooling%2Fconfig.json HTTP/1.1" 200 0
2025-09-05 18:59:17,428 - DEBUG - https://huggingface.co:443 "GET /api/models/sentence-transformers/paraphrase-multilingual-MiniLM-L12-v2 HTTP/1.1" 200 6134
2025-09-05 18:59:17,440 - DEBUG - Đã load model embedding: paraphrase-multilingual-MiniLM-L12-v2
2025-09-05 18:59:17,440 - DEBUG - Đang đọc file disease_specialty.json
2025-09-05 18:59:17,440 - ERROR - Không tìm thấy file dữ liệu: [Errno 2] No such file or directory: '\\mnt\\data\\disease_specialty.json'
2025-09-05 19:03:06,783 - INFO - Use pytorch device_name: cpu
2025-09-05 19:03:06,783 - INFO - Load pretrained SentenceTransformer: paraphrase-multilingual-MiniLM-L12-v2
2025-09-05 19:03:06,783 - DEBUG - Starting new HTTPS connection (1): huggingface.co:443
2025-09-05 19:03:07,724 - DEBUG - https://huggingface.co:443 "HEAD /sentence-transformers/paraphrase-multilingual-MiniLM-L12-v2/resolve/main/modules.json HTTP/1.1" 307 0
2025-09-05 19:03:07,858 - DEBUG - https://huggingface.co:443 "HEAD /api/resolve-cache/models/sentence-transformers/paraphrase-multilingual-MiniLM-L12-v2/86741b4e3f5cb7765a600d3a3d55a0f6a6cb443d/modules.json HTTP/1.1" 200 0
2025-09-05 19:03:08,203 - DEBUG - https://huggingface.co:443 "HEAD /sentence-transformers/paraphrase-multilingual-MiniLM-L12-v2/resolve/main/config_sentence_transformers.json HTTP/1.1" 307 0
2025-09-05 19:03:08,268 - DEBUG - https://huggingface.co:443 "HEAD /api/resolve-cache/models/sentence-transformers/paraphrase-multilingual-MiniLM-L12-v2/86741b4e3f5cb7765a600d3a3d55a0f6a6cb443d/config_sentence_transformers.json HTTP/1.1" 200 0
2025-09-05 19:03:08,585 - DEBUG - https://huggingface.co:443 "HEAD /sentence-transformers/paraphrase-multilingual-MiniLM-L12-v2/resolve/main/config_sentence_transformers.json HTTP/1.1" 307 0
2025-09-05 19:03:08,748 - DEBUG - https://huggingface.co:443 "HEAD /api/resolve-cache/models/sentence-transformers/paraphrase-multilingual-MiniLM-L12-v2/86741b4e3f5cb7765a600d3a3d55a0f6a6cb443d/config_sentence_transformers.json HTTP/1.1" 200 0
2025-09-05 19:03:09,634 - DEBUG - https://huggingface.co:443 "HEAD /sentence-transformers/paraphrase-multilingual-MiniLM-L12-v2/resolve/main/README.md HTTP/1.1" 307 0
2025-09-05 19:03:09,727 - DEBUG - https://huggingface.co:443 "HEAD /api/resolve-cache/models/sentence-transformers/paraphrase-multilingual-MiniLM-L12-v2/86741b4e3f5cb7765a600d3a3d55a0f6a6cb443d/README.md HTTP/1.1" 200 0
2025-09-05 19:03:10,250 - DEBUG - https://huggingface.co:443 "HEAD /sentence-transformers/paraphrase-multilingual-MiniLM-L12-v2/resolve/main/modules.json HTTP/1.1" 307 0
2025-09-05 19:03:10,314 - DEBUG - https://huggingface.co:443 "HEAD /api/resolve-cache/models/sentence-transformers/paraphrase-multilingual-MiniLM-L12-v2/86741b4e3f5cb7765a600d3a3d55a0f6a6cb443d/modules.json HTTP/1.1" 200 0
2025-09-05 19:03:10,642 - DEBUG - https://huggingface.co:443 "HEAD /sentence-transformers/paraphrase-multilingual-MiniLM-L12-v2/resolve/main/sentence_bert_config.json HTTP/1.1" 307 0
2025-09-05 19:03:10,707 - DEBUG - https://huggingface.co:443 "HEAD /api/resolve-cache/models/sentence-transformers/paraphrase-multilingual-MiniLM-L12-v2/86741b4e3f5cb7765a600d3a3d55a0f6a6cb443d/sentence_bert_config.json HTTP/1.1" 200 0
2025-09-05 19:03:11,080 - DEBUG - https://huggingface.co:443 "HEAD /sentence-transformers/paraphrase-multilingual-MiniLM-L12-v2/resolve/main/adapter_config.json HTTP/1.1" 404 0
2025-09-05 19:03:11,477 - DEBUG - https://huggingface.co:443 "HEAD /sentence-transformers/paraphrase-multilingual-MiniLM-L12-v2/resolve/main/config.json HTTP/1.1" 307 0
2025-09-05 19:03:11,550 - DEBUG - https://huggingface.co:443 "HEAD /api/resolve-cache/models/sentence-transformers/paraphrase-multilingual-MiniLM-L12-v2/86741b4e3f5cb7765a600d3a3d55a0f6a6cb443d/config.json HTTP/1.1" 200 0
2025-09-05 19:03:12,003 - DEBUG - https://huggingface.co:443 "HEAD /sentence-transformers/paraphrase-multilingual-MiniLM-L12-v2/resolve/main/tokenizer_config.json HTTP/1.1" 307 0
2025-09-05 19:03:12,065 - DEBUG - https://huggingface.co:443 "HEAD /api/resolve-cache/models/sentence-transformers/paraphrase-multilingual-MiniLM-L12-v2/86741b4e3f5cb7765a600d3a3d55a0f6a6cb443d/tokenizer_config.json HTTP/1.1" 200 0
2025-09-05 19:03:12,408 - DEBUG - https://huggingface.co:443 "GET /api/models/sentence-transformers/paraphrase-multilingual-MiniLM-L12-v2/tree/main/additional_chat_templates?recursive=False&expand=False HTTP/1.1" 404 64
2025-09-05 19:03:13,531 - DEBUG - https://huggingface.co:443 "HEAD /sentence-transformers/paraphrase-multilingual-MiniLM-L12-v2/resolve/main/1_Pooling/config.json HTTP/1.1" 307 0
2025-09-05 19:03:13,674 - DEBUG - https://huggingface.co:443 "HEAD /api/resolve-cache/models/sentence-transformers/paraphrase-multilingual-MiniLM-L12-v2/86741b4e3f5cb7765a600d3a3d55a0f6a6cb443d/1_Pooling%2Fconfig.json HTTP/1.1" 200 0
2025-09-05 19:03:14,127 - DEBUG - https://huggingface.co:443 "GET /api/models/sentence-transformers/paraphrase-multilingual-MiniLM-L12-v2 HTTP/1.1" 200 6134
2025-09-05 19:03:14,135 - DEBUG - Đã load model embedding: paraphrase-multilingual-MiniLM-L12-v2
2025-09-05 19:03:14,135 - DEBUG - Đang đọc file disease_specialty.json
2025-09-05 19:03:14,135 - ERROR - Không tìm thấy file dữ liệu: [Errno 2] No such file or directory: '\\mnt\\data\\disease_specialty.json'
2025-09-05 19:05:56,774 - INFO - Use pytorch device_name: cpu
2025-09-05 19:05:56,775 - INFO - Load pretrained SentenceTransformer: paraphrase-multilingual-MiniLM-L12-v2
2025-09-05 19:05:56,777 - DEBUG - Starting new HTTPS connection (1): huggingface.co:443
2025-09-05 19:05:57,947 - DEBUG - https://huggingface.co:443 "HEAD /sentence-transformers/paraphrase-multilingual-MiniLM-L12-v2/resolve/main/modules.json HTTP/1.1" 307 0
2025-09-05 19:05:58,019 - DEBUG - https://huggingface.co:443 "HEAD /api/resolve-cache/models/sentence-transformers/paraphrase-multilingual-MiniLM-L12-v2/86741b4e3f5cb7765a600d3a3d55a0f6a6cb443d/modules.json HTTP/1.1" 200 0
2025-09-05 19:05:58,774 - DEBUG - https://huggingface.co:443 "HEAD /sentence-transformers/paraphrase-multilingual-MiniLM-L12-v2/resolve/main/config_sentence_transformers.json HTTP/1.1" 307 0
2025-09-05 19:05:58,975 - DEBUG - https://huggingface.co:443 "HEAD /api/resolve-cache/models/sentence-transformers/paraphrase-multilingual-MiniLM-L12-v2/86741b4e3f5cb7765a600d3a3d55a0f6a6cb443d/config_sentence_transformers.json HTTP/1.1" 200 0
2025-09-05 19:05:59,274 - DEBUG - https://huggingface.co:443 "HEAD /sentence-transformers/paraphrase-multilingual-MiniLM-L12-v2/resolve/main/config_sentence_transformers.json HTTP/1.1" 307 0
2025-09-05 19:05:59,361 - DEBUG - https://huggingface.co:443 "HEAD /api/resolve-cache/models/sentence-transformers/paraphrase-multilingual-MiniLM-L12-v2/86741b4e3f5cb7765a600d3a3d55a0f6a6cb443d/config_sentence_transformers.json HTTP/1.1" 200 0
2025-09-05 19:05:59,678 - DEBUG - https://huggingface.co:443 "HEAD /sentence-transformers/paraphrase-multilingual-MiniLM-L12-v2/resolve/main/README.md HTTP/1.1" 307 0
2025-09-05 19:05:59,935 - DEBUG - https://huggingface.co:443 "HEAD /api/resolve-cache/models/sentence-transformers/paraphrase-multilingual-MiniLM-L12-v2/86741b4e3f5cb7765a600d3a3d55a0f6a6cb443d/README.md HTTP/1.1" 200 0
2025-09-05 19:06:00,310 - DEBUG - https://huggingface.co:443 "HEAD /sentence-transformers/paraphrase-multilingual-MiniLM-L12-v2/resolve/main/modules.json HTTP/1.1" 307 0
2025-09-05 19:06:00,408 - DEBUG - https://huggingface.co:443 "HEAD /api/resolve-cache/models/sentence-transformers/paraphrase-multilingual-MiniLM-L12-v2/86741b4e3f5cb7765a600d3a3d55a0f6a6cb443d/modules.json HTTP/1.1" 200 0
2025-09-05 19:06:01,260 - DEBUG - https://huggingface.co:443 "HEAD /sentence-transformers/paraphrase-multilingual-MiniLM-L12-v2/resolve/main/sentence_bert_config.json HTTP/1.1" 307 0
2025-09-05 19:06:01,355 - DEBUG - https://huggingface.co:443 "HEAD /api/resolve-cache/models/sentence-transformers/paraphrase-multilingual-MiniLM-L12-v2/86741b4e3f5cb7765a600d3a3d55a0f6a6cb443d/sentence_bert_config.json HTTP/1.1" 200 0
2025-09-05 19:06:01,745 - DEBUG - https://huggingface.co:443 "HEAD /sentence-transformers/paraphrase-multilingual-MiniLM-L12-v2/resolve/main/adapter_config.json HTTP/1.1" 404 0
2025-09-05 19:06:02,168 - DEBUG - https://huggingface.co:443 "HEAD /sentence-transformers/paraphrase-multilingual-MiniLM-L12-v2/resolve/main/config.json HTTP/1.1" 307 0
2025-09-05 19:06:02,239 - DEBUG - https://huggingface.co:443 "HEAD /api/resolve-cache/models/sentence-transformers/paraphrase-multilingual-MiniLM-L12-v2/86741b4e3f5cb7765a600d3a3d55a0f6a6cb443d/config.json HTTP/1.1" 200 0
2025-09-05 19:06:02,692 - DEBUG - https://huggingface.co:443 "HEAD /sentence-transformers/paraphrase-multilingual-MiniLM-L12-v2/resolve/main/tokenizer_config.json HTTP/1.1" 307 0
2025-09-05 19:06:02,906 - DEBUG - https://huggingface.co:443 "HEAD /api/resolve-cache/models/sentence-transformers/paraphrase-multilingual-MiniLM-L12-v2/86741b4e3f5cb7765a600d3a3d55a0f6a6cb443d/tokenizer_config.json HTTP/1.1" 200 0
2025-09-05 19:06:03,332 - DEBUG - https://huggingface.co:443 "GET /api/models/sentence-transformers/paraphrase-multilingual-MiniLM-L12-v2/tree/main/additional_chat_templates?recursive=False&expand=False HTTP/1.1" 404 64
2025-09-05 19:06:04,568 - DEBUG - https://huggingface.co:443 "HEAD /sentence-transformers/paraphrase-multilingual-MiniLM-L12-v2/resolve/main/1_Pooling/config.json HTTP/1.1" 307 0
2025-09-05 19:06:04,636 - DEBUG - https://huggingface.co:443 "HEAD /api/resolve-cache/models/sentence-transformers/paraphrase-multilingual-MiniLM-L12-v2/86741b4e3f5cb7765a600d3a3d55a0f6a6cb443d/1_Pooling%2Fconfig.json HTTP/1.1" 200 0
2025-09-05 19:06:04,940 - DEBUG - https://huggingface.co:443 "GET /api/models/sentence-transformers/paraphrase-multilingual-MiniLM-L12-v2 HTTP/1.1" 200 6134
2025-09-05 19:06:04,954 - DEBUG - Đã load model embedding: paraphrase-multilingual-MiniLM-L12-v2
2025-09-05 19:06:04,954 - DEBUG - Đang đọc file disease_specialty.json
2025-09-05 19:06:04,956 - ERROR - Không tìm thấy file dữ liệu: [Errno 2] No such file or directory: '\\mnt\\data\\disease_specialty.json'
2025-09-05 21:38:00,971 - INFO - Use pytorch device_name: cpu
2025-09-05 21:38:00,971 - INFO - Load pretrained SentenceTransformer: paraphrase-multilingual-MiniLM-L12-v2
2025-09-05 21:38:00,971 - DEBUG - Starting new HTTPS connection (1): huggingface.co:443
2025-09-05 21:38:01,882 - DEBUG - https://huggingface.co:443 "HEAD /sentence-transformers/paraphrase-multilingual-MiniLM-L12-v2/resolve/main/modules.json HTTP/1.1" 307 0
2025-09-05 21:38:01,964 - DEBUG - https://huggingface.co:443 "HEAD /api/resolve-cache/models/sentence-transformers/paraphrase-multilingual-MiniLM-L12-v2/86741b4e3f5cb7765a600d3a3d55a0f6a6cb443d/modules.json HTTP/1.1" 200 0
2025-09-05 21:38:02,275 - DEBUG - https://huggingface.co:443 "HEAD /sentence-transformers/paraphrase-multilingual-MiniLM-L12-v2/resolve/main/config_sentence_transformers.json HTTP/1.1" 307 0
2025-09-05 21:38:02,338 - DEBUG - https://huggingface.co:443 "HEAD /api/resolve-cache/models/sentence-transformers/paraphrase-multilingual-MiniLM-L12-v2/86741b4e3f5cb7765a600d3a3d55a0f6a6cb443d/config_sentence_transformers.json HTTP/1.1" 200 0
2025-09-05 21:38:02,680 - DEBUG - https://huggingface.co:443 "HEAD /sentence-transformers/paraphrase-multilingual-MiniLM-L12-v2/resolve/main/config_sentence_transformers.json HTTP/1.1" 307 0
2025-09-05 21:38:02,744 - DEBUG - https://huggingface.co:443 "HEAD /api/resolve-cache/models/sentence-transformers/paraphrase-multilingual-MiniLM-L12-v2/86741b4e3f5cb7765a600d3a3d55a0f6a6cb443d/config_sentence_transformers.json HTTP/1.1" 200 0
2025-09-05 21:38:03,071 - DEBUG - https://huggingface.co:443 "HEAD /sentence-transformers/paraphrase-multilingual-MiniLM-L12-v2/resolve/main/README.md HTTP/1.1" 307 0
2025-09-05 21:38:03,134 - DEBUG - https://huggingface.co:443 "HEAD /api/resolve-cache/models/sentence-transformers/paraphrase-multilingual-MiniLM-L12-v2/86741b4e3f5cb7765a600d3a3d55a0f6a6cb443d/README.md HTTP/1.1" 200 0
2025-09-05 21:38:03,539 - DEBUG - https://huggingface.co:443 "HEAD /sentence-transformers/paraphrase-multilingual-MiniLM-L12-v2/resolve/main/modules.json HTTP/1.1" 307 0
2025-09-05 21:38:03,606 - DEBUG - https://huggingface.co:443 "HEAD /api/resolve-cache/models/sentence-transformers/paraphrase-multilingual-MiniLM-L12-v2/86741b4e3f5cb7765a600d3a3d55a0f6a6cb443d/modules.json HTTP/1.1" 200 0
2025-09-05 21:38:03,973 - DEBUG - https://huggingface.co:443 "HEAD /sentence-transformers/paraphrase-multilingual-MiniLM-L12-v2/resolve/main/sentence_bert_config.json HTTP/1.1" 307 0
2025-09-05 21:38:04,036 - DEBUG - https://huggingface.co:443 "HEAD /api/resolve-cache/models/sentence-transformers/paraphrase-multilingual-MiniLM-L12-v2/86741b4e3f5cb7765a600d3a3d55a0f6a6cb443d/sentence_bert_config.json HTTP/1.1" 200 0
2025-09-05 21:38:04,429 - DEBUG - https://huggingface.co:443 "HEAD /sentence-transformers/paraphrase-multilingual-MiniLM-L12-v2/resolve/main/adapter_config.json HTTP/1.1" 404 0
2025-09-05 21:38:04,905 - DEBUG - https://huggingface.co:443 "HEAD /sentence-transformers/paraphrase-multilingual-MiniLM-L12-v2/resolve/main/config.json HTTP/1.1" 307 0
2025-09-05 21:38:04,979 - DEBUG - https://huggingface.co:443 "HEAD /api/resolve-cache/models/sentence-transformers/paraphrase-multilingual-MiniLM-L12-v2/86741b4e3f5cb7765a600d3a3d55a0f6a6cb443d/config.json HTTP/1.1" 200 0
2025-09-05 21:38:05,375 - DEBUG - https://huggingface.co:443 "HEAD /sentence-transformers/paraphrase-multilingual-MiniLM-L12-v2/resolve/main/tokenizer_config.json HTTP/1.1" 307 0
2025-09-05 21:38:05,472 - DEBUG - https://huggingface.co:443 "HEAD /api/resolve-cache/models/sentence-transformers/paraphrase-multilingual-MiniLM-L12-v2/86741b4e3f5cb7765a600d3a3d55a0f6a6cb443d/tokenizer_config.json HTTP/1.1" 200 0
2025-09-05 21:38:05,794 - DEBUG - https://huggingface.co:443 "GET /api/models/sentence-transformers/paraphrase-multilingual-MiniLM-L12-v2/tree/main/additional_chat_templates?recursive=False&expand=False HTTP/1.1" 404 64
2025-09-05 21:38:06,817 - DEBUG - https://huggingface.co:443 "HEAD /sentence-transformers/paraphrase-multilingual-MiniLM-L12-v2/resolve/main/1_Pooling/config.json HTTP/1.1" 307 0
2025-09-05 21:38:06,883 - DEBUG - https://huggingface.co:443 "HEAD /api/resolve-cache/models/sentence-transformers/paraphrase-multilingual-MiniLM-L12-v2/86741b4e3f5cb7765a600d3a3d55a0f6a6cb443d/1_Pooling%2Fconfig.json HTTP/1.1" 200 0
2025-09-05 21:38:07,236 - DEBUG - https://huggingface.co:443 "GET /api/models/sentence-transformers/paraphrase-multilingual-MiniLM-L12-v2 HTTP/1.1" 200 6134
2025-09-05 21:38:07,242 - DEBUG - Đã load model embedding: paraphrase-multilingual-MiniLM-L12-v2
2025-09-05 21:38:07,244 - DEBUG - Đang đọc file disease_specialty.json
2025-09-05 21:38:07,244 - ERROR - Không tìm thấy file dữ liệu: [Errno 2] No such file or directory: '\\mnt\\data\\disease_specialty.json'
2025-09-05 21:45:10,078 - INFO - Use pytorch device_name: cpu
2025-09-05 21:45:10,078 - INFO - Load pretrained SentenceTransformer: paraphrase-multilingual-MiniLM-L12-v2
2025-09-05 21:45:10,078 - DEBUG - Starting new HTTPS connection (1): huggingface.co:443
2025-09-05 21:45:10,838 - DEBUG - https://huggingface.co:443 "HEAD /sentence-transformers/paraphrase-multilingual-MiniLM-L12-v2/resolve/main/modules.json HTTP/1.1" 307 0
2025-09-05 21:45:10,952 - DEBUG - https://huggingface.co:443 "HEAD /api/resolve-cache/models/sentence-transformers/paraphrase-multilingual-MiniLM-L12-v2/86741b4e3f5cb7765a600d3a3d55a0f6a6cb443d/modules.json HTTP/1.1" 200 0
2025-09-05 21:45:11,261 - DEBUG - https://huggingface.co:443 "HEAD /sentence-transformers/paraphrase-multilingual-MiniLM-L12-v2/resolve/main/config_sentence_transformers.json HTTP/1.1" 307 0
2025-09-05 21:45:11,326 - DEBUG - https://huggingface.co:443 "HEAD /api/resolve-cache/models/sentence-transformers/paraphrase-multilingual-MiniLM-L12-v2/86741b4e3f5cb7765a600d3a3d55a0f6a6cb443d/config_sentence_transformers.json HTTP/1.1" 200 0
2025-09-05 21:45:11,667 - DEBUG - https://huggingface.co:443 "HEAD /sentence-transformers/paraphrase-multilingual-MiniLM-L12-v2/resolve/main/config_sentence_transformers.json HTTP/1.1" 307 0
2025-09-05 21:45:11,765 - DEBUG - https://huggingface.co:443 "HEAD /api/resolve-cache/models/sentence-transformers/paraphrase-multilingual-MiniLM-L12-v2/86741b4e3f5cb7765a600d3a3d55a0f6a6cb443d/config_sentence_transformers.json HTTP/1.1" 200 0
2025-09-05 21:45:12,110 - DEBUG - https://huggingface.co:443 "HEAD /sentence-transformers/paraphrase-multilingual-MiniLM-L12-v2/resolve/main/README.md HTTP/1.1" 307 0
2025-09-05 21:45:12,176 - DEBUG - https://huggingface.co:443 "HEAD /api/resolve-cache/models/sentence-transformers/paraphrase-multilingual-MiniLM-L12-v2/86741b4e3f5cb7765a600d3a3d55a0f6a6cb443d/README.md HTTP/1.1" 200 0
2025-09-05 21:45:12,488 - DEBUG - https://huggingface.co:443 "HEAD /sentence-transformers/paraphrase-multilingual-MiniLM-L12-v2/resolve/main/modules.json HTTP/1.1" 307 0
2025-09-05 21:45:12,601 - DEBUG - https://huggingface.co:443 "HEAD /api/resolve-cache/models/sentence-transformers/paraphrase-multilingual-MiniLM-L12-v2/86741b4e3f5cb7765a600d3a3d55a0f6a6cb443d/modules.json HTTP/1.1" 200 0
2025-09-05 21:45:12,913 - DEBUG - https://huggingface.co:443 "HEAD /sentence-transformers/paraphrase-multilingual-MiniLM-L12-v2/resolve/main/sentence_bert_config.json HTTP/1.1" 307 0
2025-09-05 21:45:13,103 - DEBUG - https://huggingface.co:443 "HEAD /api/resolve-cache/models/sentence-transformers/paraphrase-multilingual-MiniLM-L12-v2/86741b4e3f5cb7765a600d3a3d55a0f6a6cb443d/sentence_bert_config.json HTTP/1.1" 200 0
2025-09-05 21:45:13,471 - DEBUG - https://huggingface.co:443 "HEAD /sentence-transformers/paraphrase-multilingual-MiniLM-L12-v2/resolve/main/adapter_config.json HTTP/1.1" 404 0
2025-09-05 21:45:13,765 - DEBUG - https://huggingface.co:443 "HEAD /sentence-transformers/paraphrase-multilingual-MiniLM-L12-v2/resolve/main/config.json HTTP/1.1" 307 0
2025-09-05 21:45:13,844 - DEBUG - https://huggingface.co:443 "HEAD /api/resolve-cache/models/sentence-transformers/paraphrase-multilingual-MiniLM-L12-v2/86741b4e3f5cb7765a600d3a3d55a0f6a6cb443d/config.json HTTP/1.1" 200 0
2025-09-05 21:45:14,241 - DEBUG - https://huggingface.co:443 "HEAD /sentence-transformers/paraphrase-multilingual-MiniLM-L12-v2/resolve/main/tokenizer_config.json HTTP/1.1" 307 0
2025-09-05 21:45:14,304 - DEBUG - https://huggingface.co:443 "HEAD /api/resolve-cache/models/sentence-transformers/paraphrase-multilingual-MiniLM-L12-v2/86741b4e3f5cb7765a600d3a3d55a0f6a6cb443d/tokenizer_config.json HTTP/1.1" 200 0
2025-09-05 21:45:14,656 - DEBUG - https://huggingface.co:443 "GET /api/models/sentence-transformers/paraphrase-multilingual-MiniLM-L12-v2/tree/main/additional_chat_templates?recursive=False&expand=False HTTP/1.1" 404 64
2025-09-05 21:45:15,627 - DEBUG - https://huggingface.co:443 "HEAD /sentence-transformers/paraphrase-multilingual-MiniLM-L12-v2/resolve/main/1_Pooling/config.json HTTP/1.1" 307 0
2025-09-05 21:45:15,695 - DEBUG - https://huggingface.co:443 "HEAD /api/resolve-cache/models/sentence-transformers/paraphrase-multilingual-MiniLM-L12-v2/86741b4e3f5cb7765a600d3a3d55a0f6a6cb443d/1_Pooling%2Fconfig.json HTTP/1.1" 200 0
2025-09-05 21:45:16,002 - DEBUG - https://huggingface.co:443 "GET /api/models/sentence-transformers/paraphrase-multilingual-MiniLM-L12-v2 HTTP/1.1" 200 6134
2025-09-05 21:45:16,002 - DEBUG - Đã load model embedding: paraphrase-multilingual-MiniLM-L12-v2
2025-09-05 21:45:16,002 - DEBUG - Đang đọc file disease_specialty.json
2025-09-05 21:45:16,018 - ERROR - Không tìm thấy file dữ liệu: [Errno 2] No such file or directory: '\\mnt\\data\\disease_specialty.json'
2025-09-05 22:18:10,031 - INFO - Use pytorch device_name: cpu
2025-09-05 22:18:10,031 - INFO - Load pretrained SentenceTransformer: paraphrase-multilingual-MiniLM-L12-v2
2025-09-05 22:18:10,038 - DEBUG - Starting new HTTPS connection (1): huggingface.co:443
2025-09-05 22:18:10,745 - DEBUG - https://huggingface.co:443 "HEAD /sentence-transformers/paraphrase-multilingual-MiniLM-L12-v2/resolve/main/modules.json HTTP/1.1" 307 0
2025-09-05 22:18:10,891 - DEBUG - https://huggingface.co:443 "HEAD /api/resolve-cache/models/sentence-transformers/paraphrase-multilingual-MiniLM-L12-v2/86741b4e3f5cb7765a600d3a3d55a0f6a6cb443d/modules.json HTTP/1.1" 200 0
2025-09-05 22:18:11,279 - DEBUG - https://huggingface.co:443 "HEAD /sentence-transformers/paraphrase-multilingual-MiniLM-L12-v2/resolve/main/config_sentence_transformers.json HTTP/1.1" 307 0
2025-09-05 22:18:11,408 - DEBUG - https://huggingface.co:443 "HEAD /api/resolve-cache/models/sentence-transformers/paraphrase-multilingual-MiniLM-L12-v2/86741b4e3f5cb7765a600d3a3d55a0f6a6cb443d/config_sentence_transformers.json HTTP/1.1" 200 0
2025-09-05 22:18:11,715 - DEBUG - https://huggingface.co:443 "HEAD /sentence-transformers/paraphrase-multilingual-MiniLM-L12-v2/resolve/main/config_sentence_transformers.json HTTP/1.1" 307 0
2025-09-05 22:18:11,881 - DEBUG - https://huggingface.co:443 "HEAD /api/resolve-cache/models/sentence-transformers/paraphrase-multilingual-MiniLM-L12-v2/86741b4e3f5cb7765a600d3a3d55a0f6a6cb443d/config_sentence_transformers.json HTTP/1.1" 200 0
2025-09-05 22:18:12,311 - DEBUG - https://huggingface.co:443 "HEAD /sentence-transformers/paraphrase-multilingual-MiniLM-L12-v2/resolve/main/README.md HTTP/1.1" 307 0
2025-09-05 22:18:12,390 - DEBUG - https://huggingface.co:443 "HEAD /api/resolve-cache/models/sentence-transformers/paraphrase-multilingual-MiniLM-L12-v2/86741b4e3f5cb7765a600d3a3d55a0f6a6cb443d/README.md HTTP/1.1" 200 0
2025-09-05 22:18:12,680 - DEBUG - https://huggingface.co:443 "HEAD /sentence-transformers/paraphrase-multilingual-MiniLM-L12-v2/resolve/main/modules.json HTTP/1.1" 307 0
2025-09-05 22:18:12,744 - DEBUG - https://huggingface.co:443 "HEAD /api/resolve-cache/models/sentence-transformers/paraphrase-multilingual-MiniLM-L12-v2/86741b4e3f5cb7765a600d3a3d55a0f6a6cb443d/modules.json HTTP/1.1" 200 0
2025-09-05 22:18:13,548 - DEBUG - https://huggingface.co:443 "HEAD /sentence-transformers/paraphrase-multilingual-MiniLM-L12-v2/resolve/main/sentence_bert_config.json HTTP/1.1" 307 0
2025-09-05 22:18:13,612 - DEBUG - https://huggingface.co:443 "HEAD /api/resolve-cache/models/sentence-transformers/paraphrase-multilingual-MiniLM-L12-v2/86741b4e3f5cb7765a600d3a3d55a0f6a6cb443d/sentence_bert_config.json HTTP/1.1" 200 0
2025-09-05 22:18:13,952 - DEBUG - https://huggingface.co:443 "HEAD /sentence-transformers/paraphrase-multilingual-MiniLM-L12-v2/resolve/main/adapter_config.json HTTP/1.1" 404 0
2025-09-05 22:18:14,270 - DEBUG - https://huggingface.co:443 "HEAD /sentence-transformers/paraphrase-multilingual-MiniLM-L12-v2/resolve/main/config.json HTTP/1.1" 307 0
2025-09-05 22:18:14,333 - DEBUG - https://huggingface.co:443 "HEAD /api/resolve-cache/models/sentence-transformers/paraphrase-multilingual-MiniLM-L12-v2/86741b4e3f5cb7765a600d3a3d55a0f6a6cb443d/config.json HTTP/1.1" 200 0
2025-09-05 22:18:14,756 - DEBUG - https://huggingface.co:443 "HEAD /sentence-transformers/paraphrase-multilingual-MiniLM-L12-v2/resolve/main/tokenizer_config.json HTTP/1.1" 307 0
2025-09-05 22:18:14,846 - DEBUG - https://huggingface.co:443 "HEAD /api/resolve-cache/models/sentence-transformers/paraphrase-multilingual-MiniLM-L12-v2/86741b4e3f5cb7765a600d3a3d55a0f6a6cb443d/tokenizer_config.json HTTP/1.1" 200 0
2025-09-05 22:18:15,155 - DEBUG - https://huggingface.co:443 "GET /api/models/sentence-transformers/paraphrase-multilingual-MiniLM-L12-v2/tree/main/additional_chat_templates?recursive=False&expand=False HTTP/1.1" 404 64
2025-09-05 22:18:16,218 - DEBUG - https://huggingface.co:443 "HEAD /sentence-transformers/paraphrase-multilingual-MiniLM-L12-v2/resolve/main/1_Pooling/config.json HTTP/1.1" 307 0
2025-09-05 22:18:16,348 - DEBUG - https://huggingface.co:443 "HEAD /api/resolve-cache/models/sentence-transformers/paraphrase-multilingual-MiniLM-L12-v2/86741b4e3f5cb7765a600d3a3d55a0f6a6cb443d/1_Pooling%2Fconfig.json HTTP/1.1" 200 0
2025-09-05 22:18:16,771 - DEBUG - https://huggingface.co:443 "GET /api/models/sentence-transformers/paraphrase-multilingual-MiniLM-L12-v2 HTTP/1.1" 200 6134
2025-09-05 22:18:16,784 - DEBUG - Đã load model embedding: paraphrase-multilingual-MiniLM-L12-v2
2025-09-05 22:18:16,784 - DEBUG - Đang đọc file disease_specialty.json
2025-09-05 22:18:16,784 - DEBUG - Đang đọc file specialty_package.json
2025-09-05 22:18:16,788 - DEBUG - Đang đọc file package_cost.json
2025-09-05 22:18:16,788 - DEBUG - Hợp nhất các biến thể bệnh
2025-09-05 22:18:16,788 - DEBUG - Đã tạo index: 65 bệnh, 5 chuyên khoa, 10 gói
2025-09-05 22:18:16,788 - DEBUG - Khởi tạo Gemini client với model gemini-1.5-pro
2025-09-05 22:18:16,788 - INFO - Use pytorch device_name: cpu
2025-09-05 22:18:16,788 - INFO - Load pretrained SentenceTransformer: paraphrase-multilingual-MiniLM-L12-v2
2025-09-05 22:18:17,151 - DEBUG - https://huggingface.co:443 "HEAD /sentence-transformers/paraphrase-multilingual-MiniLM-L12-v2/resolve/main/modules.json HTTP/1.1" 307 0
2025-09-05 22:18:17,231 - DEBUG - https://huggingface.co:443 "HEAD /api/resolve-cache/models/sentence-transformers/paraphrase-multilingual-MiniLM-L12-v2/86741b4e3f5cb7765a600d3a3d55a0f6a6cb443d/modules.json HTTP/1.1" 200 0
2025-09-05 22:18:17,651 - DEBUG - https://huggingface.co:443 "HEAD /sentence-transformers/paraphrase-multilingual-MiniLM-L12-v2/resolve/main/config_sentence_transformers.json HTTP/1.1" 307 0
2025-09-05 22:18:17,716 - DEBUG - https://huggingface.co:443 "HEAD /api/resolve-cache/models/sentence-transformers/paraphrase-multilingual-MiniLM-L12-v2/86741b4e3f5cb7765a600d3a3d55a0f6a6cb443d/config_sentence_transformers.json HTTP/1.1" 200 0
2025-09-05 22:18:18,069 - DEBUG - https://huggingface.co:443 "HEAD /sentence-transformers/paraphrase-multilingual-MiniLM-L12-v2/resolve/main/config_sentence_transformers.json HTTP/1.1" 307 0
2025-09-05 22:18:18,131 - DEBUG - https://huggingface.co:443 "HEAD /api/resolve-cache/models/sentence-transformers/paraphrase-multilingual-MiniLM-L12-v2/86741b4e3f5cb7765a600d3a3d55a0f6a6cb443d/config_sentence_transformers.json HTTP/1.1" 200 0
2025-09-05 22:18:18,464 - DEBUG - https://huggingface.co:443 "HEAD /sentence-transformers/paraphrase-multilingual-MiniLM-L12-v2/resolve/main/README.md HTTP/1.1" 307 0
2025-09-05 22:18:18,531 - DEBUG - https://huggingface.co:443 "HEAD /api/resolve-cache/models/sentence-transformers/paraphrase-multilingual-MiniLM-L12-v2/86741b4e3f5cb7765a600d3a3d55a0f6a6cb443d/README.md HTTP/1.1" 200 0
2025-09-05 22:18:18,844 - DEBUG - https://huggingface.co:443 "HEAD /sentence-transformers/paraphrase-multilingual-MiniLM-L12-v2/resolve/main/modules.json HTTP/1.1" 307 0
2025-09-05 22:18:18,908 - DEBUG - https://huggingface.co:443 "HEAD /api/resolve-cache/models/sentence-transformers/paraphrase-multilingual-MiniLM-L12-v2/86741b4e3f5cb7765a600d3a3d55a0f6a6cb443d/modules.json HTTP/1.1" 200 0
2025-09-05 22:18:19,210 - DEBUG - https://huggingface.co:443 "HEAD /sentence-transformers/paraphrase-multilingual-MiniLM-L12-v2/resolve/main/sentence_bert_config.json HTTP/1.1" 307 0
2025-09-05 22:18:19,275 - DEBUG - https://huggingface.co:443 "HEAD /api/resolve-cache/models/sentence-transformers/paraphrase-multilingual-MiniLM-L12-v2/86741b4e3f5cb7765a600d3a3d55a0f6a6cb443d/sentence_bert_config.json HTTP/1.1" 200 0
2025-09-05 22:18:19,594 - DEBUG - https://huggingface.co:443 "HEAD /sentence-transformers/paraphrase-multilingual-MiniLM-L12-v2/resolve/main/adapter_config.json HTTP/1.1" 404 0
2025-09-05 22:18:19,908 - DEBUG - https://huggingface.co:443 "HEAD /sentence-transformers/paraphrase-multilingual-MiniLM-L12-v2/resolve/main/config.json HTTP/1.1" 307 0
2025-09-05 22:18:20,091 - DEBUG - https://huggingface.co:443 "HEAD /api/resolve-cache/models/sentence-transformers/paraphrase-multilingual-MiniLM-L12-v2/86741b4e3f5cb7765a600d3a3d55a0f6a6cb443d/config.json HTTP/1.1" 200 0
2025-09-05 22:18:20,480 - DEBUG - https://huggingface.co:443 "HEAD /sentence-transformers/paraphrase-multilingual-MiniLM-L12-v2/resolve/main/tokenizer_config.json HTTP/1.1" 307 0
2025-09-05 22:18:20,559 - DEBUG - https://huggingface.co:443 "HEAD /api/resolve-cache/models/sentence-transformers/paraphrase-multilingual-MiniLM-L12-v2/86741b4e3f5cb7765a600d3a3d55a0f6a6cb443d/tokenizer_config.json HTTP/1.1" 200 0
2025-09-05 22:18:20,998 - DEBUG - https://huggingface.co:443 "GET /api/models/sentence-transformers/paraphrase-multilingual-MiniLM-L12-v2/tree/main/additional_chat_templates?recursive=False&expand=False HTTP/1.1" 404 64
2025-09-05 22:18:22,053 - DEBUG - https://huggingface.co:443 "HEAD /sentence-transformers/paraphrase-multilingual-MiniLM-L12-v2/resolve/main/1_Pooling/config.json HTTP/1.1" 307 0
2025-09-05 22:18:22,290 - DEBUG - https://huggingface.co:443 "HEAD /api/resolve-cache/models/sentence-transformers/paraphrase-multilingual-MiniLM-L12-v2/86741b4e3f5cb7765a600d3a3d55a0f6a6cb443d/1_Pooling%2Fconfig.json HTTP/1.1" 200 0
2025-09-05 22:18:22,690 - DEBUG - https://huggingface.co:443 "GET /api/models/sentence-transformers/paraphrase-multilingual-MiniLM-L12-v2 HTTP/1.1" 200 6134
2025-09-05 22:18:22,700 - DEBUG - Đã load model embedding: paraphrase-multilingual-MiniLM-L12-v2
2025-09-05 22:18:22,700 - DEBUG - Đang đọc file disease_specialty.json
2025-09-05 22:18:22,700 - ERROR - Không tìm thấy file dữ liệu: [Errno 2] No such file or directory: '\\mnt\\data\\disease_specialty.json'
2025-09-05 22:32:44,856 - INFO - Use pytorch device_name: cpu
2025-09-05 22:32:44,856 - INFO - Load pretrained SentenceTransformer: paraphrase-multilingual-MiniLM-L12-v2
2025-09-05 22:32:44,856 - DEBUG - Starting new HTTPS connection (1): huggingface.co:443
2025-09-05 22:32:46,125 - DEBUG - https://huggingface.co:443 "HEAD /sentence-transformers/paraphrase-multilingual-MiniLM-L12-v2/resolve/main/modules.json HTTP/1.1" 307 0
2025-09-05 22:32:46,288 - DEBUG - https://huggingface.co:443 "HEAD /api/resolve-cache/models/sentence-transformers/paraphrase-multilingual-MiniLM-L12-v2/86741b4e3f5cb7765a600d3a3d55a0f6a6cb443d/modules.json HTTP/1.1" 200 0
2025-09-05 22:32:46,613 - DEBUG - https://huggingface.co:443 "HEAD /sentence-transformers/paraphrase-multilingual-MiniLM-L12-v2/resolve/main/config_sentence_transformers.json HTTP/1.1" 307 0
2025-09-05 22:32:46,675 - DEBUG - https://huggingface.co:443 "HEAD /api/resolve-cache/models/sentence-transformers/paraphrase-multilingual-MiniLM-L12-v2/86741b4e3f5cb7765a600d3a3d55a0f6a6cb443d/config_sentence_transformers.json HTTP/1.1" 200 0
2025-09-05 22:32:47,049 - DEBUG - https://huggingface.co:443 "HEAD /sentence-transformers/paraphrase-multilingual-MiniLM-L12-v2/resolve/main/config_sentence_transformers.json HTTP/1.1" 307 0
2025-09-05 22:32:47,114 - DEBUG - https://huggingface.co:443 "HEAD /api/resolve-cache/models/sentence-transformers/paraphrase-multilingual-MiniLM-L12-v2/86741b4e3f5cb7765a600d3a3d55a0f6a6cb443d/config_sentence_transformers.json HTTP/1.1" 200 0
2025-09-05 22:32:47,455 - DEBUG - https://huggingface.co:443 "HEAD /sentence-transformers/paraphrase-multilingual-MiniLM-L12-v2/resolve/main/README.md HTTP/1.1" 307 0
2025-09-05 22:32:47,537 - DEBUG - https://huggingface.co:443 "HEAD /api/resolve-cache/models/sentence-transformers/paraphrase-multilingual-MiniLM-L12-v2/86741b4e3f5cb7765a600d3a3d55a0f6a6cb443d/README.md HTTP/1.1" 200 0
2025-09-05 22:32:47,881 - DEBUG - https://huggingface.co:443 "HEAD /sentence-transformers/paraphrase-multilingual-MiniLM-L12-v2/resolve/main/modules.json HTTP/1.1" 307 0
2025-09-05 22:32:47,941 - DEBUG - https://huggingface.co:443 "HEAD /api/resolve-cache/models/sentence-transformers/paraphrase-multilingual-MiniLM-L12-v2/86741b4e3f5cb7765a600d3a3d55a0f6a6cb443d/modules.json HTTP/1.1" 200 0
2025-09-05 22:32:48,381 - DEBUG - https://huggingface.co:443 "HEAD /sentence-transformers/paraphrase-multilingual-MiniLM-L12-v2/resolve/main/sentence_bert_config.json HTTP/1.1" 307 0
2025-09-05 22:32:48,447 - DEBUG - https://huggingface.co:443 "HEAD /api/resolve-cache/models/sentence-transformers/paraphrase-multilingual-MiniLM-L12-v2/86741b4e3f5cb7765a600d3a3d55a0f6a6cb443d/sentence_bert_config.json HTTP/1.1" 200 0
2025-09-05 22:32:48,884 - DEBUG - https://huggingface.co:443 "HEAD /sentence-transformers/paraphrase-multilingual-MiniLM-L12-v2/resolve/main/adapter_config.json HTTP/1.1" 404 0
2025-09-05 22:32:49,274 - DEBUG - https://huggingface.co:443 "HEAD /sentence-transformers/paraphrase-multilingual-MiniLM-L12-v2/resolve/main/config.json HTTP/1.1" 307 0
2025-09-05 22:32:49,326 - DEBUG - https://huggingface.co:443 "HEAD /api/resolve-cache/models/sentence-transformers/paraphrase-multilingual-MiniLM-L12-v2/86741b4e3f5cb7765a600d3a3d55a0f6a6cb443d/config.json HTTP/1.1" 200 0
2025-09-05 22:32:49,758 - DEBUG - https://huggingface.co:443 "HEAD /sentence-transformers/paraphrase-multilingual-MiniLM-L12-v2/resolve/main/tokenizer_config.json HTTP/1.1" 307 0
2025-09-05 22:32:49,807 - DEBUG - https://huggingface.co:443 "HEAD /api/resolve-cache/models/sentence-transformers/paraphrase-multilingual-MiniLM-L12-v2/86741b4e3f5cb7765a600d3a3d55a0f6a6cb443d/tokenizer_config.json HTTP/1.1" 200 0
2025-09-05 22:32:50,116 - DEBUG - https://huggingface.co:443 "GET /api/models/sentence-transformers/paraphrase-multilingual-MiniLM-L12-v2/tree/main/additional_chat_templates?recursive=False&expand=False HTTP/1.1" 404 64
2025-09-05 22:32:51,073 - DEBUG - https://huggingface.co:443 "HEAD /sentence-transformers/paraphrase-multilingual-MiniLM-L12-v2/resolve/main/1_Pooling/config.json HTTP/1.1" 307 0
2025-09-05 22:32:51,171 - DEBUG - https://huggingface.co:443 "HEAD /api/resolve-cache/models/sentence-transformers/paraphrase-multilingual-MiniLM-L12-v2/86741b4e3f5cb7765a600d3a3d55a0f6a6cb443d/1_Pooling%2Fconfig.json HTTP/1.1" 200 0
2025-09-05 22:32:51,478 - DEBUG - https://huggingface.co:443 "GET /api/models/sentence-transformers/paraphrase-multilingual-MiniLM-L12-v2 HTTP/1.1" 200 6134
2025-09-05 22:32:51,478 - DEBUG - Đã load model embedding: paraphrase-multilingual-MiniLM-L12-v2
2025-09-05 22:32:51,478 - DEBUG - Đang đọc file disease_specialty.json
2025-09-05 22:32:51,478 - DEBUG - Đang đọc file specialty_package.json
2025-09-05 22:32:51,478 - DEBUG - Đang đọc file package_cost.json
2025-09-05 22:32:51,478 - DEBUG - Hợp nhất các biến thể bệnh
2025-09-05 22:32:51,478 - DEBUG - Đã tạo index: 65 bệnh, 5 chuyên khoa, 10 gói
2025-09-05 22:37:27,756 - INFO - Use pytorch device_name: cpu
2025-09-05 22:37:27,756 - INFO - Load pretrained SentenceTransformer: paraphrase-multilingual-MiniLM-L12-v2
2025-09-05 22:37:27,756 - DEBUG - Starting new HTTPS connection (1): huggingface.co:443
2025-09-05 22:37:28,350 - DEBUG - https://huggingface.co:443 "HEAD /sentence-transformers/paraphrase-multilingual-MiniLM-L12-v2/resolve/main/modules.json HTTP/1.1" 307 0
2025-09-05 22:37:28,415 - DEBUG - https://huggingface.co:443 "HEAD /api/resolve-cache/models/sentence-transformers/paraphrase-multilingual-MiniLM-L12-v2/86741b4e3f5cb7765a600d3a3d55a0f6a6cb443d/modules.json HTTP/1.1" 200 0
2025-09-05 22:37:28,722 - DEBUG - https://huggingface.co:443 "HEAD /sentence-transformers/paraphrase-multilingual-MiniLM-L12-v2/resolve/main/config_sentence_transformers.json HTTP/1.1" 307 0
2025-09-05 22:37:28,773 - DEBUG - https://huggingface.co:443 "HEAD /api/resolve-cache/models/sentence-transformers/paraphrase-multilingual-MiniLM-L12-v2/86741b4e3f5cb7765a600d3a3d55a0f6a6cb443d/config_sentence_transformers.json HTTP/1.1" 200 0
2025-09-05 22:37:29,128 - DEBUG - https://huggingface.co:443 "HEAD /sentence-transformers/paraphrase-multilingual-MiniLM-L12-v2/resolve/main/config_sentence_transformers.json HTTP/1.1" 307 0
2025-09-05 22:37:29,352 - DEBUG - https://huggingface.co:443 "HEAD /api/resolve-cache/models/sentence-transformers/paraphrase-multilingual-MiniLM-L12-v2/86741b4e3f5cb7765a600d3a3d55a0f6a6cb443d/config_sentence_transformers.json HTTP/1.1" 200 0
2025-09-05 22:37:29,656 - DEBUG - https://huggingface.co:443 "HEAD /sentence-transformers/paraphrase-multilingual-MiniLM-L12-v2/resolve/main/README.md HTTP/1.1" 307 0
2025-09-05 22:37:29,721 - DEBUG - https://huggingface.co:443 "HEAD /api/resolve-cache/models/sentence-transformers/paraphrase-multilingual-MiniLM-L12-v2/86741b4e3f5cb7765a600d3a3d55a0f6a6cb443d/README.md HTTP/1.1" 200 0
2025-09-05 22:37:30,025 - DEBUG - https://huggingface.co:443 "HEAD /sentence-transformers/paraphrase-multilingual-MiniLM-L12-v2/resolve/main/modules.json HTTP/1.1" 307 0
2025-09-05 22:37:30,089 - DEBUG - https://huggingface.co:443 "HEAD /api/resolve-cache/models/sentence-transformers/paraphrase-multilingual-MiniLM-L12-v2/86741b4e3f5cb7765a600d3a3d55a0f6a6cb443d/modules.json HTTP/1.1" 200 0
2025-09-05 22:37:30,461 - DEBUG - https://huggingface.co:443 "HEAD /sentence-transformers/paraphrase-multilingual-MiniLM-L12-v2/resolve/main/sentence_bert_config.json HTTP/1.1" 307 0
2025-09-05 22:37:30,526 - DEBUG - https://huggingface.co:443 "HEAD /api/resolve-cache/models/sentence-transformers/paraphrase-multilingual-MiniLM-L12-v2/86741b4e3f5cb7765a600d3a3d55a0f6a6cb443d/sentence_bert_config.json HTTP/1.1" 200 0
2025-09-05 22:37:30,834 - DEBUG - https://huggingface.co:443 "HEAD /sentence-transformers/paraphrase-multilingual-MiniLM-L12-v2/resolve/main/adapter_config.json HTTP/1.1" 404 0
2025-09-05 22:37:31,240 - DEBUG - https://huggingface.co:443 "HEAD /sentence-transformers/paraphrase-multilingual-MiniLM-L12-v2/resolve/main/config.json HTTP/1.1" 307 0
2025-09-05 22:37:31,318 - DEBUG - https://huggingface.co:443 "HEAD /api/resolve-cache/models/sentence-transformers/paraphrase-multilingual-MiniLM-L12-v2/86741b4e3f5cb7765a600d3a3d55a0f6a6cb443d/config.json HTTP/1.1" 200 0
2025-09-05 22:37:31,766 - DEBUG - https://huggingface.co:443 "HEAD /sentence-transformers/paraphrase-multilingual-MiniLM-L12-v2/resolve/main/tokenizer_config.json HTTP/1.1" 307 0
2025-09-05 22:37:31,845 - DEBUG - https://huggingface.co:443 "HEAD /api/resolve-cache/models/sentence-transformers/paraphrase-multilingual-MiniLM-L12-v2/86741b4e3f5cb7765a600d3a3d55a0f6a6cb443d/tokenizer_config.json HTTP/1.1" 200 0
2025-09-05 22:37:32,202 - DEBUG - https://huggingface.co:443 "GET /api/models/sentence-transformers/paraphrase-multilingual-MiniLM-L12-v2/tree/main/additional_chat_templates?recursive=False&expand=False HTTP/1.1" 404 64
2025-09-05 22:37:33,320 - DEBUG - https://huggingface.co:443 "HEAD /sentence-transformers/paraphrase-multilingual-MiniLM-L12-v2/resolve/main/1_Pooling/config.json HTTP/1.1" 307 0
2025-09-05 22:37:33,388 - DEBUG - https://huggingface.co:443 "HEAD /api/resolve-cache/models/sentence-transformers/paraphrase-multilingual-MiniLM-L12-v2/86741b4e3f5cb7765a600d3a3d55a0f6a6cb443d/1_Pooling%2Fconfig.json HTTP/1.1" 200 0
2025-09-05 22:37:33,725 - DEBUG - https://huggingface.co:443 "GET /api/models/sentence-transformers/paraphrase-multilingual-MiniLM-L12-v2 HTTP/1.1" 200 6134
2025-09-05 22:37:33,741 - DEBUG - Đã load model embedding: paraphrase-multilingual-MiniLM-L12-v2
2025-09-05 22:37:33,741 - DEBUG - Đang đọc file disease_specialty.json
2025-09-05 22:37:33,741 - DEBUG - Đang đọc file specialty_package.json
2025-09-05 22:37:33,741 - DEBUG - Đang đọc file package_cost.json
2025-09-05 22:37:33,741 - DEBUG - Hợp nhất các biến thể bệnh
2025-09-05 22:37:33,741 - DEBUG - Đã tạo index: 65 bệnh, 5 chuyên khoa, 10 gói
2025-09-05 22:42:27,822 - INFO - Use pytorch device_name: cpu
2025-09-05 22:42:27,822 - INFO - Load pretrained SentenceTransformer: paraphrase-multilingual-MiniLM-L12-v2
2025-09-05 22:42:27,822 - DEBUG - Starting new HTTPS connection (1): huggingface.co:443
2025-09-05 22:42:28,528 - DEBUG - https://huggingface.co:443 "HEAD /sentence-transformers/paraphrase-multilingual-MiniLM-L12-v2/resolve/main/modules.json HTTP/1.1" 307 0
2025-09-05 22:42:28,657 - DEBUG - https://huggingface.co:443 "HEAD /api/resolve-cache/models/sentence-transformers/paraphrase-multilingual-MiniLM-L12-v2/86741b4e3f5cb7765a600d3a3d55a0f6a6cb443d/modules.json HTTP/1.1" 200 0
2025-09-05 22:42:28,965 - DEBUG - https://huggingface.co:443 "HEAD /sentence-transformers/paraphrase-multilingual-MiniLM-L12-v2/resolve/main/config_sentence_transformers.json HTTP/1.1" 307 0
2025-09-05 22:42:29,062 - DEBUG - https://huggingface.co:443 "HEAD /api/resolve-cache/models/sentence-transformers/paraphrase-multilingual-MiniLM-L12-v2/86741b4e3f5cb7765a600d3a3d55a0f6a6cb443d/config_sentence_transformers.json HTTP/1.1" 200 0
2025-09-05 22:42:29,402 - DEBUG - https://huggingface.co:443 "HEAD /sentence-transformers/paraphrase-multilingual-MiniLM-L12-v2/resolve/main/config_sentence_transformers.json HTTP/1.1" 307 0
2025-09-05 22:42:29,450 - DEBUG - https://huggingface.co:443 "HEAD /api/resolve-cache/models/sentence-transformers/paraphrase-multilingual-MiniLM-L12-v2/86741b4e3f5cb7765a600d3a3d55a0f6a6cb443d/config_sentence_transformers.json HTTP/1.1" 200 0
2025-09-05 22:42:29,806 - DEBUG - https://huggingface.co:443 "HEAD /sentence-transformers/paraphrase-multilingual-MiniLM-L12-v2/resolve/main/README.md HTTP/1.1" 307 0
2025-09-05 22:42:29,870 - DEBUG - https://huggingface.co:443 "HEAD /api/resolve-cache/models/sentence-transformers/paraphrase-multilingual-MiniLM-L12-v2/86741b4e3f5cb7765a600d3a3d55a0f6a6cb443d/README.md HTTP/1.1" 200 0
2025-09-05 22:42:30,290 - DEBUG - https://huggingface.co:443 "HEAD /sentence-transformers/paraphrase-multilingual-MiniLM-L12-v2/resolve/main/modules.json HTTP/1.1" 307 0
2025-09-05 22:42:30,358 - DEBUG - https://huggingface.co:443 "HEAD /api/resolve-cache/models/sentence-transformers/paraphrase-multilingual-MiniLM-L12-v2/86741b4e3f5cb7765a600d3a3d55a0f6a6cb443d/modules.json HTTP/1.1" 200 0
2025-09-05 22:42:30,791 - DEBUG - https://huggingface.co:443 "HEAD /sentence-transformers/paraphrase-multilingual-MiniLM-L12-v2/resolve/main/sentence_bert_config.json HTTP/1.1" 307 0
2025-09-05 22:42:30,858 - DEBUG - https://huggingface.co:443 "HEAD /api/resolve-cache/models/sentence-transformers/paraphrase-multilingual-MiniLM-L12-v2/86741b4e3f5cb7765a600d3a3d55a0f6a6cb443d/sentence_bert_config.json HTTP/1.1" 200 0
2025-09-05 22:42:31,359 - DEBUG - https://huggingface.co:443 "HEAD /sentence-transformers/paraphrase-multilingual-MiniLM-L12-v2/resolve/main/adapter_config.json HTTP/1.1" 404 0
2025-09-05 22:42:31,669 - DEBUG - https://huggingface.co:443 "HEAD /sentence-transformers/paraphrase-multilingual-MiniLM-L12-v2/resolve/main/config.json HTTP/1.1" 307 0
2025-09-05 22:42:31,740 - DEBUG - https://huggingface.co:443 "HEAD /api/resolve-cache/models/sentence-transformers/paraphrase-multilingual-MiniLM-L12-v2/86741b4e3f5cb7765a600d3a3d55a0f6a6cb443d/config.json HTTP/1.1" 200 0
2025-09-05 22:42:32,205 - DEBUG - https://huggingface.co:443 "HEAD /sentence-transformers/paraphrase-multilingual-MiniLM-L12-v2/resolve/main/tokenizer_config.json HTTP/1.1" 307 0
2025-09-05 22:42:32,282 - DEBUG - https://huggingface.co:443 "HEAD /api/resolve-cache/models/sentence-transformers/paraphrase-multilingual-MiniLM-L12-v2/86741b4e3f5cb7765a600d3a3d55a0f6a6cb443d/tokenizer_config.json HTTP/1.1" 200 0
2025-09-05 22:42:32,592 - DEBUG - https://huggingface.co:443 "GET /api/models/sentence-transformers/paraphrase-multilingual-MiniLM-L12-v2/tree/main/additional_chat_templates?recursive=False&expand=False HTTP/1.1" 404 64
2025-09-05 22:42:33,651 - DEBUG - https://huggingface.co:443 "HEAD /sentence-transformers/paraphrase-multilingual-MiniLM-L12-v2/resolve/main/1_Pooling/config.json HTTP/1.1" 307 0
2025-09-05 22:42:33,711 - DEBUG - https://huggingface.co:443 "HEAD /api/resolve-cache/models/sentence-transformers/paraphrase-multilingual-MiniLM-L12-v2/86741b4e3f5cb7765a600d3a3d55a0f6a6cb443d/1_Pooling%2Fconfig.json HTTP/1.1" 200 0
2025-09-05 22:42:34,199 - DEBUG - https://huggingface.co:443 "GET /api/models/sentence-transformers/paraphrase-multilingual-MiniLM-L12-v2 HTTP/1.1" 200 6134
2025-09-05 22:42:34,199 - DEBUG - Đã load model embedding: paraphrase-multilingual-MiniLM-L12-v2
2025-09-05 22:42:34,199 - DEBUG - Đang đọc file disease_specialty.json
2025-09-05 22:42:34,199 - DEBUG - Đang đọc file specialty_package.json
2025-09-05 22:42:34,199 - DEBUG - Đang đọc file package_cost.json
2025-09-05 22:42:34,199 - DEBUG - Hợp nhất các biến thể bệnh
2025-09-05 22:42:34,199 - DEBUG - Đã tạo index: 65 bệnh, 5 chuyên khoa, 10 gói
2025-09-05 22:43:58,566 - INFO - Use pytorch device_name: cpu
2025-09-05 22:43:58,566 - INFO - Load pretrained SentenceTransformer: paraphrase-multilingual-MiniLM-L12-v2
2025-09-05 22:43:58,566 - DEBUG - Starting new HTTPS connection (1): huggingface.co:443
2025-09-05 22:43:59,408 - DEBUG - https://huggingface.co:443 "HEAD /sentence-transformers/paraphrase-multilingual-MiniLM-L12-v2/resolve/main/modules.json HTTP/1.1" 307 0
2025-09-05 22:43:59,473 - DEBUG - https://huggingface.co:443 "HEAD /api/resolve-cache/models/sentence-transformers/paraphrase-multilingual-MiniLM-L12-v2/86741b4e3f5cb7765a600d3a3d55a0f6a6cb443d/modules.json HTTP/1.1" 200 0
2025-09-05 22:43:59,796 - DEBUG - https://huggingface.co:443 "HEAD /sentence-transformers/paraphrase-multilingual-MiniLM-L12-v2/resolve/main/config_sentence_transformers.json HTTP/1.1" 307 0
2025-09-05 22:43:59,860 - DEBUG - https://huggingface.co:443 "HEAD /api/resolve-cache/models/sentence-transformers/paraphrase-multilingual-MiniLM-L12-v2/86741b4e3f5cb7765a600d3a3d55a0f6a6cb443d/config_sentence_transformers.json HTTP/1.1" 200 0
2025-09-05 22:44:00,218 - DEBUG - https://huggingface.co:443 "HEAD /sentence-transformers/paraphrase-multilingual-MiniLM-L12-v2/resolve/main/config_sentence_transformers.json HTTP/1.1" 307 0
2025-09-05 22:44:00,282 - DEBUG - https://huggingface.co:443 "HEAD /api/resolve-cache/models/sentence-transformers/paraphrase-multilingual-MiniLM-L12-v2/86741b4e3f5cb7765a600d3a3d55a0f6a6cb443d/config_sentence_transformers.json HTTP/1.1" 200 0
2025-09-05 22:44:00,598 - DEBUG - https://huggingface.co:443 "HEAD /sentence-transformers/paraphrase-multilingual-MiniLM-L12-v2/resolve/main/README.md HTTP/1.1" 307 0
2025-09-05 22:44:00,702 - DEBUG - https://huggingface.co:443 "HEAD /api/resolve-cache/models/sentence-transformers/paraphrase-multilingual-MiniLM-L12-v2/86741b4e3f5cb7765a600d3a3d55a0f6a6cb443d/README.md HTTP/1.1" 200 0
2025-09-05 22:44:01,013 - DEBUG - https://huggingface.co:443 "HEAD /sentence-transformers/paraphrase-multilingual-MiniLM-L12-v2/resolve/main/modules.json HTTP/1.1" 307 0
2025-09-05 22:44:01,067 - DEBUG - https://huggingface.co:443 "HEAD /api/resolve-cache/models/sentence-transformers/paraphrase-multilingual-MiniLM-L12-v2/86741b4e3f5cb7765a600d3a3d55a0f6a6cb443d/modules.json HTTP/1.1" 200 0
2025-09-05 22:44:01,805 - DEBUG - https://huggingface.co:443 "HEAD /sentence-transformers/paraphrase-multilingual-MiniLM-L12-v2/resolve/main/sentence_bert_config.json HTTP/1.1" 307 0
2025-09-05 22:44:01,887 - DEBUG - https://huggingface.co:443 "HEAD /api/resolve-cache/models/sentence-transformers/paraphrase-multilingual-MiniLM-L12-v2/86741b4e3f5cb7765a600d3a3d55a0f6a6cb443d/sentence_bert_config.json HTTP/1.1" 200 0
2025-09-05 22:44:02,291 - DEBUG - https://huggingface.co:443 "HEAD /sentence-transformers/paraphrase-multilingual-MiniLM-L12-v2/resolve/main/adapter_config.json HTTP/1.1" 404 0
2025-09-05 22:44:02,615 - DEBUG - https://huggingface.co:443 "HEAD /sentence-transformers/paraphrase-multilingual-MiniLM-L12-v2/resolve/main/config.json HTTP/1.1" 307 0
2025-09-05 22:44:02,667 - DEBUG - https://huggingface.co:443 "HEAD /api/resolve-cache/models/sentence-transformers/paraphrase-multilingual-MiniLM-L12-v2/86741b4e3f5cb7765a600d3a3d55a0f6a6cb443d/config.json HTTP/1.1" 200 0
2025-09-05 22:44:03,106 - DEBUG - https://huggingface.co:443 "HEAD /sentence-transformers/paraphrase-multilingual-MiniLM-L12-v2/resolve/main/tokenizer_config.json HTTP/1.1" 307 0
2025-09-05 22:44:03,179 - DEBUG - https://huggingface.co:443 "HEAD /api/resolve-cache/models/sentence-transformers/paraphrase-multilingual-MiniLM-L12-v2/86741b4e3f5cb7765a600d3a3d55a0f6a6cb443d/tokenizer_config.json HTTP/1.1" 200 0
2025-09-05 22:44:03,503 - DEBUG - https://huggingface.co:443 "GET /api/models/sentence-transformers/paraphrase-multilingual-MiniLM-L12-v2/tree/main/additional_chat_templates?recursive=False&expand=False HTTP/1.1" 404 64
2025-09-05 22:44:04,702 - DEBUG - https://huggingface.co:443 "HEAD /sentence-transformers/paraphrase-multilingual-MiniLM-L12-v2/resolve/main/1_Pooling/config.json HTTP/1.1" 307 0
2025-09-05 22:44:05,013 - DEBUG - https://huggingface.co:443 "HEAD /api/resolve-cache/models/sentence-transformers/paraphrase-multilingual-MiniLM-L12-v2/86741b4e3f5cb7765a600d3a3d55a0f6a6cb443d/1_Pooling%2Fconfig.json HTTP/1.1" 200 0
2025-09-05 22:44:05,317 - DEBUG - https://huggingface.co:443 "GET /api/models/sentence-transformers/paraphrase-multilingual-MiniLM-L12-v2 HTTP/1.1" 200 6134
2025-09-05 22:44:05,333 - DEBUG - Đã load model embedding: paraphrase-multilingual-MiniLM-L12-v2
2025-09-05 22:44:05,333 - DEBUG - Đang đọc file disease_specialty.json
2025-09-05 22:44:05,333 - DEBUG - Đang đọc file specialty_package.json
2025-09-05 22:44:05,333 - DEBUG - Đang đọc file package_cost.json
2025-09-05 22:44:05,333 - DEBUG - Hợp nhất các biến thể bệnh
2025-09-05 22:44:05,333 - DEBUG - Đã tạo index: 65 bệnh, 5 chuyên khoa, 10 gói
2025-09-05 22:49:27,758 - INFO - Use pytorch device_name: cpu
2025-09-05 22:49:27,758 - INFO - Load pretrained SentenceTransformer: paraphrase-multilingual-MiniLM-L12-v2
2025-09-05 22:49:27,761 - DEBUG - Starting new HTTPS connection (1): huggingface.co:443
2025-09-05 22:49:28,543 - DEBUG - https://huggingface.co:443 "HEAD /sentence-transformers/paraphrase-multilingual-MiniLM-L12-v2/resolve/main/modules.json HTTP/1.1" 307 0
2025-09-05 22:49:28,618 - DEBUG - https://huggingface.co:443 "HEAD /api/resolve-cache/models/sentence-transformers/paraphrase-multilingual-MiniLM-L12-v2/86741b4e3f5cb7765a600d3a3d55a0f6a6cb443d/modules.json HTTP/1.1" 200 0
2025-09-05 22:49:29,050 - DEBUG - https://huggingface.co:443 "HEAD /sentence-transformers/paraphrase-multilingual-MiniLM-L12-v2/resolve/main/config_sentence_transformers.json HTTP/1.1" 307 0
2025-09-05 22:49:29,359 - DEBUG - https://huggingface.co:443 "HEAD /api/resolve-cache/models/sentence-transformers/paraphrase-multilingual-MiniLM-L12-v2/86741b4e3f5cb7765a600d3a3d55a0f6a6cb443d/config_sentence_transformers.json HTTP/1.1" 200 0
2025-09-05 22:49:29,809 - DEBUG - https://huggingface.co:443 "HEAD /sentence-transformers/paraphrase-multilingual-MiniLM-L12-v2/resolve/main/config_sentence_transformers.json HTTP/1.1" 307 0
2025-09-05 22:49:29,864 - DEBUG - https://huggingface.co:443 "HEAD /api/resolve-cache/models/sentence-transformers/paraphrase-multilingual-MiniLM-L12-v2/86741b4e3f5cb7765a600d3a3d55a0f6a6cb443d/config_sentence_transformers.json HTTP/1.1" 200 0
2025-09-05 22:49:30,325 - DEBUG - https://huggingface.co:443 "HEAD /sentence-transformers/paraphrase-multilingual-MiniLM-L12-v2/resolve/main/README.md HTTP/1.1" 307 0
2025-09-05 22:49:30,693 - DEBUG - https://huggingface.co:443 "HEAD /api/resolve-cache/models/sentence-transformers/paraphrase-multilingual-MiniLM-L12-v2/86741b4e3f5cb7765a600d3a3d55a0f6a6cb443d/README.md HTTP/1.1" 200 0
2025-09-05 22:49:31,079 - DEBUG - https://huggingface.co:443 "HEAD /sentence-transformers/paraphrase-multilingual-MiniLM-L12-v2/resolve/main/modules.json HTTP/1.1" 307 0
2025-09-05 22:49:31,141 - DEBUG - https://huggingface.co:443 "HEAD /api/resolve-cache/models/sentence-transformers/paraphrase-multilingual-MiniLM-L12-v2/86741b4e3f5cb7765a600d3a3d55a0f6a6cb443d/modules.json HTTP/1.1" 200 0
2025-09-05 22:49:31,461 - DEBUG - https://huggingface.co:443 "HEAD /sentence-transformers/paraphrase-multilingual-MiniLM-L12-v2/resolve/main/sentence_bert_config.json HTTP/1.1" 307 0
2025-09-05 22:49:31,522 - DEBUG - https://huggingface.co:443 "HEAD /api/resolve-cache/models/sentence-transformers/paraphrase-multilingual-MiniLM-L12-v2/86741b4e3f5cb7765a600d3a3d55a0f6a6cb443d/sentence_bert_config.json HTTP/1.1" 200 0
2025-09-05 22:49:31,882 - DEBUG - https://huggingface.co:443 "HEAD /sentence-transformers/paraphrase-multilingual-MiniLM-L12-v2/resolve/main/adapter_config.json HTTP/1.1" 404 0
2025-09-05 22:49:32,209 - DEBUG - https://huggingface.co:443 "HEAD /sentence-transformers/paraphrase-multilingual-MiniLM-L12-v2/resolve/main/config.json HTTP/1.1" 307 0
2025-09-05 22:49:32,269 - DEBUG - https://huggingface.co:443 "HEAD /api/resolve-cache/models/sentence-transformers/paraphrase-multilingual-MiniLM-L12-v2/86741b4e3f5cb7765a600d3a3d55a0f6a6cb443d/config.json HTTP/1.1" 200 0
2025-09-05 22:49:32,695 - DEBUG - https://huggingface.co:443 "HEAD /sentence-transformers/paraphrase-multilingual-MiniLM-L12-v2/resolve/main/tokenizer_config.json HTTP/1.1" 307 0
2025-09-05 22:49:32,765 - DEBUG - https://huggingface.co:443 "HEAD /api/resolve-cache/models/sentence-transformers/paraphrase-multilingual-MiniLM-L12-v2/86741b4e3f5cb7765a600d3a3d55a0f6a6cb443d/tokenizer_config.json HTTP/1.1" 200 0
2025-09-05 22:49:33,134 - DEBUG - https://huggingface.co:443 "GET /api/models/sentence-transformers/paraphrase-multilingual-MiniLM-L12-v2/tree/main/additional_chat_templates?recursive=False&expand=False HTTP/1.1" 404 64
2025-09-05 22:49:34,259 - DEBUG - https://huggingface.co:443 "HEAD /sentence-transformers/paraphrase-multilingual-MiniLM-L12-v2/resolve/main/1_Pooling/config.json HTTP/1.1" 307 0
2025-09-05 22:49:34,323 - DEBUG - https://huggingface.co:443 "HEAD /api/resolve-cache/models/sentence-transformers/paraphrase-multilingual-MiniLM-L12-v2/86741b4e3f5cb7765a600d3a3d55a0f6a6cb443d/1_Pooling%2Fconfig.json HTTP/1.1" 200 0
2025-09-05 22:49:34,779 - DEBUG - https://huggingface.co:443 "GET /api/models/sentence-transformers/paraphrase-multilingual-MiniLM-L12-v2 HTTP/1.1" 200 6134
2025-09-05 22:49:34,784 - DEBUG - Đã load model embedding: paraphrase-multilingual-MiniLM-L12-v2
2025-09-05 22:49:34,785 - DEBUG - Đang đọc file disease_specialty.json
2025-09-05 22:49:34,786 - DEBUG - Đang đọc file specialty_package.json
2025-09-05 22:49:34,786 - DEBUG - Đang đọc file package_cost.json
2025-09-05 22:49:34,786 - DEBUG - Hợp nhất các biến thể bệnh
2025-09-05 22:49:34,788 - DEBUG - Đã tạo index: 65 bệnh, 5 chuyên khoa, 10 gói
2025-09-06 05:29:10,059 - INFO - Use pytorch device_name: cpu
2025-09-06 05:29:10,059 - INFO - Load pretrained SentenceTransformer: paraphrase-multilingual-MiniLM-L12-v2
2025-09-06 05:29:10,059 - DEBUG - Starting new HTTPS connection (1): huggingface.co:443
2025-09-06 05:29:11,069 - DEBUG - https://huggingface.co:443 "HEAD /sentence-transformers/paraphrase-multilingual-MiniLM-L12-v2/resolve/main/modules.json HTTP/1.1" 307 0
2025-09-06 05:29:11,165 - DEBUG - https://huggingface.co:443 "HEAD /api/resolve-cache/models/sentence-transformers/paraphrase-multilingual-MiniLM-L12-v2/86741b4e3f5cb7765a600d3a3d55a0f6a6cb443d/modules.json HTTP/1.1" 200 0
2025-09-06 05:29:11,472 - DEBUG - https://huggingface.co:443 "HEAD /sentence-transformers/paraphrase-multilingual-MiniLM-L12-v2/resolve/main/config_sentence_transformers.json HTTP/1.1" 307 0
2025-09-06 05:29:11,547 - DEBUG - https://huggingface.co:443 "HEAD /api/resolve-cache/models/sentence-transformers/paraphrase-multilingual-MiniLM-L12-v2/86741b4e3f5cb7765a600d3a3d55a0f6a6cb443d/config_sentence_transformers.json HTTP/1.1" 200 0
2025-09-06 05:29:11,900 - DEBUG - https://huggingface.co:443 "HEAD /sentence-transformers/paraphrase-multilingual-MiniLM-L12-v2/resolve/main/config_sentence_transformers.json HTTP/1.1" 307 0
2025-09-06 05:29:11,964 - DEBUG - https://huggingface.co:443 "HEAD /api/resolve-cache/models/sentence-transformers/paraphrase-multilingual-MiniLM-L12-v2/86741b4e3f5cb7765a600d3a3d55a0f6a6cb443d/config_sentence_transformers.json HTTP/1.1" 200 0
2025-09-06 05:29:12,350 - DEBUG - https://huggingface.co:443 "HEAD /sentence-transformers/paraphrase-multilingual-MiniLM-L12-v2/resolve/main/README.md HTTP/1.1" 307 0
2025-09-06 05:29:12,413 - DEBUG - https://huggingface.co:443 "HEAD /api/resolve-cache/models/sentence-transformers/paraphrase-multilingual-MiniLM-L12-v2/86741b4e3f5cb7765a600d3a3d55a0f6a6cb443d/README.md HTTP/1.1" 200 0
2025-09-06 05:29:12,765 - DEBUG - https://huggingface.co:443 "HEAD /sentence-transformers/paraphrase-multilingual-MiniLM-L12-v2/resolve/main/modules.json HTTP/1.1" 307 0
2025-09-06 05:29:12,830 - DEBUG - https://huggingface.co:443 "HEAD /api/resolve-cache/models/sentence-transformers/paraphrase-multilingual-MiniLM-L12-v2/86741b4e3f5cb7765a600d3a3d55a0f6a6cb443d/modules.json HTTP/1.1" 200 0
2025-09-06 05:29:13,168 - DEBUG - https://huggingface.co:443 "HEAD /sentence-transformers/paraphrase-multilingual-MiniLM-L12-v2/resolve/main/sentence_bert_config.json HTTP/1.1" 307 0
2025-09-06 05:29:13,217 - DEBUG - https://huggingface.co:443 "HEAD /api/resolve-cache/models/sentence-transformers/paraphrase-multilingual-MiniLM-L12-v2/86741b4e3f5cb7765a600d3a3d55a0f6a6cb443d/sentence_bert_config.json HTTP/1.1" 200 0
2025-09-06 05:29:13,544 - DEBUG - https://huggingface.co:443 "HEAD /sentence-transformers/paraphrase-multilingual-MiniLM-L12-v2/resolve/main/adapter_config.json HTTP/1.1" 404 0
2025-09-06 05:29:14,024 - DEBUG - https://huggingface.co:443 "HEAD /sentence-transformers/paraphrase-multilingual-MiniLM-L12-v2/resolve/main/config.json HTTP/1.1" 307 0
2025-09-06 05:29:14,106 - DEBUG - https://huggingface.co:443 "HEAD /api/resolve-cache/models/sentence-transformers/paraphrase-multilingual-MiniLM-L12-v2/86741b4e3f5cb7765a600d3a3d55a0f6a6cb443d/config.json HTTP/1.1" 200 0
2025-09-06 05:29:15,059 - DEBUG - https://huggingface.co:443 "HEAD /sentence-transformers/paraphrase-multilingual-MiniLM-L12-v2/resolve/main/tokenizer_config.json HTTP/1.1" 307 0
2025-09-06 05:29:15,124 - DEBUG - https://huggingface.co:443 "HEAD /api/resolve-cache/models/sentence-transformers/paraphrase-multilingual-MiniLM-L12-v2/86741b4e3f5cb7765a600d3a3d55a0f6a6cb443d/tokenizer_config.json HTTP/1.1" 200 0
2025-09-06 05:29:15,665 - DEBUG - https://huggingface.co:443 "GET /api/models/sentence-transformers/paraphrase-multilingual-MiniLM-L12-v2/tree/main/additional_chat_templates?recursive=False&expand=False HTTP/1.1" 404 64
2025-09-06 05:29:16,774 - DEBUG - https://huggingface.co:443 "HEAD /sentence-transformers/paraphrase-multilingual-MiniLM-L12-v2/resolve/main/1_Pooling/config.json HTTP/1.1" 307 0
2025-09-06 05:29:17,016 - DEBUG - https://huggingface.co:443 "HEAD /api/resolve-cache/models/sentence-transformers/paraphrase-multilingual-MiniLM-L12-v2/86741b4e3f5cb7765a600d3a3d55a0f6a6cb443d/1_Pooling%2Fconfig.json HTTP/1.1" 200 0
2025-09-06 05:29:17,470 - DEBUG - https://huggingface.co:443 "GET /api/models/sentence-transformers/paraphrase-multilingual-MiniLM-L12-v2 HTTP/1.1" 200 6134
2025-09-06 05:29:17,470 - DEBUG - Đã load model embedding: paraphrase-multilingual-MiniLM-L12-v2
2025-09-06 05:29:17,470 - DEBUG - Đang đọc file disease_specialty.json
2025-09-06 05:29:17,470 - DEBUG - Đang đọc file specialty_package.json
2025-09-06 05:29:17,470 - DEBUG - Đang đọc file package_cost.json
2025-09-06 05:29:17,484 - DEBUG - Hợp nhất các biến thể bệnh
2025-09-06 05:29:17,484 - DEBUG - Đã tạo index: 65 bệnh, 5 chuyên khoa, 10 gói
2025-09-09 19:29:31,458 - INFO - Use pytorch device_name: cpu
2025-09-09 19:29:31,459 - INFO - Load pretrained SentenceTransformer: paraphrase-multilingual-MiniLM-L12-v2
2025-09-09 19:29:31,461 - DEBUG - Starting new HTTPS connection (1): huggingface.co:443
2025-09-09 19:29:32,383 - DEBUG - https://huggingface.co:443 "HEAD /sentence-transformers/paraphrase-multilingual-MiniLM-L12-v2/resolve/main/modules.json HTTP/1.1" 307 0
2025-09-09 19:29:32,523 - DEBUG - https://huggingface.co:443 "HEAD /api/resolve-cache/models/sentence-transformers/paraphrase-multilingual-MiniLM-L12-v2/86741b4e3f5cb7765a600d3a3d55a0f6a6cb443d/modules.json HTTP/1.1" 200 0
2025-09-09 19:29:32,979 - DEBUG - https://huggingface.co:443 "HEAD /sentence-transformers/paraphrase-multilingual-MiniLM-L12-v2/resolve/main/config_sentence_transformers.json HTTP/1.1" 307 0
2025-09-09 19:29:33,020 - DEBUG - https://huggingface.co:443 "HEAD /api/resolve-cache/models/sentence-transformers/paraphrase-multilingual-MiniLM-L12-v2/86741b4e3f5cb7765a600d3a3d55a0f6a6cb443d/config_sentence_transformers.json HTTP/1.1" 200 0
2025-09-09 19:29:33,338 - DEBUG - https://huggingface.co:443 "HEAD /sentence-transformers/paraphrase-multilingual-MiniLM-L12-v2/resolve/main/config_sentence_transformers.json HTTP/1.1" 307 0
2025-09-09 19:29:33,418 - DEBUG - https://huggingface.co:443 "HEAD /api/resolve-cache/models/sentence-transformers/paraphrase-multilingual-MiniLM-L12-v2/86741b4e3f5cb7765a600d3a3d55a0f6a6cb443d/config_sentence_transformers.json HTTP/1.1" 200 0
2025-09-09 19:29:33,736 - DEBUG - https://huggingface.co:443 "HEAD /sentence-transformers/paraphrase-multilingual-MiniLM-L12-v2/resolve/main/README.md HTTP/1.1" 307 0
2025-09-09 19:29:33,784 - DEBUG - https://huggingface.co:443 "HEAD /api/resolve-cache/models/sentence-transformers/paraphrase-multilingual-MiniLM-L12-v2/86741b4e3f5cb7765a600d3a3d55a0f6a6cb443d/README.md HTTP/1.1" 200 0
2025-09-09 19:29:34,124 - DEBUG - https://huggingface.co:443 "HEAD /sentence-transformers/paraphrase-multilingual-MiniLM-L12-v2/resolve/main/modules.json HTTP/1.1" 307 0
2025-09-09 19:29:34,167 - DEBUG - https://huggingface.co:443 "HEAD /api/resolve-cache/models/sentence-transformers/paraphrase-multilingual-MiniLM-L12-v2/86741b4e3f5cb7765a600d3a3d55a0f6a6cb443d/modules.json HTTP/1.1" 200 0
2025-09-09 19:29:34,637 - DEBUG - https://huggingface.co:443 "HEAD /sentence-transformers/paraphrase-multilingual-MiniLM-L12-v2/resolve/main/sentence_bert_config.json HTTP/1.1" 307 0
2025-09-09 19:29:34,739 - DEBUG - https://huggingface.co:443 "HEAD /api/resolve-cache/models/sentence-transformers/paraphrase-multilingual-MiniLM-L12-v2/86741b4e3f5cb7765a600d3a3d55a0f6a6cb443d/sentence_bert_config.json HTTP/1.1" 200 0
2025-09-09 19:29:35,176 - DEBUG - https://huggingface.co:443 "HEAD /sentence-transformers/paraphrase-multilingual-MiniLM-L12-v2/resolve/main/adapter_config.json HTTP/1.1" 404 0
2025-09-09 19:29:35,486 - DEBUG - https://huggingface.co:443 "HEAD /sentence-transformers/paraphrase-multilingual-MiniLM-L12-v2/resolve/main/config.json HTTP/1.1" 307 0
2025-09-09 19:29:35,530 - DEBUG - https://huggingface.co:443 "HEAD /api/resolve-cache/models/sentence-transformers/paraphrase-multilingual-MiniLM-L12-v2/86741b4e3f5cb7765a600d3a3d55a0f6a6cb443d/config.json HTTP/1.1" 200 0
2025-09-09 19:29:36,019 - DEBUG - https://huggingface.co:443 "HEAD /sentence-transformers/paraphrase-multilingual-MiniLM-L12-v2/resolve/main/tokenizer_config.json HTTP/1.1" 307 0
2025-09-09 19:29:36,058 - DEBUG - https://huggingface.co:443 "HEAD /api/resolve-cache/models/sentence-transformers/paraphrase-multilingual-MiniLM-L12-v2/86741b4e3f5cb7765a600d3a3d55a0f6a6cb443d/tokenizer_config.json HTTP/1.1" 200 0
2025-09-09 19:29:36,406 - DEBUG - https://huggingface.co:443 "GET /api/models/sentence-transformers/paraphrase-multilingual-MiniLM-L12-v2/tree/main/additional_chat_templates?recursive=False&expand=False HTTP/1.1" 404 64
2025-09-09 19:29:37,561 - DEBUG - https://huggingface.co:443 "HEAD /sentence-transformers/paraphrase-multilingual-MiniLM-L12-v2/resolve/main/1_Pooling/config.json HTTP/1.1" 307 0
2025-09-09 19:29:37,609 - DEBUG - https://huggingface.co:443 "HEAD /api/resolve-cache/models/sentence-transformers/paraphrase-multilingual-MiniLM-L12-v2/86741b4e3f5cb7765a600d3a3d55a0f6a6cb443d/1_Pooling%2Fconfig.json HTTP/1.1" 200 0
2025-09-09 19:29:37,938 - DEBUG - https://huggingface.co:443 "GET /api/models/sentence-transformers/paraphrase-multilingual-MiniLM-L12-v2 HTTP/1.1" 200 6135
2025-09-09 19:29:37,946 - DEBUG - Đã load model embedding: paraphrase-multilingual-MiniLM-L12-v2
2025-09-09 19:29:37,946 - DEBUG - Đang đọc file disease_specialty.json
2025-09-09 19:29:37,953 - DEBUG - Đang đọc file specialty_package.json
2025-09-09 19:29:37,959 - DEBUG - Đang đọc file package_cost.json
2025-09-09 19:29:37,964 - DEBUG - Hợp nhất các biến thể bệnh
2025-09-09 19:29:37,965 - DEBUG - Đã tạo index: 65 bệnh, 5 chuyên khoa, 10 gói
2025-09-09 20:27:25,827 - INFO - Use pytorch device_name: cpu
2025-09-09 20:27:25,828 - INFO - Load pretrained SentenceTransformer: paraphrase-multilingual-MiniLM-L12-v2
2025-09-09 20:27:25,831 - DEBUG - Starting new HTTPS connection (1): huggingface.co:443
2025-09-09 20:27:26,697 - DEBUG - https://huggingface.co:443 "HEAD /sentence-transformers/paraphrase-multilingual-MiniLM-L12-v2/resolve/main/modules.json HTTP/1.1" 307 0
2025-09-09 20:27:26,908 - DEBUG - https://huggingface.co:443 "HEAD /api/resolve-cache/models/sentence-transformers/paraphrase-multilingual-MiniLM-L12-v2/86741b4e3f5cb7765a600d3a3d55a0f6a6cb443d/modules.json HTTP/1.1" 200 0
2025-09-09 20:27:27,230 - DEBUG - https://huggingface.co:443 "HEAD /sentence-transformers/paraphrase-multilingual-MiniLM-L12-v2/resolve/main/config_sentence_transformers.json HTTP/1.1" 307 0
2025-09-09 20:27:27,288 - DEBUG - https://huggingface.co:443 "HEAD /api/resolve-cache/models/sentence-transformers/paraphrase-multilingual-MiniLM-L12-v2/86741b4e3f5cb7765a600d3a3d55a0f6a6cb443d/config_sentence_transformers.json HTTP/1.1" 200 0
2025-09-09 20:27:27,613 - DEBUG - https://huggingface.co:443 "HEAD /sentence-transformers/paraphrase-multilingual-MiniLM-L12-v2/resolve/main/config_sentence_transformers.json HTTP/1.1" 307 0
2025-09-09 20:27:27,673 - DEBUG - https://huggingface.co:443 "HEAD /api/resolve-cache/models/sentence-transformers/paraphrase-multilingual-MiniLM-L12-v2/86741b4e3f5cb7765a600d3a3d55a0f6a6cb443d/config_sentence_transformers.json HTTP/1.1" 200 0
2025-09-09 20:27:28,111 - DEBUG - https://huggingface.co:443 "HEAD /sentence-transformers/paraphrase-multilingual-MiniLM-L12-v2/resolve/main/README.md HTTP/1.1" 307 0
2025-09-09 20:27:28,204 - DEBUG - https://huggingface.co:443 "HEAD /api/resolve-cache/models/sentence-transformers/paraphrase-multilingual-MiniLM-L12-v2/86741b4e3f5cb7765a600d3a3d55a0f6a6cb443d/README.md HTTP/1.1" 200 0
2025-09-09 20:27:28,508 - DEBUG - https://huggingface.co:443 "HEAD /sentence-transformers/paraphrase-multilingual-MiniLM-L12-v2/resolve/main/modules.json HTTP/1.1" 307 0
2025-09-09 20:27:28,583 - DEBUG - https://huggingface.co:443 "HEAD /api/resolve-cache/models/sentence-transformers/paraphrase-multilingual-MiniLM-L12-v2/86741b4e3f5cb7765a600d3a3d55a0f6a6cb443d/modules.json HTTP/1.1" 200 0
2025-09-09 20:27:28,893 - DEBUG - https://huggingface.co:443 "HEAD /sentence-transformers/paraphrase-multilingual-MiniLM-L12-v2/resolve/main/sentence_bert_config.json HTTP/1.1" 307 0
2025-09-09 20:27:28,978 - DEBUG - https://huggingface.co:443 "HEAD /api/resolve-cache/models/sentence-transformers/paraphrase-multilingual-MiniLM-L12-v2/86741b4e3f5cb7765a600d3a3d55a0f6a6cb443d/sentence_bert_config.json HTTP/1.1" 200 0
2025-09-09 20:27:29,721 - DEBUG - https://huggingface.co:443 "HEAD /sentence-transformers/paraphrase-multilingual-MiniLM-L12-v2/resolve/main/adapter_config.json HTTP/1.1" 404 0
2025-09-09 20:27:30,108 - DEBUG - https://huggingface.co:443 "HEAD /sentence-transformers/paraphrase-multilingual-MiniLM-L12-v2/resolve/main/config.json HTTP/1.1" 307 0
2025-09-09 20:27:30,160 - DEBUG - https://huggingface.co:443 "HEAD /api/resolve-cache/models/sentence-transformers/paraphrase-multilingual-MiniLM-L12-v2/86741b4e3f5cb7765a600d3a3d55a0f6a6cb443d/config.json HTTP/1.1" 200 0
2025-09-09 20:27:30,891 - DEBUG - https://huggingface.co:443 "HEAD /sentence-transformers/paraphrase-multilingual-MiniLM-L12-v2/resolve/main/tokenizer_config.json HTTP/1.1" 307 0
2025-09-09 20:27:31,069 - DEBUG - https://huggingface.co:443 "HEAD /api/resolve-cache/models/sentence-transformers/paraphrase-multilingual-MiniLM-L12-v2/86741b4e3f5cb7765a600d3a3d55a0f6a6cb443d/tokenizer_config.json HTTP/1.1" 200 0
2025-09-09 20:27:31,581 - DEBUG - https://huggingface.co:443 "GET /api/models/sentence-transformers/paraphrase-multilingual-MiniLM-L12-v2/tree/main/additional_chat_templates?recursive=False&expand=False HTTP/1.1" 404 64
2025-09-09 20:27:32,668 - DEBUG - https://huggingface.co:443 "HEAD /sentence-transformers/paraphrase-multilingual-MiniLM-L12-v2/resolve/main/1_Pooling/config.json HTTP/1.1" 307 0
2025-09-09 20:27:32,730 - DEBUG - https://huggingface.co:443 "HEAD /api/resolve-cache/models/sentence-transformers/paraphrase-multilingual-MiniLM-L12-v2/86741b4e3f5cb7765a600d3a3d55a0f6a6cb443d/1_Pooling%2Fconfig.json HTTP/1.1" 200 0
2025-09-09 20:27:33,073 - DEBUG - https://huggingface.co:443 "GET /api/models/sentence-transformers/paraphrase-multilingual-MiniLM-L12-v2 HTTP/1.1" 200 6135
2025-09-09 20:27:33,078 - DEBUG - Đã load model embedding: paraphrase-multilingual-MiniLM-L12-v2
2025-09-09 20:27:33,078 - DEBUG - Đang đọc file disease_specialty.json
2025-09-09 20:27:33,079 - DEBUG - Đang đọc file specialty_package.json
2025-09-09 20:27:33,079 - DEBUG - Đang đọc file package_cost.json
2025-09-09 20:27:33,080 - DEBUG - Hợp nhất các biến thể bệnh
2025-09-09 20:27:33,080 - DEBUG - Đã tạo index: 65 bệnh, 5 chuyên khoa, 10 gói
2025-09-09 20:31:34,905 - INFO - Use pytorch device_name: cpu
2025-09-09 20:31:34,905 - INFO - Load pretrained SentenceTransformer: paraphrase-multilingual-MiniLM-L12-v2
2025-09-09 20:31:34,907 - DEBUG - Starting new HTTPS connection (1): huggingface.co:443
2025-09-09 20:31:35,730 - DEBUG - https://huggingface.co:443 "HEAD /sentence-transformers/paraphrase-multilingual-MiniLM-L12-v2/resolve/main/modules.json HTTP/1.1" 307 0
2025-09-09 20:31:35,801 - DEBUG - https://huggingface.co:443 "HEAD /api/resolve-cache/models/sentence-transformers/paraphrase-multilingual-MiniLM-L12-v2/86741b4e3f5cb7765a600d3a3d55a0f6a6cb443d/modules.json HTTP/1.1" 200 0
2025-09-09 20:31:36,210 - DEBUG - https://huggingface.co:443 "HEAD /sentence-transformers/paraphrase-multilingual-MiniLM-L12-v2/resolve/main/config_sentence_transformers.json HTTP/1.1" 307 0
2025-09-09 20:31:36,280 - DEBUG - https://huggingface.co:443 "HEAD /api/resolve-cache/models/sentence-transformers/paraphrase-multilingual-MiniLM-L12-v2/86741b4e3f5cb7765a600d3a3d55a0f6a6cb443d/config_sentence_transformers.json HTTP/1.1" 200 0
2025-09-09 20:31:36,600 - DEBUG - https://huggingface.co:443 "HEAD /sentence-transformers/paraphrase-multilingual-MiniLM-L12-v2/resolve/main/config_sentence_transformers.json HTTP/1.1" 307 0
2025-09-09 20:31:36,666 - DEBUG - https://huggingface.co:443 "HEAD /api/resolve-cache/models/sentence-transformers/paraphrase-multilingual-MiniLM-L12-v2/86741b4e3f5cb7765a600d3a3d55a0f6a6cb443d/config_sentence_transformers.json HTTP/1.1" 200 0
2025-09-09 20:31:37,015 - DEBUG - https://huggingface.co:443 "HEAD /sentence-transformers/paraphrase-multilingual-MiniLM-L12-v2/resolve/main/README.md HTTP/1.1" 307 0
2025-09-09 20:31:37,079 - DEBUG - https://huggingface.co:443 "HEAD /api/resolve-cache/models/sentence-transformers/paraphrase-multilingual-MiniLM-L12-v2/86741b4e3f5cb7765a600d3a3d55a0f6a6cb443d/README.md HTTP/1.1" 200 0
2025-09-09 20:31:37,560 - DEBUG - https://huggingface.co:443 "HEAD /sentence-transformers/paraphrase-multilingual-MiniLM-L12-v2/resolve/main/modules.json HTTP/1.1" 307 0
2025-09-09 20:31:37,642 - DEBUG - https://huggingface.co:443 "HEAD /api/resolve-cache/models/sentence-transformers/paraphrase-multilingual-MiniLM-L12-v2/86741b4e3f5cb7765a600d3a3d55a0f6a6cb443d/modules.json HTTP/1.1" 200 0
2025-09-09 20:31:38,188 - DEBUG - https://huggingface.co:443 "HEAD /sentence-transformers/paraphrase-multilingual-MiniLM-L12-v2/resolve/main/sentence_bert_config.json HTTP/1.1" 307 0
2025-09-09 20:31:38,270 - DEBUG - https://huggingface.co:443 "HEAD /api/resolve-cache/models/sentence-transformers/paraphrase-multilingual-MiniLM-L12-v2/86741b4e3f5cb7765a600d3a3d55a0f6a6cb443d/sentence_bert_config.json HTTP/1.1" 200 0
2025-09-09 20:31:38,594 - DEBUG - https://huggingface.co:443 "HEAD /sentence-transformers/paraphrase-multilingual-MiniLM-L12-v2/resolve/main/adapter_config.json HTTP/1.1" 404 0
2025-09-09 20:31:38,916 - DEBUG - https://huggingface.co:443 "HEAD /sentence-transformers/paraphrase-multilingual-MiniLM-L12-v2/resolve/main/config.json HTTP/1.1" 307 0
2025-09-09 20:31:39,006 - DEBUG - https://huggingface.co:443 "HEAD /api/resolve-cache/models/sentence-transformers/paraphrase-multilingual-MiniLM-L12-v2/86741b4e3f5cb7765a600d3a3d55a0f6a6cb443d/config.json HTTP/1.1" 200 0
2025-09-09 20:31:39,658 - DEBUG - https://huggingface.co:443 "HEAD /sentence-transformers/paraphrase-multilingual-MiniLM-L12-v2/resolve/main/tokenizer_config.json HTTP/1.1" 307 0
2025-09-09 20:31:39,873 - DEBUG - https://huggingface.co:443 "HEAD /api/resolve-cache/models/sentence-transformers/paraphrase-multilingual-MiniLM-L12-v2/86741b4e3f5cb7765a600d3a3d55a0f6a6cb443d/tokenizer_config.json HTTP/1.1" 200 0
2025-09-09 20:31:40,214 - DEBUG - https://huggingface.co:443 "GET /api/models/sentence-transformers/paraphrase-multilingual-MiniLM-L12-v2/tree/main/additional_chat_templates?recursive=False&expand=False HTTP/1.1" 404 64
2025-09-09 20:31:41,684 - DEBUG - https://huggingface.co:443 "HEAD /sentence-transformers/paraphrase-multilingual-MiniLM-L12-v2/resolve/main/1_Pooling/config.json HTTP/1.1" 307 0
2025-09-09 20:31:41,805 - DEBUG - https://huggingface.co:443 "HEAD /api/resolve-cache/models/sentence-transformers/paraphrase-multilingual-MiniLM-L12-v2/86741b4e3f5cb7765a600d3a3d55a0f6a6cb443d/1_Pooling%2Fconfig.json HTTP/1.1" 200 0
2025-09-09 20:31:42,160 - DEBUG - https://huggingface.co:443 "GET /api/models/sentence-transformers/paraphrase-multilingual-MiniLM-L12-v2 HTTP/1.1" 200 6135
2025-09-09 20:31:42,166 - DEBUG - Đã load model embedding: paraphrase-multilingual-MiniLM-L12-v2
2025-09-09 20:31:42,167 - DEBUG - Đang đọc file disease_specialty.json
2025-09-09 20:31:42,168 - DEBUG - Đang đọc file specialty_package.json
2025-09-09 20:31:42,168 - DEBUG - Đang đọc file package_cost.json
2025-09-09 20:31:42,169 - DEBUG - Hợp nhất các biến thể bệnh
2025-09-09 20:31:42,169 - DEBUG - Đã tạo index: 65 bệnh, 5 chuyên khoa, 10 gói
2025-09-09 20:31:42,438 - DEBUG - Using proactor: IocpProactor
2025-09-09 20:31:45,946 - DEBUG - Initializing InMemoryTaskStore
2025-09-09 20:45:18,355 - INFO - Use pytorch device_name: cpu
2025-09-09 20:45:18,356 - INFO - Load pretrained SentenceTransformer: paraphrase-multilingual-MiniLM-L12-v2
2025-09-09 20:45:18,358 - DEBUG - Starting new HTTPS connection (1): huggingface.co:443
2025-09-09 20:45:19,076 - DEBUG - https://huggingface.co:443 "HEAD /sentence-transformers/paraphrase-multilingual-MiniLM-L12-v2/resolve/main/modules.json HTTP/1.1" 307 0
2025-09-09 20:45:19,144 - DEBUG - https://huggingface.co:443 "HEAD /api/resolve-cache/models/sentence-transformers/paraphrase-multilingual-MiniLM-L12-v2/86741b4e3f5cb7765a600d3a3d55a0f6a6cb443d/modules.json HTTP/1.1" 200 0
2025-09-09 20:45:19,614 - DEBUG - https://huggingface.co:443 "HEAD /sentence-transformers/paraphrase-multilingual-MiniLM-L12-v2/resolve/main/config_sentence_transformers.json HTTP/1.1" 307 0
2025-09-09 20:45:19,725 - DEBUG - https://huggingface.co:443 "HEAD /api/resolve-cache/models/sentence-transformers/paraphrase-multilingual-MiniLM-L12-v2/86741b4e3f5cb7765a600d3a3d55a0f6a6cb443d/config_sentence_transformers.json HTTP/1.1" 200 0
2025-09-09 20:45:20,459 - DEBUG - https://huggingface.co:443 "HEAD /sentence-transformers/paraphrase-multilingual-MiniLM-L12-v2/resolve/main/config_sentence_transformers.json HTTP/1.1" 307 0
2025-09-09 20:45:20,526 - DEBUG - https://huggingface.co:443 "HEAD /api/resolve-cache/models/sentence-transformers/paraphrase-multilingual-MiniLM-L12-v2/86741b4e3f5cb7765a600d3a3d55a0f6a6cb443d/config_sentence_transformers.json HTTP/1.1" 200 0
2025-09-09 20:45:21,319 - DEBUG - https://huggingface.co:443 "HEAD /sentence-transformers/paraphrase-multilingual-MiniLM-L12-v2/resolve/main/README.md HTTP/1.1" 307 0
2025-09-09 20:45:21,381 - DEBUG - https://huggingface.co:443 "HEAD /api/resolve-cache/models/sentence-transformers/paraphrase-multilingual-MiniLM-L12-v2/86741b4e3f5cb7765a600d3a3d55a0f6a6cb443d/README.md HTTP/1.1" 200 0
2025-09-09 20:45:21,690 - DEBUG - https://huggingface.co:443 "HEAD /sentence-transformers/paraphrase-multilingual-MiniLM-L12-v2/resolve/main/modules.json HTTP/1.1" 307 0
2025-09-09 20:45:21,756 - DEBUG - https://huggingface.co:443 "HEAD /api/resolve-cache/models/sentence-transformers/paraphrase-multilingual-MiniLM-L12-v2/86741b4e3f5cb7765a600d3a3d55a0f6a6cb443d/modules.json HTTP/1.1" 200 0
2025-09-09 20:45:22,659 - DEBUG - https://huggingface.co:443 "HEAD /sentence-transformers/paraphrase-multilingual-MiniLM-L12-v2/resolve/main/sentence_bert_config.json HTTP/1.1" 307 0
2025-09-09 20:45:22,726 - DEBUG - https://huggingface.co:443 "HEAD /api/resolve-cache/models/sentence-transformers/paraphrase-multilingual-MiniLM-L12-v2/86741b4e3f5cb7765a600d3a3d55a0f6a6cb443d/sentence_bert_config.json HTTP/1.1" 200 0
2025-09-09 20:45:23,091 - DEBUG - https://huggingface.co:443 "HEAD /sentence-transformers/paraphrase-multilingual-MiniLM-L12-v2/resolve/main/adapter_config.json HTTP/1.1" 404 0
2025-09-09 20:45:23,416 - DEBUG - https://huggingface.co:443 "HEAD /sentence-transformers/paraphrase-multilingual-MiniLM-L12-v2/resolve/main/config.json HTTP/1.1" 307 0
2025-09-09 20:45:23,474 - DEBUG - https://huggingface.co:443 "HEAD /api/resolve-cache/models/sentence-transformers/paraphrase-multilingual-MiniLM-L12-v2/86741b4e3f5cb7765a600d3a3d55a0f6a6cb443d/config.json HTTP/1.1" 200 0
2025-09-09 20:45:24,038 - DEBUG - https://huggingface.co:443 "HEAD /sentence-transformers/paraphrase-multilingual-MiniLM-L12-v2/resolve/main/tokenizer_config.json HTTP/1.1" 307 0
2025-09-09 20:45:24,098 - DEBUG - https://huggingface.co:443 "HEAD /api/resolve-cache/models/sentence-transformers/paraphrase-multilingual-MiniLM-L12-v2/86741b4e3f5cb7765a600d3a3d55a0f6a6cb443d/tokenizer_config.json HTTP/1.1" 200 0
2025-09-09 20:45:24,873 - DEBUG - https://huggingface.co:443 "GET /api/models/sentence-transformers/paraphrase-multilingual-MiniLM-L12-v2/tree/main/additional_chat_templates?recursive=False&expand=False HTTP/1.1" 404 64
2025-09-09 20:45:26,115 - DEBUG - https://huggingface.co:443 "HEAD /sentence-transformers/paraphrase-multilingual-MiniLM-L12-v2/resolve/main/1_Pooling/config.json HTTP/1.1" 307 0
2025-09-09 20:45:26,175 - DEBUG - https://huggingface.co:443 "HEAD /api/resolve-cache/models/sentence-transformers/paraphrase-multilingual-MiniLM-L12-v2/86741b4e3f5cb7765a600d3a3d55a0f6a6cb443d/1_Pooling%2Fconfig.json HTTP/1.1" 200 0
2025-09-09 20:45:26,637 - DEBUG - https://huggingface.co:443 "GET /api/models/sentence-transformers/paraphrase-multilingual-MiniLM-L12-v2 HTTP/1.1" 200 6135
2025-09-09 20:45:26,644 - DEBUG - Đã load model embedding: paraphrase-multilingual-MiniLM-L12-v2
2025-09-09 20:45:26,645 - DEBUG - Đang đọc file disease_specialty.json
2025-09-09 20:45:26,646 - DEBUG - Đang đọc file specialty_package.json
2025-09-09 20:45:26,646 - DEBUG - Đang đọc file package_cost.json
2025-09-09 20:45:26,648 - DEBUG - Hợp nhất các biến thể bệnh
2025-09-09 20:45:26,648 - DEBUG - Đã tạo index: 65 bệnh, 5 chuyên khoa, 10 gói
2025-09-09 20:45:26,943 - DEBUG - Using proactor: IocpProactor
2025-09-09 20:45:29,795 - DEBUG - Initializing InMemoryTaskStore
2025-09-10 04:37:02,516 - INFO - Use pytorch device_name: cpu
2025-09-10 04:37:02,517 - INFO - Load pretrained SentenceTransformer: paraphrase-multilingual-MiniLM-L12-v2
2025-09-10 04:37:02,519 - DEBUG - Starting new HTTPS connection (1): huggingface.co:443
2025-09-10 04:37:03,724 - DEBUG - https://huggingface.co:443 "HEAD /sentence-transformers/paraphrase-multilingual-MiniLM-L12-v2/resolve/main/modules.json HTTP/1.1" 307 0
2025-09-10 04:37:03,901 - DEBUG - https://huggingface.co:443 "HEAD /api/resolve-cache/models/sentence-transformers/paraphrase-multilingual-MiniLM-L12-v2/86741b4e3f5cb7765a600d3a3d55a0f6a6cb443d/modules.json HTTP/1.1" 200 0
2025-09-10 04:37:04,218 - DEBUG - https://huggingface.co:443 "HEAD /sentence-transformers/paraphrase-multilingual-MiniLM-L12-v2/resolve/main/config_sentence_transformers.json HTTP/1.1" 307 0
2025-09-10 04:37:04,281 - DEBUG - https://huggingface.co:443 "HEAD /api/resolve-cache/models/sentence-transformers/paraphrase-multilingual-MiniLM-L12-v2/86741b4e3f5cb7765a600d3a3d55a0f6a6cb443d/config_sentence_transformers.json HTTP/1.1" 200 0
2025-09-10 04:37:04,723 - DEBUG - https://huggingface.co:443 "HEAD /sentence-transformers/paraphrase-multilingual-MiniLM-L12-v2/resolve/main/config_sentence_transformers.json HTTP/1.1" 307 0
2025-09-10 04:37:04,778 - DEBUG - https://huggingface.co:443 "HEAD /api/resolve-cache/models/sentence-transformers/paraphrase-multilingual-MiniLM-L12-v2/86741b4e3f5cb7765a600d3a3d55a0f6a6cb443d/config_sentence_transformers.json HTTP/1.1" 200 0
2025-09-10 04:37:05,099 - DEBUG - https://huggingface.co:443 "HEAD /sentence-transformers/paraphrase-multilingual-MiniLM-L12-v2/resolve/main/README.md HTTP/1.1" 307 0
2025-09-10 04:37:05,168 - DEBUG - https://huggingface.co:443 "HEAD /api/resolve-cache/models/sentence-transformers/paraphrase-multilingual-MiniLM-L12-v2/86741b4e3f5cb7765a600d3a3d55a0f6a6cb443d/README.md HTTP/1.1" 200 0
2025-09-10 04:37:05,505 - DEBUG - https://huggingface.co:443 "HEAD /sentence-transformers/paraphrase-multilingual-MiniLM-L12-v2/resolve/main/modules.json HTTP/1.1" 307 0
2025-09-10 04:37:05,562 - DEBUG - https://huggingface.co:443 "HEAD /api/resolve-cache/models/sentence-transformers/paraphrase-multilingual-MiniLM-L12-v2/86741b4e3f5cb7765a600d3a3d55a0f6a6cb443d/modules.json HTTP/1.1" 200 0
2025-09-10 04:37:05,881 - DEBUG - https://huggingface.co:443 "HEAD /sentence-transformers/paraphrase-multilingual-MiniLM-L12-v2/resolve/main/sentence_bert_config.json HTTP/1.1" 307 0
2025-09-10 04:37:06,035 - DEBUG - https://huggingface.co:443 "HEAD /api/resolve-cache/models/sentence-transformers/paraphrase-multilingual-MiniLM-L12-v2/86741b4e3f5cb7765a600d3a3d55a0f6a6cb443d/sentence_bert_config.json HTTP/1.1" 200 0
2025-09-10 04:37:06,454 - DEBUG - https://huggingface.co:443 "HEAD /sentence-transformers/paraphrase-multilingual-MiniLM-L12-v2/resolve/main/adapter_config.json HTTP/1.1" 404 0
2025-09-10 04:37:06,760 - DEBUG - https://huggingface.co:443 "HEAD /sentence-transformers/paraphrase-multilingual-MiniLM-L12-v2/resolve/main/config.json HTTP/1.1" 307 0
2025-09-10 04:37:06,813 - DEBUG - https://huggingface.co:443 "HEAD /api/resolve-cache/models/sentence-transformers/paraphrase-multilingual-MiniLM-L12-v2/86741b4e3f5cb7765a600d3a3d55a0f6a6cb443d/config.json HTTP/1.1" 200 0
2025-09-10 04:37:07,208 - DEBUG - https://huggingface.co:443 "HEAD /sentence-transformers/paraphrase-multilingual-MiniLM-L12-v2/resolve/main/tokenizer_config.json HTTP/1.1" 307 0
2025-09-10 04:37:07,282 - DEBUG - https://huggingface.co:443 "HEAD /api/resolve-cache/models/sentence-transformers/paraphrase-multilingual-MiniLM-L12-v2/86741b4e3f5cb7765a600d3a3d55a0f6a6cb443d/tokenizer_config.json HTTP/1.1" 200 0
2025-09-10 04:37:07,601 - DEBUG - https://huggingface.co:443 "GET /api/models/sentence-transformers/paraphrase-multilingual-MiniLM-L12-v2/tree/main/additional_chat_templates?recursive=False&expand=False HTTP/1.1" 404 64
2025-09-10 04:37:08,628 - DEBUG - https://huggingface.co:443 "HEAD /sentence-transformers/paraphrase-multilingual-MiniLM-L12-v2/resolve/main/1_Pooling/config.json HTTP/1.1" 307 0
2025-09-10 04:37:08,683 - DEBUG - https://huggingface.co:443 "HEAD /api/resolve-cache/models/sentence-transformers/paraphrase-multilingual-MiniLM-L12-v2/86741b4e3f5cb7765a600d3a3d55a0f6a6cb443d/1_Pooling%2Fconfig.json HTTP/1.1" 200 0
2025-09-10 04:37:09,006 - DEBUG - https://huggingface.co:443 "GET /api/models/sentence-transformers/paraphrase-multilingual-MiniLM-L12-v2 HTTP/1.1" 200 6135
2025-09-10 04:37:09,013 - DEBUG - Đã load model embedding: paraphrase-multilingual-MiniLM-L12-v2
2025-09-10 04:37:09,014 - DEBUG - Đang đọc file disease_specialty.json
2025-09-10 04:37:09,014 - DEBUG - Đang đọc file specialty_package.json
2025-09-10 04:37:09,015 - DEBUG - Đang đọc file package_cost.json
2025-09-10 04:37:09,016 - DEBUG - Hợp nhất các biến thể bệnh
2025-09-10 04:37:09,016 - DEBUG - Đã tạo index: 65 bệnh, 5 chuyên khoa, 10 gói
2025-09-10 04:37:09,278 - DEBUG - Using proactor: IocpProactor
2025-09-10 04:37:11,152 - DEBUG - Initializing InMemoryTaskStore
2025-09-11 04:10:21,531 - INFO - Use pytorch device_name: cpu
2025-09-11 04:10:21,531 - INFO - Load pretrained SentenceTransformer: paraphrase-multilingual-MiniLM-L12-v2
2025-09-11 04:10:21,533 - DEBUG - Starting new HTTPS connection (1): huggingface.co:443
2025-09-11 04:10:22,166 - DEBUG - https://huggingface.co:443 "HEAD /sentence-transformers/paraphrase-multilingual-MiniLM-L12-v2/resolve/main/modules.json HTTP/1.1" 307 0
2025-09-11 04:10:22,483 - DEBUG - https://huggingface.co:443 "HEAD /api/resolve-cache/models/sentence-transformers/paraphrase-multilingual-MiniLM-L12-v2/86741b4e3f5cb7765a600d3a3d55a0f6a6cb443d/modules.json HTTP/1.1" 200 0
2025-09-11 04:10:22,822 - DEBUG - https://huggingface.co:443 "HEAD /sentence-transformers/paraphrase-multilingual-MiniLM-L12-v2/resolve/main/config_sentence_transformers.json HTTP/1.1" 307 0
2025-09-11 04:10:22,891 - DEBUG - https://huggingface.co:443 "HEAD /api/resolve-cache/models/sentence-transformers/paraphrase-multilingual-MiniLM-L12-v2/86741b4e3f5cb7765a600d3a3d55a0f6a6cb443d/config_sentence_transformers.json HTTP/1.1" 200 0
2025-09-11 04:10:23,250 - DEBUG - https://huggingface.co:443 "HEAD /sentence-transformers/paraphrase-multilingual-MiniLM-L12-v2/resolve/main/config_sentence_transformers.json HTTP/1.1" 307 0
2025-09-11 04:10:23,331 - DEBUG - https://huggingface.co:443 "HEAD /api/resolve-cache/models/sentence-transformers/paraphrase-multilingual-MiniLM-L12-v2/86741b4e3f5cb7765a600d3a3d55a0f6a6cb443d/config_sentence_transformers.json HTTP/1.1" 200 0
2025-09-11 04:10:23,650 - DEBUG - https://huggingface.co:443 "HEAD /sentence-transformers/paraphrase-multilingual-MiniLM-L12-v2/resolve/main/README.md HTTP/1.1" 307 0
2025-09-11 04:10:23,712 - DEBUG - https://huggingface.co:443 "HEAD /api/resolve-cache/models/sentence-transformers/paraphrase-multilingual-MiniLM-L12-v2/86741b4e3f5cb7765a600d3a3d55a0f6a6cb443d/README.md HTTP/1.1" 200 0
2025-09-11 04:10:24,052 - DEBUG - https://huggingface.co:443 "HEAD /sentence-transformers/paraphrase-multilingual-MiniLM-L12-v2/resolve/main/modules.json HTTP/1.1" 307 0
2025-09-11 04:10:24,102 - DEBUG - https://huggingface.co:443 "HEAD /api/resolve-cache/models/sentence-transformers/paraphrase-multilingual-MiniLM-L12-v2/86741b4e3f5cb7765a600d3a3d55a0f6a6cb443d/modules.json HTTP/1.1" 200 0
2025-09-11 04:10:24,401 - DEBUG - https://huggingface.co:443 "HEAD /sentence-transformers/paraphrase-multilingual-MiniLM-L12-v2/resolve/main/sentence_bert_config.json HTTP/1.1" 307 0
2025-09-11 04:10:24,510 - DEBUG - https://huggingface.co:443 "HEAD /api/resolve-cache/models/sentence-transformers/paraphrase-multilingual-MiniLM-L12-v2/86741b4e3f5cb7765a600d3a3d55a0f6a6cb443d/sentence_bert_config.json HTTP/1.1" 200 0
2025-09-11 04:10:24,857 - DEBUG - https://huggingface.co:443 "HEAD /sentence-transformers/paraphrase-multilingual-MiniLM-L12-v2/resolve/main/adapter_config.json HTTP/1.1" 404 0
2025-09-11 04:10:25,196 - DEBUG - https://huggingface.co:443 "HEAD /sentence-transformers/paraphrase-multilingual-MiniLM-L12-v2/resolve/main/config.json HTTP/1.1" 307 0
2025-09-11 04:10:25,257 - DEBUG - https://huggingface.co:443 "HEAD /api/resolve-cache/models/sentence-transformers/paraphrase-multilingual-MiniLM-L12-v2/86741b4e3f5cb7765a600d3a3d55a0f6a6cb443d/config.json HTTP/1.1" 200 0
2025-09-11 04:10:25,715 - DEBUG - https://huggingface.co:443 "HEAD /sentence-transformers/paraphrase-multilingual-MiniLM-L12-v2/resolve/main/tokenizer_config.json HTTP/1.1" 307 0
2025-09-11 04:10:25,779 - DEBUG - https://huggingface.co:443 "HEAD /api/resolve-cache/models/sentence-transformers/paraphrase-multilingual-MiniLM-L12-v2/86741b4e3f5cb7765a600d3a3d55a0f6a6cb443d/tokenizer_config.json HTTP/1.1" 200 0
2025-09-11 04:10:26,113 - DEBUG - https://huggingface.co:443 "GET /api/models/sentence-transformers/paraphrase-multilingual-MiniLM-L12-v2/tree/main/additional_chat_templates?recursive=False&expand=False HTTP/1.1" 404 64
2025-09-11 04:10:27,323 - DEBUG - https://huggingface.co:443 "HEAD /sentence-transformers/paraphrase-multilingual-MiniLM-L12-v2/resolve/main/1_Pooling/config.json HTTP/1.1" 307 0
2025-09-11 04:10:27,380 - DEBUG - https://huggingface.co:443 "HEAD /api/resolve-cache/models/sentence-transformers/paraphrase-multilingual-MiniLM-L12-v2/86741b4e3f5cb7765a600d3a3d55a0f6a6cb443d/1_Pooling%2Fconfig.json HTTP/1.1" 200 0
2025-09-11 04:10:27,786 - DEBUG - https://huggingface.co:443 "GET /api/models/sentence-transformers/paraphrase-multilingual-MiniLM-L12-v2 HTTP/1.1" 200 6135
2025-09-11 04:10:27,793 - DEBUG - Đã load model embedding: paraphrase-multilingual-MiniLM-L12-v2
2025-09-11 04:10:27,794 - DEBUG - Đang đọc file disease_specialty.json
2025-09-11 04:10:27,795 - DEBUG - Đang đọc file specialty_package.json
2025-09-11 04:10:27,796 - DEBUG - Đang đọc file package_cost.json
2025-09-11 04:10:27,796 - DEBUG - Hợp nhất các biến thể bệnh
2025-09-11 04:10:27,797 - DEBUG - Đã tạo index: 65 bệnh, 5 chuyên khoa, 10 gói
2025-09-11 04:10:28,068 - DEBUG - Using proactor: IocpProactor
2025-09-11 04:10:30,524 - DEBUG - Initializing InMemoryTaskStore
2025-09-11 06:02:12,574 - DEBUG - Start async tracer
2025-09-11 06:02:12,576 - DEBUG - TaskManager initialized with task_id: None, context_id: None
2025-09-11 06:02:12,577 - DEBUG - task_id is not set, cannot get task.
2025-09-11 06:02:12,578 - DEBUG - Start async tracer
2025-09-11 06:02:12,578 - DEBUG - EventQueue initialized.
2025-09-11 06:02:12,579 - DEBUG - Start async tracer
2025-09-11 06:02:12,579 - DEBUG - EventConsumer initialized
2025-09-11 06:02:12,580 - DEBUG - Starting to consume all events from the queue.
2025-09-11 06:02:12,580 - DEBUG - Start async tracer
2025-09-11 06:02:12,580 - DEBUG - Attempting to dequeue event (waiting).
2025-09-11 06:02:12,581 - DEBUG - Start async tracer
2025-09-11 06:02:12,582 - DEBUG - Agent task callback triggered.
2025-09-11 06:02:13,085 - DEBUG - CancelledError in span a2a.server.events.event_queue.EventQueue.dequeue_event
2025-09-11 06:02:13,085 - DEBUG - Start async tracer
2025-09-12 04:31:33,399 - DEBUG - Start async tracer
2025-09-12 04:31:33,400 - DEBUG - TaskManager initialized with task_id: None, context_id: None
2025-09-12 04:31:33,400 - DEBUG - task_id is not set, cannot get task.
2025-09-12 04:31:33,400 - DEBUG - Start async tracer
2025-09-12 04:31:33,401 - DEBUG - EventQueue initialized.
2025-09-12 04:31:33,402 - DEBUG - Start async tracer
2025-09-12 04:31:33,402 - DEBUG - EventConsumer initialized
2025-09-12 04:31:33,402 - DEBUG - Starting to consume all events from the queue.
2025-09-12 04:31:33,402 - DEBUG - Start async tracer
2025-09-12 04:31:33,402 - DEBUG - Attempting to dequeue event (waiting).
2025-09-12 04:31:33,403 - DEBUG - Start async tracer
2025-09-12 04:31:33,403 - DEBUG - Agent task callback triggered.
2025-09-12 04:31:33,909 - DEBUG - CancelledError in span a2a.server.events.event_queue.EventQueue.dequeue_event
2025-09-12 04:31:33,909 - DEBUG - Start async tracer
2025-09-12 04:35:51,808 - DEBUG - Start async tracer
2025-09-12 04:35:51,808 - DEBUG - TaskManager initialized with task_id: None, context_id: None
2025-09-12 04:35:51,808 - DEBUG - task_id is not set, cannot get task.
2025-09-12 04:35:51,808 - DEBUG - Start async tracer
2025-09-12 04:35:51,808 - DEBUG - EventQueue initialized.
2025-09-12 04:35:51,809 - DEBUG - Start async tracer
2025-09-12 04:35:51,809 - DEBUG - EventConsumer initialized
2025-09-12 04:35:51,809 - DEBUG - Starting to consume all events from the queue.
2025-09-12 04:35:51,809 - DEBUG - Start async tracer
2025-09-12 04:35:51,809 - DEBUG - Attempting to dequeue event (waiting).
2025-09-12 04:35:51,809 - DEBUG - Start async tracer
2025-09-12 04:35:51,809 - DEBUG - Agent task callback triggered.
2025-09-12 04:35:52,324 - DEBUG - CancelledError in span a2a.server.events.event_queue.EventQueue.dequeue_event
2025-09-12 04:35:52,324 - DEBUG - Start async tracer
2025-09-12 04:45:39,667 - DEBUG - Start async tracer
2025-09-12 04:45:39,667 - DEBUG - TaskManager initialized with task_id: None, context_id: None
2025-09-12 04:45:39,667 - DEBUG - task_id is not set, cannot get task.
2025-09-12 04:45:39,667 - DEBUG - Start async tracer
2025-09-12 04:45:39,669 - DEBUG - EventQueue initialized.
2025-09-12 04:45:39,669 - DEBUG - Start async tracer
2025-09-12 04:45:39,669 - DEBUG - EventConsumer initialized
2025-09-12 04:45:39,669 - DEBUG - Starting to consume all events from the queue.
2025-09-12 04:45:39,669 - DEBUG - Start async tracer
2025-09-12 04:45:39,670 - DEBUG - Attempting to dequeue event (waiting).
2025-09-12 04:45:39,670 - DEBUG - Start async tracer
2025-09-12 04:45:39,670 - DEBUG - Agent task callback triggered.
2025-09-12 04:45:40,185 - DEBUG - CancelledError in span a2a.server.events.event_queue.EventQueue.dequeue_event
2025-09-12 04:45:40,186 - DEBUG - Start async tracer
2025-09-12 05:45:07,437 - DEBUG - Start async tracer
2025-09-12 05:45:07,437 - DEBUG - TaskManager initialized with task_id: None, context_id: None
2025-09-12 05:45:07,437 - DEBUG - task_id is not set, cannot get task.
2025-09-12 05:45:07,437 - DEBUG - Start async tracer
2025-09-12 05:45:07,437 - DEBUG - EventQueue initialized.
2025-09-12 05:45:07,437 - DEBUG - Start async tracer
2025-09-12 05:45:07,439 - DEBUG - EventConsumer initialized
2025-09-12 05:45:07,439 - DEBUG - Starting to consume all events from the queue.
2025-09-12 05:45:07,439 - DEBUG - Start async tracer
2025-09-12 05:45:07,439 - DEBUG - Attempting to dequeue event (waiting).
2025-09-12 05:45:07,439 - DEBUG - Start async tracer
2025-09-12 05:45:07,439 - DEBUG - Agent task callback triggered.
2025-09-12 05:45:07,936 - DEBUG - CancelledError in span a2a.server.events.event_queue.EventQueue.dequeue_event
2025-09-12 05:45:07,936 - DEBUG - Start async tracer
2025-09-13 18:35:52,865 - DEBUG - Start async tracer
2025-09-13 18:35:52,866 - DEBUG - TaskManager initialized with task_id: None, context_id: None
2025-09-13 18:35:52,866 - DEBUG - task_id is not set, cannot get task.
2025-09-13 18:35:52,867 - DEBUG - Start async tracer
2025-09-13 18:35:52,867 - DEBUG - EventQueue initialized.
2025-09-13 18:35:52,867 - DEBUG - Start async tracer
2025-09-13 18:35:52,868 - DEBUG - EventConsumer initialized
2025-09-13 18:35:52,869 - DEBUG - Starting to consume all events from the queue.
2025-09-13 18:35:52,869 - DEBUG - Start async tracer
2025-09-13 18:35:52,869 - DEBUG - Attempting to dequeue event (waiting).
2025-09-13 18:35:52,870 - DEBUG - Start async tracer
2025-09-13 18:35:52,870 - DEBUG - Agent task callback triggered.
2025-09-13 18:35:53,371 - DEBUG - CancelledError in span a2a.server.events.event_queue.EventQueue.dequeue_event
2025-09-13 18:35:53,371 - DEBUG - Start async tracer
2025-09-13 18:46:27,556 - INFO - Use pytorch device_name: cpu
2025-09-13 18:46:27,556 - INFO - Load pretrained SentenceTransformer: paraphrase-multilingual-MiniLM-L12-v2
2025-09-13 18:46:27,556 - DEBUG - Starting new HTTPS connection (1): huggingface.co:443
2025-09-13 18:46:28,265 - DEBUG - https://huggingface.co:443 "HEAD /sentence-transformers/paraphrase-multilingual-MiniLM-L12-v2/resolve/main/modules.json HTTP/1.1" 307 0
2025-09-13 18:46:28,398 - DEBUG - https://huggingface.co:443 "HEAD /api/resolve-cache/models/sentence-transformers/paraphrase-multilingual-MiniLM-L12-v2/86741b4e3f5cb7765a600d3a3d55a0f6a6cb443d/modules.json HTTP/1.1" 200 0
2025-09-13 18:46:28,715 - DEBUG - https://huggingface.co:443 "HEAD /sentence-transformers/paraphrase-multilingual-MiniLM-L12-v2/resolve/main/config_sentence_transformers.json HTTP/1.1" 307 0
2025-09-13 18:46:28,777 - DEBUG - https://huggingface.co:443 "HEAD /api/resolve-cache/models/sentence-transformers/paraphrase-multilingual-MiniLM-L12-v2/86741b4e3f5cb7765a600d3a3d55a0f6a6cb443d/config_sentence_transformers.json HTTP/1.1" 200 0
2025-09-13 18:46:29,375 - DEBUG - https://huggingface.co:443 "HEAD /sentence-transformers/paraphrase-multilingual-MiniLM-L12-v2/resolve/main/config_sentence_transformers.json HTTP/1.1" 307 0
2025-09-13 18:46:29,455 - DEBUG - https://huggingface.co:443 "HEAD /api/resolve-cache/models/sentence-transformers/paraphrase-multilingual-MiniLM-L12-v2/86741b4e3f5cb7765a600d3a3d55a0f6a6cb443d/config_sentence_transformers.json HTTP/1.1" 200 0
2025-09-13 18:46:29,787 - DEBUG - https://huggingface.co:443 "HEAD /sentence-transformers/paraphrase-multilingual-MiniLM-L12-v2/resolve/main/README.md HTTP/1.1" 307 0
2025-09-13 18:46:29,857 - DEBUG - https://huggingface.co:443 "HEAD /api/resolve-cache/models/sentence-transformers/paraphrase-multilingual-MiniLM-L12-v2/86741b4e3f5cb7765a600d3a3d55a0f6a6cb443d/README.md HTTP/1.1" 200 0
2025-09-13 18:46:30,175 - DEBUG - https://huggingface.co:443 "HEAD /sentence-transformers/paraphrase-multilingual-MiniLM-L12-v2/resolve/main/modules.json HTTP/1.1" 307 0
2025-09-13 18:46:30,235 - DEBUG - https://huggingface.co:443 "HEAD /api/resolve-cache/models/sentence-transformers/paraphrase-multilingual-MiniLM-L12-v2/86741b4e3f5cb7765a600d3a3d55a0f6a6cb443d/modules.json HTTP/1.1" 200 0
2025-09-13 18:46:30,745 - DEBUG - https://huggingface.co:443 "HEAD /sentence-transformers/paraphrase-multilingual-MiniLM-L12-v2/resolve/main/sentence_bert_config.json HTTP/1.1" 307 0
2025-09-13 18:46:30,807 - DEBUG - https://huggingface.co:443 "HEAD /api/resolve-cache/models/sentence-transformers/paraphrase-multilingual-MiniLM-L12-v2/86741b4e3f5cb7765a600d3a3d55a0f6a6cb443d/sentence_bert_config.json HTTP/1.1" 200 0
2025-09-13 18:46:31,135 - DEBUG - https://huggingface.co:443 "HEAD /sentence-transformers/paraphrase-multilingual-MiniLM-L12-v2/resolve/main/adapter_config.json HTTP/1.1" 404 0
2025-09-13 18:46:31,455 - DEBUG - https://huggingface.co:443 "HEAD /sentence-transformers/paraphrase-multilingual-MiniLM-L12-v2/resolve/main/config.json HTTP/1.1" 307 0
2025-09-13 18:46:31,525 - DEBUG - https://huggingface.co:443 "HEAD /api/resolve-cache/models/sentence-transformers/paraphrase-multilingual-MiniLM-L12-v2/86741b4e3f5cb7765a600d3a3d55a0f6a6cb443d/config.json HTTP/1.1" 200 0
2025-09-13 18:46:32,344 - DEBUG - https://huggingface.co:443 "HEAD /sentence-transformers/paraphrase-multilingual-MiniLM-L12-v2/resolve/main/tokenizer_config.json HTTP/1.1" 307 0
2025-09-13 18:46:32,415 - DEBUG - https://huggingface.co:443 "HEAD /api/resolve-cache/models/sentence-transformers/paraphrase-multilingual-MiniLM-L12-v2/86741b4e3f5cb7765a600d3a3d55a0f6a6cb443d/tokenizer_config.json HTTP/1.1" 200 0
2025-09-13 18:46:32,755 - DEBUG - https://huggingface.co:443 "GET /api/models/sentence-transformers/paraphrase-multilingual-MiniLM-L12-v2/tree/main/additional_chat_templates?recursive=False&expand=False HTTP/1.1" 404 64
2025-09-13 18:46:34,495 - DEBUG - https://huggingface.co:443 "HEAD /sentence-transformers/paraphrase-multilingual-MiniLM-L12-v2/resolve/main/1_Pooling/config.json HTTP/1.1" 307 0
2025-09-13 18:46:34,675 - DEBUG - https://huggingface.co:443 "HEAD /api/resolve-cache/models/sentence-transformers/paraphrase-multilingual-MiniLM-L12-v2/86741b4e3f5cb7765a600d3a3d55a0f6a6cb443d/1_Pooling%2Fconfig.json HTTP/1.1" 200 0
2025-09-13 18:46:35,025 - DEBUG - https://huggingface.co:443 "GET /api/models/sentence-transformers/paraphrase-multilingual-MiniLM-L12-v2 HTTP/1.1" 200 6132
2025-09-13 18:46:35,035 - DEBUG - Đã load model embedding: paraphrase-multilingual-MiniLM-L12-v2
2025-09-13 18:46:35,039 - DEBUG - Đang đọc file disease_specialty.json
2025-09-13 18:46:35,045 - DEBUG - Đang đọc file specialty_package.json
2025-09-13 18:46:35,051 - DEBUG - Đang đọc file package_cost.json
2025-09-13 18:46:35,055 - DEBUG - Hợp nhất các biến thể bệnh
2025-09-13 18:46:35,055 - DEBUG - Đã tạo index: 65 bệnh, 5 chuyên khoa, 10 gói
2025-09-13 18:46:35,296 - DEBUG - Using proactor: IocpProactor
2025-09-13 18:46:37,477 - DEBUG - Initializing InMemoryTaskStore
2025-09-13 18:48:44,964 - DEBUG - Start async tracer
2025-09-13 18:48:44,965 - DEBUG - TaskManager initialized with task_id: None, context_id: None
2025-09-13 18:48:44,965 - DEBUG - task_id is not set, cannot get task.
2025-09-13 18:48:44,966 - DEBUG - Start async tracer
2025-09-13 18:48:44,966 - DEBUG - EventQueue initialized.
2025-09-13 18:48:44,966 - DEBUG - Start async tracer
2025-09-13 18:48:44,966 - DEBUG - EventConsumer initialized
2025-09-13 18:48:44,966 - DEBUG - Starting to consume all events from the queue.
2025-09-13 18:48:44,966 - DEBUG - Start async tracer
2025-09-13 18:48:44,966 - DEBUG - Attempting to dequeue event (waiting).
2025-09-13 18:48:44,966 - DEBUG - Start async tracer
2025-09-13 18:48:44,966 - DEBUG - Agent task callback triggered.
2025-09-13 18:48:45,473 - DEBUG - CancelledError in span a2a.server.events.event_queue.EventQueue.dequeue_event
2025-09-13 18:48:45,473 - DEBUG - Start async tracer
2025-09-13 18:57:28,018 - DEBUG - Start async tracer
2025-09-13 18:57:28,018 - DEBUG - TaskManager initialized with task_id: None, context_id: None
2025-09-13 18:57:28,019 - DEBUG - task_id is not set, cannot get task.
2025-09-13 18:57:28,019 - DEBUG - Start async tracer
2025-09-13 18:57:28,019 - DEBUG - EventQueue initialized.
2025-09-13 18:57:28,020 - DEBUG - Start async tracer
2025-09-13 18:57:28,020 - DEBUG - EventConsumer initialized
2025-09-13 18:57:28,020 - DEBUG - Starting to consume all events from the queue.
2025-09-13 18:57:28,020 - DEBUG - Start async tracer
2025-09-13 18:57:28,020 - DEBUG - Attempting to dequeue event (waiting).
2025-09-13 18:57:28,020 - DEBUG - Start async tracer
2025-09-13 18:57:28,020 - DEBUG - Agent task callback triggered.
2025-09-13 18:57:28,529 - DEBUG - CancelledError in span a2a.server.events.event_queue.EventQueue.dequeue_event
2025-09-13 18:57:28,529 - DEBUG - Start async tracer
2025-09-13 19:01:56,035 - INFO - Use pytorch device_name: cpu
2025-09-13 19:01:56,035 - INFO - Load pretrained SentenceTransformer: paraphrase-multilingual-MiniLM-L12-v2
2025-09-13 19:01:56,038 - DEBUG - Starting new HTTPS connection (1): huggingface.co:443
2025-09-13 19:01:56,727 - DEBUG - https://huggingface.co:443 "HEAD /sentence-transformers/paraphrase-multilingual-MiniLM-L12-v2/resolve/main/modules.json HTTP/1.1" 307 0
2025-09-13 19:01:56,787 - DEBUG - https://huggingface.co:443 "HEAD /api/resolve-cache/models/sentence-transformers/paraphrase-multilingual-MiniLM-L12-v2/86741b4e3f5cb7765a600d3a3d55a0f6a6cb443d/modules.json HTTP/1.1" 200 0
2025-09-13 19:01:57,112 - DEBUG - https://huggingface.co:443 "HEAD /sentence-transformers/paraphrase-multilingual-MiniLM-L12-v2/resolve/main/config_sentence_transformers.json HTTP/1.1" 307 0
2025-09-13 19:01:57,212 - DEBUG - https://huggingface.co:443 "HEAD /api/resolve-cache/models/sentence-transformers/paraphrase-multilingual-MiniLM-L12-v2/86741b4e3f5cb7765a600d3a3d55a0f6a6cb443d/config_sentence_transformers.json HTTP/1.1" 200 0
2025-09-13 19:01:57,571 - DEBUG - https://huggingface.co:443 "HEAD /sentence-transformers/paraphrase-multilingual-MiniLM-L12-v2/resolve/main/config_sentence_transformers.json HTTP/1.1" 307 0
2025-09-13 19:01:57,641 - DEBUG - https://huggingface.co:443 "HEAD /api/resolve-cache/models/sentence-transformers/paraphrase-multilingual-MiniLM-L12-v2/86741b4e3f5cb7765a600d3a3d55a0f6a6cb443d/config_sentence_transformers.json HTTP/1.1" 200 0
2025-09-13 19:01:57,963 - DEBUG - https://huggingface.co:443 "HEAD /sentence-transformers/paraphrase-multilingual-MiniLM-L12-v2/resolve/main/README.md HTTP/1.1" 307 0
2025-09-13 19:01:58,011 - DEBUG - https://huggingface.co:443 "HEAD /api/resolve-cache/models/sentence-transformers/paraphrase-multilingual-MiniLM-L12-v2/86741b4e3f5cb7765a600d3a3d55a0f6a6cb443d/README.md HTTP/1.1" 200 0
2025-09-13 19:01:58,343 - DEBUG - https://huggingface.co:443 "HEAD /sentence-transformers/paraphrase-multilingual-MiniLM-L12-v2/resolve/main/modules.json HTTP/1.1" 307 0
2025-09-13 19:01:58,401 - DEBUG - https://huggingface.co:443 "HEAD /api/resolve-cache/models/sentence-transformers/paraphrase-multilingual-MiniLM-L12-v2/86741b4e3f5cb7765a600d3a3d55a0f6a6cb443d/modules.json HTTP/1.1" 200 0
2025-09-13 19:01:58,811 - DEBUG - https://huggingface.co:443 "HEAD /sentence-transformers/paraphrase-multilingual-MiniLM-L12-v2/resolve/main/sentence_bert_config.json HTTP/1.1" 307 0
2025-09-13 19:01:58,871 - DEBUG - https://huggingface.co:443 "HEAD /api/resolve-cache/models/sentence-transformers/paraphrase-multilingual-MiniLM-L12-v2/86741b4e3f5cb7765a600d3a3d55a0f6a6cb443d/sentence_bert_config.json HTTP/1.1" 200 0
2025-09-13 19:01:59,392 - DEBUG - https://huggingface.co:443 "HEAD /sentence-transformers/paraphrase-multilingual-MiniLM-L12-v2/resolve/main/adapter_config.json HTTP/1.1" 404 0
2025-09-13 19:01:59,801 - DEBUG - https://huggingface.co:443 "HEAD /sentence-transformers/paraphrase-multilingual-MiniLM-L12-v2/resolve/main/config.json HTTP/1.1" 307 0
2025-09-13 19:01:59,851 - DEBUG - https://huggingface.co:443 "HEAD /api/resolve-cache/models/sentence-transformers/paraphrase-multilingual-MiniLM-L12-v2/86741b4e3f5cb7765a600d3a3d55a0f6a6cb443d/config.json HTTP/1.1" 200 0
2025-09-13 19:02:00,413 - DEBUG - https://huggingface.co:443 "HEAD /sentence-transformers/paraphrase-multilingual-MiniLM-L12-v2/resolve/main/tokenizer_config.json HTTP/1.1" 307 0
2025-09-13 19:02:00,487 - DEBUG - https://huggingface.co:443 "HEAD /api/resolve-cache/models/sentence-transformers/paraphrase-multilingual-MiniLM-L12-v2/86741b4e3f5cb7765a600d3a3d55a0f6a6cb443d/tokenizer_config.json HTTP/1.1" 200 0
2025-09-13 19:02:00,902 - DEBUG - https://huggingface.co:443 "GET /api/models/sentence-transformers/paraphrase-multilingual-MiniLM-L12-v2/tree/main/additional_chat_templates?recursive=False&expand=False HTTP/1.1" 404 64
2025-09-13 19:02:02,043 - DEBUG - https://huggingface.co:443 "HEAD /sentence-transformers/paraphrase-multilingual-MiniLM-L12-v2/resolve/main/1_Pooling/config.json HTTP/1.1" 307 0
2025-09-13 19:02:02,116 - DEBUG - https://huggingface.co:443 "HEAD /api/resolve-cache/models/sentence-transformers/paraphrase-multilingual-MiniLM-L12-v2/86741b4e3f5cb7765a600d3a3d55a0f6a6cb443d/1_Pooling%2Fconfig.json HTTP/1.1" 200 0
2025-09-13 19:02:02,417 - DEBUG - https://huggingface.co:443 "GET /api/models/sentence-transformers/paraphrase-multilingual-MiniLM-L12-v2 HTTP/1.1" 200 6132
2025-09-13 19:02:02,422 - DEBUG - Đã load model embedding: paraphrase-multilingual-MiniLM-L12-v2
2025-09-13 19:02:02,423 - DEBUG - Đang đọc file disease_specialty.json
2025-09-13 19:02:02,423 - DEBUG - Đang đọc file specialty_package.json
2025-09-13 19:02:02,424 - DEBUG - Đang đọc file package_cost.json
2025-09-13 19:02:02,424 - DEBUG - Hợp nhất các biến thể bệnh
2025-09-13 19:02:02,424 - DEBUG - Đã tạo index: 65 bệnh, 5 chuyên khoa, 10 gói
2025-09-13 19:03:39,512 - INFO - Use pytorch device_name: cpu
2025-09-13 19:03:39,512 - INFO - Load pretrained SentenceTransformer: paraphrase-multilingual-MiniLM-L12-v2
2025-09-13 19:03:39,515 - DEBUG - Starting new HTTPS connection (1): huggingface.co:443
2025-09-13 19:03:40,412 - DEBUG - https://huggingface.co:443 "HEAD /sentence-transformers/paraphrase-multilingual-MiniLM-L12-v2/resolve/main/modules.json HTTP/1.1" 307 0
2025-09-13 19:03:40,493 - DEBUG - https://huggingface.co:443 "HEAD /api/resolve-cache/models/sentence-transformers/paraphrase-multilingual-MiniLM-L12-v2/86741b4e3f5cb7765a600d3a3d55a0f6a6cb443d/modules.json HTTP/1.1" 200 0
2025-09-13 19:03:40,971 - DEBUG - https://huggingface.co:443 "HEAD /sentence-transformers/paraphrase-multilingual-MiniLM-L12-v2/resolve/main/config_sentence_transformers.json HTTP/1.1" 307 0
2025-09-13 19:03:41,060 - DEBUG - https://huggingface.co:443 "HEAD /api/resolve-cache/models/sentence-transformers/paraphrase-multilingual-MiniLM-L12-v2/86741b4e3f5cb7765a600d3a3d55a0f6a6cb443d/config_sentence_transformers.json HTTP/1.1" 200 0
2025-09-13 19:03:41,853 - DEBUG - https://huggingface.co:443 "HEAD /sentence-transformers/paraphrase-multilingual-MiniLM-L12-v2/resolve/main/config_sentence_transformers.json HTTP/1.1" 307 0
2025-09-13 19:03:41,917 - DEBUG - https://huggingface.co:443 "HEAD /api/resolve-cache/models/sentence-transformers/paraphrase-multilingual-MiniLM-L12-v2/86741b4e3f5cb7765a600d3a3d55a0f6a6cb443d/config_sentence_transformers.json HTTP/1.1" 200 0
2025-09-13 19:03:42,337 - DEBUG - https://huggingface.co:443 "HEAD /sentence-transformers/paraphrase-multilingual-MiniLM-L12-v2/resolve/main/README.md HTTP/1.1" 307 0
2025-09-13 19:03:42,403 - DEBUG - https://huggingface.co:443 "HEAD /api/resolve-cache/models/sentence-transformers/paraphrase-multilingual-MiniLM-L12-v2/86741b4e3f5cb7765a600d3a3d55a0f6a6cb443d/README.md HTTP/1.1" 200 0
2025-09-13 19:03:42,711 - DEBUG - https://huggingface.co:443 "HEAD /sentence-transformers/paraphrase-multilingual-MiniLM-L12-v2/resolve/main/modules.json HTTP/1.1" 307 0
2025-09-13 19:03:42,775 - DEBUG - https://huggingface.co:443 "HEAD /api/resolve-cache/models/sentence-transformers/paraphrase-multilingual-MiniLM-L12-v2/86741b4e3f5cb7765a600d3a3d55a0f6a6cb443d/modules.json HTTP/1.1" 200 0
2025-09-13 19:03:43,081 - DEBUG - https://huggingface.co:443 "HEAD /sentence-transformers/paraphrase-multilingual-MiniLM-L12-v2/resolve/main/sentence_bert_config.json HTTP/1.1" 307 0
2025-09-13 19:03:43,147 - DEBUG - https://huggingface.co:443 "HEAD /api/resolve-cache/models/sentence-transformers/paraphrase-multilingual-MiniLM-L12-v2/86741b4e3f5cb7765a600d3a3d55a0f6a6cb443d/sentence_bert_config.json HTTP/1.1" 200 0
2025-09-13 19:03:43,505 - DEBUG - https://huggingface.co:443 "HEAD /sentence-transformers/paraphrase-multilingual-MiniLM-L12-v2/resolve/main/adapter_config.json HTTP/1.1" 404 0
2025-09-13 19:03:43,801 - DEBUG - https://huggingface.co:443 "HEAD /sentence-transformers/paraphrase-multilingual-MiniLM-L12-v2/resolve/main/config.json HTTP/1.1" 307 0
2025-09-13 19:03:43,865 - DEBUG - https://huggingface.co:443 "HEAD /api/resolve-cache/models/sentence-transformers/paraphrase-multilingual-MiniLM-L12-v2/86741b4e3f5cb7765a600d3a3d55a0f6a6cb443d/config.json HTTP/1.1" 200 0
2025-09-13 19:03:44,353 - DEBUG - https://huggingface.co:443 "HEAD /sentence-transformers/paraphrase-multilingual-MiniLM-L12-v2/resolve/main/tokenizer_config.json HTTP/1.1" 307 0
2025-09-13 19:03:44,410 - DEBUG - https://huggingface.co:443 "HEAD /api/resolve-cache/models/sentence-transformers/paraphrase-multilingual-MiniLM-L12-v2/86741b4e3f5cb7765a600d3a3d55a0f6a6cb443d/tokenizer_config.json HTTP/1.1" 200 0
2025-09-13 19:03:44,701 - DEBUG - https://huggingface.co:443 "GET /api/models/sentence-transformers/paraphrase-multilingual-MiniLM-L12-v2/tree/main/additional_chat_templates?recursive=False&expand=False HTTP/1.1" 404 64
2025-09-13 19:03:45,700 - DEBUG - https://huggingface.co:443 "HEAD /sentence-transformers/paraphrase-multilingual-MiniLM-L12-v2/resolve/main/1_Pooling/config.json HTTP/1.1" 307 0
2025-09-13 19:03:45,761 - DEBUG - https://huggingface.co:443 "HEAD /api/resolve-cache/models/sentence-transformers/paraphrase-multilingual-MiniLM-L12-v2/86741b4e3f5cb7765a600d3a3d55a0f6a6cb443d/1_Pooling%2Fconfig.json HTTP/1.1" 200 0
2025-09-13 19:03:46,151 - DEBUG - https://huggingface.co:443 "GET /api/models/sentence-transformers/paraphrase-multilingual-MiniLM-L12-v2 HTTP/1.1" 200 6132
2025-09-13 19:03:46,151 - DEBUG - Đã load model embedding: paraphrase-multilingual-MiniLM-L12-v2
2025-09-13 19:03:46,151 - DEBUG - Đang đọc file disease_specialty.json
2025-09-13 19:03:46,151 - DEBUG - Đang đọc file specialty_package.json
2025-09-13 19:03:46,161 - DEBUG - Đang đọc file package_cost.json
2025-09-13 19:03:46,161 - DEBUG - Hợp nhất các biến thể bệnh
2025-09-13 19:03:46,161 - DEBUG - Đã tạo index: 65 bệnh, 5 chuyên khoa, 10 gói
2025-09-13 19:03:46,405 - DEBUG - Using proactor: IocpProactor
2025-09-13 19:03:48,661 - DEBUG - Initializing InMemoryTaskStore
2025-09-13 19:04:27,513 - DEBUG - Start async tracer
2025-09-13 19:04:27,513 - DEBUG - TaskManager initialized with task_id: None, context_id: None
2025-09-13 19:04:27,513 - DEBUG - task_id is not set, cannot get task.
2025-09-13 19:04:27,513 - DEBUG - Start async tracer
2025-09-13 19:04:27,513 - DEBUG - EventQueue initialized.
2025-09-13 19:04:27,513 - DEBUG - Start async tracer
2025-09-13 19:04:27,513 - DEBUG - EventConsumer initialized
2025-09-13 19:04:27,513 - DEBUG - Starting to consume all events from the queue.
2025-09-13 19:04:27,513 - DEBUG - Start async tracer
2025-09-13 19:04:27,513 - DEBUG - Attempting to dequeue event (waiting).
2025-09-13 19:04:27,513 - DEBUG - Start async tracer
2025-09-13 19:04:27,513 - DEBUG - Agent task callback triggered.
2025-09-13 19:04:28,027 - DEBUG - CancelledError in span a2a.server.events.event_queue.EventQueue.dequeue_event
2025-09-13 19:04:28,027 - DEBUG - Start async tracer
2025-09-13 20:09:25,025 - DEBUG - Start async tracer
2025-09-13 20:09:25,025 - DEBUG - TaskManager initialized with task_id: None, context_id: None
2025-09-13 20:09:25,025 - DEBUG - task_id is not set, cannot get task.
2025-09-13 20:09:25,025 - DEBUG - Start async tracer
2025-09-13 20:09:25,025 - DEBUG - EventQueue initialized.
2025-09-13 20:09:25,025 - DEBUG - Start async tracer
2025-09-13 20:09:25,025 - DEBUG - EventConsumer initialized
2025-09-13 20:09:25,025 - DEBUG - Starting to consume all events from the queue.
2025-09-13 20:09:25,025 - DEBUG - Start async tracer
2025-09-13 20:09:25,025 - DEBUG - Attempting to dequeue event (waiting).
2025-09-13 20:09:25,025 - DEBUG - Start async tracer
2025-09-13 20:09:25,025 - DEBUG - Agent task callback triggered.
2025-09-13 20:09:25,539 - DEBUG - CancelledError in span a2a.server.events.event_queue.EventQueue.dequeue_event
2025-09-13 20:09:25,539 - DEBUG - Start async tracer
2025-09-13 20:16:28,809 - INFO - Use pytorch device_name: cpu
2025-09-13 20:16:28,809 - INFO - Load pretrained SentenceTransformer: paraphrase-multilingual-MiniLM-L12-v2
2025-09-13 20:16:28,811 - DEBUG - Starting new HTTPS connection (1): huggingface.co:443
2025-09-13 20:16:29,574 - DEBUG - https://huggingface.co:443 "HEAD /sentence-transformers/paraphrase-multilingual-MiniLM-L12-v2/resolve/main/modules.json HTTP/1.1" 307 0
2025-09-13 20:16:29,713 - DEBUG - https://huggingface.co:443 "HEAD /api/resolve-cache/models/sentence-transformers/paraphrase-multilingual-MiniLM-L12-v2/86741b4e3f5cb7765a600d3a3d55a0f6a6cb443d/modules.json HTTP/1.1" 200 0
2025-09-13 20:16:30,153 - DEBUG - https://huggingface.co:443 "HEAD /sentence-transformers/paraphrase-multilingual-MiniLM-L12-v2/resolve/main/config_sentence_transformers.json HTTP/1.1" 307 0
2025-09-13 20:16:30,244 - DEBUG - https://huggingface.co:443 "HEAD /api/resolve-cache/models/sentence-transformers/paraphrase-multilingual-MiniLM-L12-v2/86741b4e3f5cb7765a600d3a3d55a0f6a6cb443d/config_sentence_transformers.json HTTP/1.1" 200 0
2025-09-13 20:16:30,559 - DEBUG - https://huggingface.co:443 "HEAD /sentence-transformers/paraphrase-multilingual-MiniLM-L12-v2/resolve/main/config_sentence_transformers.json HTTP/1.1" 307 0
2025-09-13 20:16:30,604 - DEBUG - https://huggingface.co:443 "HEAD /api/resolve-cache/models/sentence-transformers/paraphrase-multilingual-MiniLM-L12-v2/86741b4e3f5cb7765a600d3a3d55a0f6a6cb443d/config_sentence_transformers.json HTTP/1.1" 200 0
2025-09-13 20:16:31,514 - DEBUG - https://huggingface.co:443 "HEAD /sentence-transformers/paraphrase-multilingual-MiniLM-L12-v2/resolve/main/README.md HTTP/1.1" 307 0
2025-09-13 20:16:31,564 - DEBUG - https://huggingface.co:443 "HEAD /api/resolve-cache/models/sentence-transformers/paraphrase-multilingual-MiniLM-L12-v2/86741b4e3f5cb7765a600d3a3d55a0f6a6cb443d/README.md HTTP/1.1" 200 0
2025-09-13 20:16:31,998 - DEBUG - https://huggingface.co:443 "HEAD /sentence-transformers/paraphrase-multilingual-MiniLM-L12-v2/resolve/main/modules.json HTTP/1.1" 307 0
2025-09-13 20:16:32,075 - DEBUG - https://huggingface.co:443 "HEAD /api/resolve-cache/models/sentence-transformers/paraphrase-multilingual-MiniLM-L12-v2/86741b4e3f5cb7765a600d3a3d55a0f6a6cb443d/modules.json HTTP/1.1" 200 0
2025-09-13 20:16:32,381 - DEBUG - https://huggingface.co:443 "HEAD /sentence-transformers/paraphrase-multilingual-MiniLM-L12-v2/resolve/main/sentence_bert_config.json HTTP/1.1" 307 0
2025-09-13 20:16:32,425 - DEBUG - https://huggingface.co:443 "HEAD /api/resolve-cache/models/sentence-transformers/paraphrase-multilingual-MiniLM-L12-v2/86741b4e3f5cb7765a600d3a3d55a0f6a6cb443d/sentence_bert_config.json HTTP/1.1" 200 0
2025-09-13 20:16:32,796 - DEBUG - https://huggingface.co:443 "HEAD /sentence-transformers/paraphrase-multilingual-MiniLM-L12-v2/resolve/main/adapter_config.json HTTP/1.1" 404 0
2025-09-13 20:16:33,274 - DEBUG - https://huggingface.co:443 "HEAD /sentence-transformers/paraphrase-multilingual-MiniLM-L12-v2/resolve/main/config.json HTTP/1.1" 307 0
2025-09-13 20:16:33,366 - DEBUG - https://huggingface.co:443 "HEAD /api/resolve-cache/models/sentence-transformers/paraphrase-multilingual-MiniLM-L12-v2/86741b4e3f5cb7765a600d3a3d55a0f6a6cb443d/config.json HTTP/1.1" 200 0
2025-09-13 20:16:33,764 - DEBUG - https://huggingface.co:443 "HEAD /sentence-transformers/paraphrase-multilingual-MiniLM-L12-v2/resolve/main/tokenizer_config.json HTTP/1.1" 307 0
2025-09-13 20:16:33,813 - DEBUG - https://huggingface.co:443 "HEAD /api/resolve-cache/models/sentence-transformers/paraphrase-multilingual-MiniLM-L12-v2/86741b4e3f5cb7765a600d3a3d55a0f6a6cb443d/tokenizer_config.json HTTP/1.1" 200 0
2025-09-13 20:16:34,394 - DEBUG - https://huggingface.co:443 "GET /api/models/sentence-transformers/paraphrase-multilingual-MiniLM-L12-v2/tree/main/additional_chat_templates?recursive=False&expand=False HTTP/1.1" 404 64
2025-09-13 20:16:35,413 - DEBUG - https://huggingface.co:443 "HEAD /sentence-transformers/paraphrase-multilingual-MiniLM-L12-v2/resolve/main/1_Pooling/config.json HTTP/1.1" 307 0
2025-09-13 20:16:35,607 - DEBUG - https://huggingface.co:443 "HEAD /api/resolve-cache/models/sentence-transformers/paraphrase-multilingual-MiniLM-L12-v2/86741b4e3f5cb7765a600d3a3d55a0f6a6cb443d/1_Pooling%2Fconfig.json HTTP/1.1" 200 0
2025-09-13 20:16:36,004 - DEBUG - https://huggingface.co:443 "GET /api/models/sentence-transformers/paraphrase-multilingual-MiniLM-L12-v2 HTTP/1.1" 200 6132
2025-09-13 20:16:36,013 - DEBUG - Đã load model embedding: paraphrase-multilingual-MiniLM-L12-v2
2025-09-13 20:16:36,013 - DEBUG - Đang đọc file disease_specialty.json
2025-09-13 20:16:36,013 - DEBUG - Đang đọc file specialty_package.json
2025-09-13 20:16:36,013 - DEBUG - Đang đọc file package_cost.json
2025-09-13 20:16:36,013 - DEBUG - Hợp nhất các biến thể bệnh
2025-09-13 20:16:36,013 - DEBUG - Đã tạo index: 65 bệnh, 5 chuyên khoa, 10 gói
2025-09-13 20:16:36,262 - DEBUG - Using proactor: IocpProactor
2025-09-13 20:16:38,500 - DEBUG - Initializing InMemoryTaskStore
2025-09-13 20:17:47,633 - DEBUG - Start async tracer
2025-09-13 20:17:47,633 - DEBUG - TaskManager initialized with task_id: None, context_id: None
2025-09-13 20:17:47,633 - DEBUG - task_id is not set, cannot get task.
2025-09-13 20:17:47,633 - DEBUG - Start async tracer
2025-09-13 20:17:47,633 - DEBUG - EventQueue initialized.
2025-09-13 20:17:47,633 - DEBUG - Start async tracer
2025-09-13 20:17:47,633 - DEBUG - EventConsumer initialized
2025-09-13 20:17:47,633 - DEBUG - Starting to consume all events from the queue.
2025-09-13 20:17:47,633 - DEBUG - Start async tracer
2025-09-13 20:17:47,633 - DEBUG - Attempting to dequeue event (waiting).
2025-09-13 20:17:47,633 - DEBUG - Start async tracer
2025-09-13 20:17:47,633 - DEBUG - Agent task callback triggered.
2025-09-13 20:17:48,110 - DEBUG - CancelledError in span a2a.server.events.event_queue.EventQueue.dequeue_event
2025-09-13 20:17:48,110 - DEBUG - Start async tracer
2025-09-14 09:30:24,759 - DEBUG - Start async tracer
2025-09-14 09:30:24,763 - DEBUG - TaskManager initialized with task_id: None, context_id: None
2025-09-14 09:30:24,763 - DEBUG - task_id is not set, cannot get task.
2025-09-14 09:30:24,763 - DEBUG - Start async tracer
2025-09-14 09:30:24,763 - DEBUG - EventQueue initialized.
2025-09-14 09:30:24,763 - DEBUG - Start async tracer
2025-09-14 09:30:24,763 - DEBUG - EventConsumer initialized
2025-09-14 09:30:24,763 - DEBUG - Starting to consume all events from the queue.
2025-09-14 09:30:24,765 - DEBUG - Start async tracer
2025-09-14 09:30:24,765 - DEBUG - Attempting to dequeue event (waiting).
2025-09-14 09:30:24,765 - DEBUG - Start async tracer
2025-09-14 09:30:24,765 - DEBUG - Agent task callback triggered.
2025-09-14 09:30:25,265 - DEBUG - CancelledError in span a2a.server.events.event_queue.EventQueue.dequeue_event
2025-09-14 09:30:25,265 - DEBUG - Start async tracer
2025-09-14 09:53:43,723 - INFO - Use pytorch device_name: cpu
2025-09-14 09:53:43,728 - INFO - Load pretrained SentenceTransformer: paraphrase-multilingual-MiniLM-L12-v2
2025-09-14 09:53:43,728 - DEBUG - Starting new HTTPS connection (1): huggingface.co:443
2025-09-14 09:53:44,508 - DEBUG - https://huggingface.co:443 "HEAD /sentence-transformers/paraphrase-multilingual-MiniLM-L12-v2/resolve/main/modules.json HTTP/1.1" 307 0
2025-09-14 09:53:44,598 - DEBUG - https://huggingface.co:443 "HEAD /api/resolve-cache/models/sentence-transformers/paraphrase-multilingual-MiniLM-L12-v2/86741b4e3f5cb7765a600d3a3d55a0f6a6cb443d/modules.json HTTP/1.1" 200 0
2025-09-14 09:53:44,930 - DEBUG - https://huggingface.co:443 "HEAD /sentence-transformers/paraphrase-multilingual-MiniLM-L12-v2/resolve/main/config_sentence_transformers.json HTTP/1.1" 307 0
2025-09-14 09:53:44,988 - DEBUG - https://huggingface.co:443 "HEAD /api/resolve-cache/models/sentence-transformers/paraphrase-multilingual-MiniLM-L12-v2/86741b4e3f5cb7765a600d3a3d55a0f6a6cb443d/config_sentence_transformers.json HTTP/1.1" 200 0
2025-09-14 09:53:45,938 - DEBUG - https://huggingface.co:443 "HEAD /sentence-transformers/paraphrase-multilingual-MiniLM-L12-v2/resolve/main/config_sentence_transformers.json HTTP/1.1" 307 0
2025-09-14 09:53:46,008 - DEBUG - https://huggingface.co:443 "HEAD /api/resolve-cache/models/sentence-transformers/paraphrase-multilingual-MiniLM-L12-v2/86741b4e3f5cb7765a600d3a3d55a0f6a6cb443d/config_sentence_transformers.json HTTP/1.1" 200 0
2025-09-14 09:53:46,568 - DEBUG - https://huggingface.co:443 "HEAD /sentence-transformers/paraphrase-multilingual-MiniLM-L12-v2/resolve/main/README.md HTTP/1.1" 307 0
2025-09-14 09:53:46,693 - DEBUG - https://huggingface.co:443 "HEAD /api/resolve-cache/models/sentence-transformers/paraphrase-multilingual-MiniLM-L12-v2/86741b4e3f5cb7765a600d3a3d55a0f6a6cb443d/README.md HTTP/1.1" 200 0
2025-09-14 09:53:47,555 - DEBUG - https://huggingface.co:443 "HEAD /sentence-transformers/paraphrase-multilingual-MiniLM-L12-v2/resolve/main/modules.json HTTP/1.1" 307 0
2025-09-14 09:53:47,634 - DEBUG - https://huggingface.co:443 "HEAD /api/resolve-cache/models/sentence-transformers/paraphrase-multilingual-MiniLM-L12-v2/86741b4e3f5cb7765a600d3a3d55a0f6a6cb443d/modules.json HTTP/1.1" 200 0
2025-09-14 09:53:48,520 - DEBUG - https://huggingface.co:443 "HEAD /sentence-transformers/paraphrase-multilingual-MiniLM-L12-v2/resolve/main/sentence_bert_config.json HTTP/1.1" 307 0
2025-09-14 09:53:48,590 - DEBUG - https://huggingface.co:443 "HEAD /api/resolve-cache/models/sentence-transformers/paraphrase-multilingual-MiniLM-L12-v2/86741b4e3f5cb7765a600d3a3d55a0f6a6cb443d/sentence_bert_config.json HTTP/1.1" 200 0
2025-09-14 09:53:49,388 - DEBUG - https://huggingface.co:443 "HEAD /sentence-transformers/paraphrase-multilingual-MiniLM-L12-v2/resolve/main/adapter_config.json HTTP/1.1" 404 0
2025-09-14 09:53:49,790 - DEBUG - https://huggingface.co:443 "HEAD /sentence-transformers/paraphrase-multilingual-MiniLM-L12-v2/resolve/main/config.json HTTP/1.1" 307 0
2025-09-14 09:53:49,958 - DEBUG - https://huggingface.co:443 "HEAD /api/resolve-cache/models/sentence-transformers/paraphrase-multilingual-MiniLM-L12-v2/86741b4e3f5cb7765a600d3a3d55a0f6a6cb443d/config.json HTTP/1.1" 200 0
2025-09-14 09:53:50,988 - DEBUG - https://huggingface.co:443 "HEAD /sentence-transformers/paraphrase-multilingual-MiniLM-L12-v2/resolve/main/tokenizer_config.json HTTP/1.1" 307 0
2025-09-14 09:53:51,077 - DEBUG - https://huggingface.co:443 "HEAD /api/resolve-cache/models/sentence-transformers/paraphrase-multilingual-MiniLM-L12-v2/86741b4e3f5cb7765a600d3a3d55a0f6a6cb443d/tokenizer_config.json HTTP/1.1" 200 0
2025-09-14 09:53:51,404 - DEBUG - https://huggingface.co:443 "GET /api/models/sentence-transformers/paraphrase-multilingual-MiniLM-L12-v2/tree/main/additional_chat_templates?recursive=False&expand=False HTTP/1.1" 404 64
2025-09-14 09:53:52,518 - DEBUG - https://huggingface.co:443 "HEAD /sentence-transformers/paraphrase-multilingual-MiniLM-L12-v2/resolve/main/1_Pooling/config.json HTTP/1.1" 307 0
2025-09-14 09:53:52,585 - DEBUG - https://huggingface.co:443 "HEAD /api/resolve-cache/models/sentence-transformers/paraphrase-multilingual-MiniLM-L12-v2/86741b4e3f5cb7765a600d3a3d55a0f6a6cb443d/1_Pooling%2Fconfig.json HTTP/1.1" 200 0
2025-09-14 09:53:52,888 - DEBUG - https://huggingface.co:443 "GET /api/models/sentence-transformers/paraphrase-multilingual-MiniLM-L12-v2 HTTP/1.1" 200 6132
2025-09-14 09:53:52,898 - DEBUG - Đã load model embedding: paraphrase-multilingual-MiniLM-L12-v2
2025-09-14 09:53:52,898 - DEBUG - Đang đọc file disease_specialty.json
2025-09-14 09:53:52,908 - DEBUG - Đang đọc file specialty_package.json
2025-09-14 09:53:52,908 - DEBUG - Đang đọc file package_cost.json
2025-09-14 09:53:52,918 - DEBUG - Hợp nhất các biến thể bệnh
2025-09-14 09:53:52,918 - DEBUG - Đã tạo index: 65 bệnh, 5 chuyên khoa, 10 gói
2025-09-14 09:53:53,178 - DEBUG - Using proactor: IocpProactor
2025-09-14 09:53:55,588 - DEBUG - Initializing InMemoryTaskStore
2025-09-14 09:55:05,520 - DEBUG - Start async tracer
2025-09-14 09:55:05,520 - DEBUG - TaskManager initialized with task_id: None, context_id: None
2025-09-14 09:55:05,520 - DEBUG - task_id is not set, cannot get task.
2025-09-14 09:55:05,520 - DEBUG - Start async tracer
2025-09-14 09:55:05,520 - DEBUG - EventQueue initialized.
2025-09-14 09:55:05,520 - DEBUG - Start async tracer
2025-09-14 09:55:05,523 - DEBUG - EventConsumer initialized
2025-09-14 09:55:05,523 - DEBUG - Starting to consume all events from the queue.
2025-09-14 09:55:05,523 - DEBUG - Start async tracer
2025-09-14 09:55:05,523 - DEBUG - Attempting to dequeue event (waiting).
2025-09-14 09:55:05,524 - DEBUG - Start async tracer
2025-09-14 09:55:05,525 - DEBUG - Start async tracer
2025-09-14 09:55:05,525 - DEBUG - Enqueuing event of type: <class 'a2a.types.TaskStatusUpdateEvent'>
2025-09-14 09:55:05,525 - DEBUG - Start async tracer
2025-09-14 09:55:05,525 - DEBUG - Enqueuing event of type: <class 'a2a.types.TaskStatusUpdateEvent'>
2025-09-14 09:55:05,544 - DEBUG - Dequeued event (waited) of type: <class 'a2a.types.TaskStatusUpdateEvent'>
2025-09-14 09:55:05,544 - DEBUG - Dequeued event of type: <class 'a2a.types.TaskStatusUpdateEvent'> in consume_all.
2025-09-14 09:55:05,544 - DEBUG - Marking task as done in EventQueue.
2025-09-14 09:55:05,544 - DEBUG - Marked task as done in event queue in consume_all
2025-09-14 09:55:05,544 - DEBUG - Processing save of task event of type TaskStatusUpdateEvent for task_id: 327c146c-2c43-4a48-8939-a2687189968d
2025-09-14 09:55:05,545 - DEBUG - Attempting to retrieve existing task with id: 327c146c-2c43-4a48-8939-a2687189968d
2025-09-14 09:55:05,545 - DEBUG - Attempting to get task with id: 327c146c-2c43-4a48-8939-a2687189968d
2025-09-14 09:55:05,545 - DEBUG - Task 327c146c-2c43-4a48-8939-a2687189968d not found in store.
2025-09-14 09:55:05,545 - INFO - Task not found or task_id not set. Creating new task for event (task_id: 327c146c-2c43-4a48-8939-a2687189968d, context_id: 37c885d4-1ace-436d-82a2-690bacbf6ca4).
2025-09-14 09:55:05,546 - DEBUG - Initializing new Task object with task_id: 327c146c-2c43-4a48-8939-a2687189968d, context_id: 37c885d4-1ace-436d-82a2-690bacbf6ca4
2025-09-14 09:55:05,546 - DEBUG - Saving task with id: 327c146c-2c43-4a48-8939-a2687189968d
2025-09-14 09:55:05,546 - DEBUG - Task 327c146c-2c43-4a48-8939-a2687189968d saved successfully.
2025-09-14 09:55:05,546 - DEBUG - Updating task 327c146c-2c43-4a48-8939-a2687189968d status to: TaskState.submitted
2025-09-14 09:55:05,546 - DEBUG - Saving task with id: 327c146c-2c43-4a48-8939-a2687189968d
2025-09-14 09:55:05,548 - DEBUG - Task 327c146c-2c43-4a48-8939-a2687189968d saved successfully.
2025-09-14 09:55:05,548 - DEBUG - Start async tracer
2025-09-14 09:55:05,548 - DEBUG - chunk: b'data: {"id":"853d004f-7dc2-416c-92bf-93f816904dc6","jsonrpc":"2.0","result":{"contextId":"37c885d4-1ace-436d-82a2-690bacbf6ca4","final":false,"kind":"status-update","status":{"state":"submitted","timestamp":"2025-09-14T02:55:05.524949+00:00"},"taskId":"327c146c-2c43-4a48-8939-a2687189968d"}}\r\n\r\n'
2025-09-14 09:55:05,548 - DEBUG - Start async tracer
2025-09-14 09:55:05,548 - DEBUG - Attempting to dequeue event (waiting).
2025-09-14 09:55:05,548 - DEBUG - Dequeued event (waited) of type: <class 'a2a.types.TaskStatusUpdateEvent'>
2025-09-14 09:55:05,548 - DEBUG - Dequeued event of type: <class 'a2a.types.TaskStatusUpdateEvent'> in consume_all.
2025-09-14 09:55:05,548 - DEBUG - Marking task as done in EventQueue.
2025-09-14 09:55:05,548 - DEBUG - Marked task as done in event queue in consume_all
2025-09-14 09:55:05,548 - DEBUG - Processing save of task event of type TaskStatusUpdateEvent for task_id: 327c146c-2c43-4a48-8939-a2687189968d
2025-09-14 09:55:05,548 - DEBUG - Updating task 327c146c-2c43-4a48-8939-a2687189968d status to: TaskState.working
2025-09-14 09:55:05,548 - DEBUG - Saving task with id: 327c146c-2c43-4a48-8939-a2687189968d
2025-09-14 09:55:05,548 - DEBUG - Task 327c146c-2c43-4a48-8939-a2687189968d saved successfully.
2025-09-14 09:55:05,548 - DEBUG - Start async tracer
2025-09-14 09:55:05,548 - DEBUG - chunk: b'data: {"id":"853d004f-7dc2-416c-92bf-93f816904dc6","jsonrpc":"2.0","result":{"contextId":"37c885d4-1ace-436d-82a2-690bacbf6ca4","final":false,"kind":"status-update","status":{"state":"working","timestamp":"2025-09-14T02:55:05.525298+00:00"},"taskId":"327c146c-2c43-4a48-8939-a2687189968d"}}\r\n\r\n'
2025-09-14 09:55:05,548 - DEBUG - Start async tracer
2025-09-14 09:55:05,548 - DEBUG - Attempting to dequeue event (waiting).
2025-09-14 09:55:05,553 - ERROR - CostAgentExecutor error: 'dict' object has no attribute 'data'
2025-09-14 09:55:05,553 - DEBUG - Start async tracer
2025-09-14 09:55:05,553 - DEBUG - Enqueuing event of type: <class 'a2a.types.TaskStatusUpdateEvent'>
2025-09-14 09:55:05,553 - DEBUG - Start async tracer
2025-09-14 09:55:05,553 - DEBUG - Closing EventQueue.
2025-09-14 09:55:05,553 - DEBUG - Dequeued event (waited) of type: <class 'a2a.types.TaskStatusUpdateEvent'>
2025-09-14 09:55:05,553 - DEBUG - Dequeued event of type: <class 'a2a.types.TaskStatusUpdateEvent'> in consume_all.
2025-09-14 09:55:05,553 - DEBUG - Marking task as done in EventQueue.
2025-09-14 09:55:05,553 - DEBUG - Marked task as done in event queue in consume_all
2025-09-14 09:55:05,553 - DEBUG - Stopping event consumption in consume_all.
2025-09-14 09:55:05,553 - DEBUG - Start async tracer
2025-09-14 09:55:05,553 - DEBUG - Closing EventQueue.
2025-09-14 09:55:05,553 - DEBUG - Processing save of task event of type TaskStatusUpdateEvent for task_id: 327c146c-2c43-4a48-8939-a2687189968d
2025-09-14 09:55:05,553 - DEBUG - Updating task 327c146c-2c43-4a48-8939-a2687189968d status to: TaskState.failed
2025-09-14 09:55:05,553 - DEBUG - Saving task with id: 327c146c-2c43-4a48-8939-a2687189968d
2025-09-14 09:55:05,553 - DEBUG - Task 327c146c-2c43-4a48-8939-a2687189968d saved successfully.
2025-09-14 09:55:05,553 - DEBUG - Start async tracer
2025-09-14 09:55:05,553 - DEBUG - chunk: b'data: {"id":"853d004f-7dc2-416c-92bf-93f816904dc6","jsonrpc":"2.0","result":{"contextId":"37c885d4-1ace-436d-82a2-690bacbf6ca4","final":true,"kind":"status-update","status":{"state":"failed","timestamp":"2025-09-14T02:55:05.553383+00:00"},"taskId":"327c146c-2c43-4a48-8939-a2687189968d"}}\r\n\r\n'
2025-09-14 09:55:05,553 - DEBUG - Start async tracer
2025-09-14 09:55:05,560 - DEBUG - Agent task callback triggered.
2025-09-14 09:55:05,560 - DEBUG - Start async tracer
2025-09-14 09:55:05,560 - DEBUG - Start async tracer
2025-09-14 09:55:05,560 - DEBUG - Closing EventQueue.
2025-09-14 09:55:05,560 - DEBUG - Got event: http.disconnect. Stop streaming.
2025-09-14 09:55:05,572 - DEBUG - Using AsyncIOEngine.POLLER as I/O engine
2025-09-14 10:06:44,557 - DEBUG - Start async tracer
2025-09-14 10:06:44,557 - DEBUG - TaskManager initialized with task_id: None, context_id: None
2025-09-14 10:06:44,557 - DEBUG - task_id is not set, cannot get task.
2025-09-14 10:06:44,557 - DEBUG - Start async tracer
2025-09-14 10:06:44,557 - DEBUG - EventQueue initialized.
2025-09-14 10:06:44,557 - DEBUG - Start async tracer
2025-09-14 10:06:44,557 - DEBUG - EventConsumer initialized
2025-09-14 10:06:44,557 - DEBUG - Starting to consume all events from the queue.
2025-09-14 10:06:44,557 - DEBUG - Start async tracer
2025-09-14 10:06:44,557 - DEBUG - Attempting to dequeue event (waiting).
2025-09-14 10:06:44,557 - DEBUG - Start async tracer
2025-09-14 10:06:44,557 - DEBUG - Start async tracer
2025-09-14 10:06:44,557 - DEBUG - Enqueuing event of type: <class 'a2a.types.TaskStatusUpdateEvent'>
2025-09-14 10:06:44,557 - DEBUG - Start async tracer
2025-09-14 10:06:44,557 - DEBUG - Enqueuing event of type: <class 'a2a.types.TaskStatusUpdateEvent'>
2025-09-14 10:06:44,568 - DEBUG - Dequeued event (waited) of type: <class 'a2a.types.TaskStatusUpdateEvent'>
2025-09-14 10:06:44,568 - DEBUG - Dequeued event of type: <class 'a2a.types.TaskStatusUpdateEvent'> in consume_all.
2025-09-14 10:06:44,568 - DEBUG - Marking task as done in EventQueue.
2025-09-14 10:06:44,568 - DEBUG - Marked task as done in event queue in consume_all
2025-09-14 10:06:44,568 - DEBUG - Processing save of task event of type TaskStatusUpdateEvent for task_id: 2826c41f-e1d7-4177-a351-c1c4a65828ea
2025-09-14 10:06:44,573 - DEBUG - Attempting to retrieve existing task with id: 2826c41f-e1d7-4177-a351-c1c4a65828ea
2025-09-14 10:06:44,573 - DEBUG - Attempting to get task with id: 2826c41f-e1d7-4177-a351-c1c4a65828ea
2025-09-14 10:06:44,573 - DEBUG - Task 2826c41f-e1d7-4177-a351-c1c4a65828ea not found in store.
2025-09-14 10:06:44,573 - INFO - Task not found or task_id not set. Creating new task for event (task_id: 2826c41f-e1d7-4177-a351-c1c4a65828ea, context_id: 63325a13-9967-43f2-b916-1a09f8110d33).
2025-09-14 10:06:44,573 - DEBUG - Initializing new Task object with task_id: 2826c41f-e1d7-4177-a351-c1c4a65828ea, context_id: 63325a13-9967-43f2-b916-1a09f8110d33
2025-09-14 10:06:44,573 - DEBUG - Saving task with id: 2826c41f-e1d7-4177-a351-c1c4a65828ea
2025-09-14 10:06:44,573 - DEBUG - Task 2826c41f-e1d7-4177-a351-c1c4a65828ea saved successfully.
2025-09-14 10:06:44,573 - DEBUG - Updating task 2826c41f-e1d7-4177-a351-c1c4a65828ea status to: TaskState.submitted
2025-09-14 10:06:44,573 - DEBUG - Saving task with id: 2826c41f-e1d7-4177-a351-c1c4a65828ea
2025-09-14 10:06:44,573 - DEBUG - Task 2826c41f-e1d7-4177-a351-c1c4a65828ea saved successfully.
2025-09-14 10:06:44,573 - DEBUG - Start async tracer
2025-09-14 10:06:44,576 - DEBUG - chunk: b'data: {"id":"20dd837a-182a-4fbc-b298-fdd30c4f83d0","jsonrpc":"2.0","result":{"contextId":"63325a13-9967-43f2-b916-1a09f8110d33","final":false,"kind":"status-update","status":{"state":"submitted","timestamp":"2025-09-14T03:06:44.557375+00:00"},"taskId":"2826c41f-e1d7-4177-a351-c1c4a65828ea"}}\r\n\r\n'
2025-09-14 10:06:44,576 - DEBUG - Start async tracer
2025-09-14 10:06:44,576 - DEBUG - Attempting to dequeue event (waiting).
2025-09-14 10:06:44,576 - DEBUG - Dequeued event (waited) of type: <class 'a2a.types.TaskStatusUpdateEvent'>
2025-09-14 10:06:44,576 - DEBUG - Dequeued event of type: <class 'a2a.types.TaskStatusUpdateEvent'> in consume_all.
2025-09-14 10:06:44,576 - DEBUG - Marking task as done in EventQueue.
2025-09-14 10:06:44,576 - DEBUG - Marked task as done in event queue in consume_all
2025-09-14 10:06:44,576 - DEBUG - Processing save of task event of type TaskStatusUpdateEvent for task_id: 2826c41f-e1d7-4177-a351-c1c4a65828ea
2025-09-14 10:06:44,576 - DEBUG - Updating task 2826c41f-e1d7-4177-a351-c1c4a65828ea status to: TaskState.working
2025-09-14 10:06:44,576 - DEBUG - Saving task with id: 2826c41f-e1d7-4177-a351-c1c4a65828ea
2025-09-14 10:06:44,576 - DEBUG - Task 2826c41f-e1d7-4177-a351-c1c4a65828ea saved successfully.
2025-09-14 10:06:44,576 - DEBUG - Start async tracer
2025-09-14 10:06:44,576 - DEBUG - chunk: b'data: {"id":"20dd837a-182a-4fbc-b298-fdd30c4f83d0","jsonrpc":"2.0","result":{"contextId":"63325a13-9967-43f2-b916-1a09f8110d33","final":false,"kind":"status-update","status":{"state":"working","timestamp":"2025-09-14T03:06:44.557375+00:00"},"taskId":"2826c41f-e1d7-4177-a351-c1c4a65828ea"}}\r\n\r\n'
2025-09-14 10:06:44,576 - DEBUG - Start async tracer
2025-09-14 10:06:44,576 - DEBUG - Attempting to dequeue event (waiting).
2025-09-14 10:06:44,576 - ERROR - CostAgentExecutor error: 'dict' object has no attribute 'data'
2025-09-14 10:06:44,576 - DEBUG - Start async tracer
2025-09-14 10:06:44,576 - DEBUG - Enqueuing event of type: <class 'a2a.types.TaskStatusUpdateEvent'>
2025-09-14 10:06:44,576 - DEBUG - Start async tracer
2025-09-14 10:06:44,576 - DEBUG - Closing EventQueue.
2025-09-14 10:06:44,576 - DEBUG - Dequeued event (waited) of type: <class 'a2a.types.TaskStatusUpdateEvent'>
2025-09-14 10:06:44,576 - DEBUG - Dequeued event of type: <class 'a2a.types.TaskStatusUpdateEvent'> in consume_all.
2025-09-14 10:06:44,576 - DEBUG - Marking task as done in EventQueue.
2025-09-14 10:06:44,576 - DEBUG - Marked task as done in event queue in consume_all
2025-09-14 10:06:44,576 - DEBUG - Stopping event consumption in consume_all.
2025-09-14 10:06:44,576 - DEBUG - Start async tracer
2025-09-14 10:06:44,576 - DEBUG - Closing EventQueue.
2025-09-14 10:06:44,576 - DEBUG - Processing save of task event of type TaskStatusUpdateEvent for task_id: 2826c41f-e1d7-4177-a351-c1c4a65828ea
2025-09-14 10:06:44,576 - DEBUG - Updating task 2826c41f-e1d7-4177-a351-c1c4a65828ea status to: TaskState.failed
2025-09-14 10:06:44,576 - DEBUG - Saving task with id: 2826c41f-e1d7-4177-a351-c1c4a65828ea
2025-09-14 10:06:44,576 - DEBUG - Task 2826c41f-e1d7-4177-a351-c1c4a65828ea saved successfully.
2025-09-14 10:06:44,576 - DEBUG - Start async tracer
2025-09-14 10:06:44,576 - DEBUG - chunk: b'data: {"id":"20dd837a-182a-4fbc-b298-fdd30c4f83d0","jsonrpc":"2.0","result":{"contextId":"63325a13-9967-43f2-b916-1a09f8110d33","final":true,"kind":"status-update","status":{"state":"failed","timestamp":"2025-09-14T03:06:44.576043+00:00"},"taskId":"2826c41f-e1d7-4177-a351-c1c4a65828ea"}}\r\n\r\n'
2025-09-14 10:06:44,576 - DEBUG - Start async tracer
2025-09-14 10:06:44,576 - DEBUG - Agent task callback triggered.
2025-09-14 10:06:44,576 - DEBUG - Start async tracer
2025-09-14 10:06:44,576 - DEBUG - Start async tracer
2025-09-14 10:06:44,576 - DEBUG - Closing EventQueue.
2025-09-14 10:06:44,585 - DEBUG - Got event: http.disconnect. Stop streaming.
2025-09-14 10:11:26,959 - DEBUG - Start async tracer
2025-09-14 10:11:26,959 - DEBUG - TaskManager initialized with task_id: None, context_id: None
2025-09-14 10:11:26,959 - DEBUG - task_id is not set, cannot get task.
2025-09-14 10:11:26,959 - DEBUG - Start async tracer
2025-09-14 10:11:26,959 - DEBUG - EventQueue initialized.
2025-09-14 10:11:26,959 - DEBUG - Start async tracer
2025-09-14 10:11:26,959 - DEBUG - EventConsumer initialized
2025-09-14 10:11:26,959 - DEBUG - Starting to consume all events from the queue.
2025-09-14 10:11:26,959 - DEBUG - Start async tracer
2025-09-14 10:11:26,959 - DEBUG - Attempting to dequeue event (waiting).
2025-09-14 10:11:26,959 - DEBUG - Start async tracer
2025-09-14 10:11:26,959 - DEBUG - Start async tracer
2025-09-14 10:11:26,964 - DEBUG - Enqueuing event of type: <class 'a2a.types.TaskStatusUpdateEvent'>
2025-09-14 10:11:26,964 - DEBUG - Start async tracer
2025-09-14 10:11:26,964 - DEBUG - Enqueuing event of type: <class 'a2a.types.TaskStatusUpdateEvent'>
2025-09-14 10:11:26,974 - DEBUG - Dequeued event (waited) of type: <class 'a2a.types.TaskStatusUpdateEvent'>
2025-09-14 10:11:26,974 - DEBUG - Dequeued event of type: <class 'a2a.types.TaskStatusUpdateEvent'> in consume_all.
2025-09-14 10:11:26,974 - DEBUG - Marking task as done in EventQueue.
2025-09-14 10:11:26,974 - DEBUG - Marked task as done in event queue in consume_all
2025-09-14 10:11:26,975 - DEBUG - Processing save of task event of type TaskStatusUpdateEvent for task_id: 59cab626-e0c8-43e0-9eaa-bf2b03148d7f
2025-09-14 10:11:26,975 - DEBUG - Attempting to retrieve existing task with id: 59cab626-e0c8-43e0-9eaa-bf2b03148d7f
2025-09-14 10:11:26,975 - DEBUG - Attempting to get task with id: 59cab626-e0c8-43e0-9eaa-bf2b03148d7f
2025-09-14 10:11:26,975 - DEBUG - Task 59cab626-e0c8-43e0-9eaa-bf2b03148d7f not found in store.
2025-09-14 10:11:26,975 - INFO - Task not found or task_id not set. Creating new task for event (task_id: 59cab626-e0c8-43e0-9eaa-bf2b03148d7f, context_id: 8440c9bb-528a-4162-8b50-ca74d161946e).
2025-09-14 10:11:26,975 - DEBUG - Initializing new Task object with task_id: 59cab626-e0c8-43e0-9eaa-bf2b03148d7f, context_id: 8440c9bb-528a-4162-8b50-ca74d161946e
2025-09-14 10:11:26,975 - DEBUG - Saving task with id: 59cab626-e0c8-43e0-9eaa-bf2b03148d7f
2025-09-14 10:11:26,975 - DEBUG - Task 59cab626-e0c8-43e0-9eaa-bf2b03148d7f saved successfully.
2025-09-14 10:11:26,975 - DEBUG - Updating task 59cab626-e0c8-43e0-9eaa-bf2b03148d7f status to: TaskState.submitted
2025-09-14 10:11:26,975 - DEBUG - Saving task with id: 59cab626-e0c8-43e0-9eaa-bf2b03148d7f
2025-09-14 10:11:26,975 - DEBUG - Task 59cab626-e0c8-43e0-9eaa-bf2b03148d7f saved successfully.
2025-09-14 10:11:26,975 - DEBUG - Start async tracer
2025-09-14 10:11:26,975 - DEBUG - chunk: b'data: {"id":"8820f852-a8a0-4a5a-ac19-0616d93ce0b4","jsonrpc":"2.0","result":{"contextId":"8440c9bb-528a-4162-8b50-ca74d161946e","final":false,"kind":"status-update","status":{"state":"submitted","timestamp":"2025-09-14T03:11:26.959622+00:00"},"taskId":"59cab626-e0c8-43e0-9eaa-bf2b03148d7f"}}\r\n\r\n'
2025-09-14 10:11:26,975 - DEBUG - Start async tracer
2025-09-14 10:11:26,975 - DEBUG - Attempting to dequeue event (waiting).
2025-09-14 10:11:26,975 - DEBUG - Dequeued event (waited) of type: <class 'a2a.types.TaskStatusUpdateEvent'>
2025-09-14 10:11:26,975 - DEBUG - Dequeued event of type: <class 'a2a.types.TaskStatusUpdateEvent'> in consume_all.
2025-09-14 10:11:26,975 - DEBUG - Marking task as done in EventQueue.
2025-09-14 10:11:26,975 - DEBUG - Marked task as done in event queue in consume_all
2025-09-14 10:11:26,975 - DEBUG - Processing save of task event of type TaskStatusUpdateEvent for task_id: 59cab626-e0c8-43e0-9eaa-bf2b03148d7f
2025-09-14 10:11:26,975 - DEBUG - Updating task 59cab626-e0c8-43e0-9eaa-bf2b03148d7f status to: TaskState.working
2025-09-14 10:11:26,975 - DEBUG - Saving task with id: 59cab626-e0c8-43e0-9eaa-bf2b03148d7f
2025-09-14 10:11:26,975 - DEBUG - Task 59cab626-e0c8-43e0-9eaa-bf2b03148d7f saved successfully.
2025-09-14 10:11:26,975 - DEBUG - Start async tracer
2025-09-14 10:11:26,975 - DEBUG - chunk: b'data: {"id":"8820f852-a8a0-4a5a-ac19-0616d93ce0b4","jsonrpc":"2.0","result":{"contextId":"8440c9bb-528a-4162-8b50-ca74d161946e","final":false,"kind":"status-update","status":{"state":"working","timestamp":"2025-09-14T03:11:26.964609+00:00"},"taskId":"59cab626-e0c8-43e0-9eaa-bf2b03148d7f"}}\r\n\r\n'
2025-09-14 10:11:26,975 - DEBUG - Start async tracer
2025-09-14 10:11:26,975 - DEBUG - Attempting to dequeue event (waiting).
2025-09-14 10:11:26,975 - ERROR - CostAgentExecutor error: 'dict' object has no attribute 'data'
2025-09-14 10:11:26,975 - DEBUG - Start async tracer
2025-09-14 10:11:26,975 - DEBUG - Enqueuing event of type: <class 'a2a.types.TaskStatusUpdateEvent'>
2025-09-14 10:11:26,975 - DEBUG - Start async tracer
2025-09-14 10:11:26,975 - DEBUG - Closing EventQueue.
2025-09-14 10:11:26,975 - DEBUG - Dequeued event (waited) of type: <class 'a2a.types.TaskStatusUpdateEvent'>
2025-09-14 10:11:26,975 - DEBUG - Dequeued event of type: <class 'a2a.types.TaskStatusUpdateEvent'> in consume_all.
2025-09-14 10:11:26,975 - DEBUG - Marking task as done in EventQueue.
2025-09-14 10:11:26,975 - DEBUG - Marked task as done in event queue in consume_all
2025-09-14 10:11:26,975 - DEBUG - Stopping event consumption in consume_all.
2025-09-14 10:11:26,975 - DEBUG - Start async tracer
2025-09-14 10:11:26,975 - DEBUG - Closing EventQueue.
2025-09-14 10:11:26,975 - DEBUG - Processing save of task event of type TaskStatusUpdateEvent for task_id: 59cab626-e0c8-43e0-9eaa-bf2b03148d7f
2025-09-14 10:11:26,984 - DEBUG - Updating task 59cab626-e0c8-43e0-9eaa-bf2b03148d7f status to: TaskState.failed
2025-09-14 10:11:26,984 - DEBUG - Saving task with id: 59cab626-e0c8-43e0-9eaa-bf2b03148d7f
2025-09-14 10:11:26,984 - DEBUG - Task 59cab626-e0c8-43e0-9eaa-bf2b03148d7f saved successfully.
2025-09-14 10:11:26,984 - DEBUG - Start async tracer
2025-09-14 10:11:26,984 - DEBUG - chunk: b'data: {"id":"8820f852-a8a0-4a5a-ac19-0616d93ce0b4","jsonrpc":"2.0","result":{"contextId":"8440c9bb-528a-4162-8b50-ca74d161946e","final":true,"kind":"status-update","status":{"state":"failed","timestamp":"2025-09-14T03:11:26.975718+00:00"},"taskId":"59cab626-e0c8-43e0-9eaa-bf2b03148d7f"}}\r\n\r\n'
2025-09-14 10:11:26,984 - DEBUG - Start async tracer
2025-09-14 10:11:26,985 - DEBUG - Agent task callback triggered.
2025-09-14 10:11:26,985 - DEBUG - Start async tracer
2025-09-14 10:11:26,985 - DEBUG - Start async tracer
2025-09-14 10:11:26,985 - DEBUG - Closing EventQueue.
2025-09-14 10:11:26,987 - DEBUG - Got event: http.disconnect. Stop streaming.
2025-09-14 10:23:33,834 - DEBUG - Start async tracer
2025-09-14 10:23:33,834 - DEBUG - TaskManager initialized with task_id: None, context_id: None
2025-09-14 10:23:33,834 - DEBUG - task_id is not set, cannot get task.
2025-09-14 10:23:33,834 - DEBUG - Start async tracer
2025-09-14 10:23:33,834 - DEBUG - EventQueue initialized.
2025-09-14 10:23:33,834 - DEBUG - Start async tracer
2025-09-14 10:23:33,834 - DEBUG - EventConsumer initialized
2025-09-14 10:23:33,834 - DEBUG - Starting to consume all events from the queue.
2025-09-14 10:23:33,834 - DEBUG - Start async tracer
2025-09-14 10:23:33,834 - DEBUG - Attempting to dequeue event (waiting).
2025-09-14 10:23:33,834 - DEBUG - Start async tracer
2025-09-14 10:23:33,834 - DEBUG - Start async tracer
2025-09-14 10:23:33,834 - DEBUG - Enqueuing event of type: <class 'a2a.types.TaskStatusUpdateEvent'>
2025-09-14 10:23:33,834 - DEBUG - Start async tracer
2025-09-14 10:23:33,834 - DEBUG - Enqueuing event of type: <class 'a2a.types.TaskStatusUpdateEvent'>
2025-09-14 10:23:33,847 - DEBUG - Dequeued event (waited) of type: <class 'a2a.types.TaskStatusUpdateEvent'>
2025-09-14 10:23:33,847 - DEBUG - Dequeued event of type: <class 'a2a.types.TaskStatusUpdateEvent'> in consume_all.
2025-09-14 10:23:33,847 - DEBUG - Marking task as done in EventQueue.
2025-09-14 10:23:33,847 - DEBUG - Marked task as done in event queue in consume_all
2025-09-14 10:23:33,851 - DEBUG - Processing save of task event of type TaskStatusUpdateEvent for task_id: 2bf2634f-5ff4-4834-b69e-a0ab6433977d
2025-09-14 10:23:33,851 - DEBUG - Attempting to retrieve existing task with id: 2bf2634f-5ff4-4834-b69e-a0ab6433977d
2025-09-14 10:23:33,851 - DEBUG - Attempting to get task with id: 2bf2634f-5ff4-4834-b69e-a0ab6433977d
2025-09-14 10:23:33,851 - DEBUG - Task 2bf2634f-5ff4-4834-b69e-a0ab6433977d not found in store.
2025-09-14 10:23:33,851 - INFO - Task not found or task_id not set. Creating new task for event (task_id: 2bf2634f-5ff4-4834-b69e-a0ab6433977d, context_id: e5fbc96c-66f9-48d6-b0ff-19daf224b5cf).
2025-09-14 10:23:33,851 - DEBUG - Initializing new Task object with task_id: 2bf2634f-5ff4-4834-b69e-a0ab6433977d, context_id: e5fbc96c-66f9-48d6-b0ff-19daf224b5cf
2025-09-14 10:23:33,851 - DEBUG - Saving task with id: 2bf2634f-5ff4-4834-b69e-a0ab6433977d
2025-09-14 10:23:33,851 - DEBUG - Task 2bf2634f-5ff4-4834-b69e-a0ab6433977d saved successfully.
2025-09-14 10:23:33,851 - DEBUG - Updating task 2bf2634f-5ff4-4834-b69e-a0ab6433977d status to: TaskState.submitted
2025-09-14 10:23:33,851 - DEBUG - Saving task with id: 2bf2634f-5ff4-4834-b69e-a0ab6433977d
2025-09-14 10:23:33,851 - DEBUG - Task 2bf2634f-5ff4-4834-b69e-a0ab6433977d saved successfully.
2025-09-14 10:23:33,851 - DEBUG - Start async tracer
2025-09-14 10:23:33,851 - DEBUG - chunk: b'data: {"id":"8b5a02a0-e359-4a65-bcd7-418d1a6808c6","jsonrpc":"2.0","result":{"contextId":"e5fbc96c-66f9-48d6-b0ff-19daf224b5cf","final":false,"kind":"status-update","status":{"state":"submitted","timestamp":"2025-09-14T03:23:33.834092+00:00"},"taskId":"2bf2634f-5ff4-4834-b69e-a0ab6433977d"}}\r\n\r\n'
2025-09-14 10:23:33,851 - DEBUG - Start async tracer
2025-09-14 10:23:33,851 - DEBUG - Attempting to dequeue event (waiting).
2025-09-14 10:23:33,851 - DEBUG - Dequeued event (waited) of type: <class 'a2a.types.TaskStatusUpdateEvent'>
2025-09-14 10:23:33,851 - DEBUG - Dequeued event of type: <class 'a2a.types.TaskStatusUpdateEvent'> in consume_all.
2025-09-14 10:23:33,851 - DEBUG - Marking task as done in EventQueue.
2025-09-14 10:23:33,851 - DEBUG - Marked task as done in event queue in consume_all
2025-09-14 10:23:33,851 - DEBUG - Processing save of task event of type TaskStatusUpdateEvent for task_id: 2bf2634f-5ff4-4834-b69e-a0ab6433977d
2025-09-14 10:23:33,851 - DEBUG - Updating task 2bf2634f-5ff4-4834-b69e-a0ab6433977d status to: TaskState.working
2025-09-14 10:23:33,851 - DEBUG - Saving task with id: 2bf2634f-5ff4-4834-b69e-a0ab6433977d
2025-09-14 10:23:33,851 - DEBUG - Task 2bf2634f-5ff4-4834-b69e-a0ab6433977d saved successfully.
2025-09-14 10:23:33,851 - DEBUG - Start async tracer
2025-09-14 10:23:33,851 - DEBUG - chunk: b'data: {"id":"8b5a02a0-e359-4a65-bcd7-418d1a6808c6","jsonrpc":"2.0","result":{"contextId":"e5fbc96c-66f9-48d6-b0ff-19daf224b5cf","final":false,"kind":"status-update","status":{"state":"working","timestamp":"2025-09-14T03:23:33.834092+00:00"},"taskId":"2bf2634f-5ff4-4834-b69e-a0ab6433977d"}}\r\n\r\n'
2025-09-14 10:23:33,851 - DEBUG - Start async tracer
2025-09-14 10:23:33,851 - DEBUG - Attempting to dequeue event (waiting).
2025-09-14 10:23:33,851 - ERROR - CostAgentExecutor error: 'dict' object has no attribute 'data'
2025-09-14 10:23:33,851 - DEBUG - Start async tracer
2025-09-14 10:23:33,851 - DEBUG - Enqueuing event of type: <class 'a2a.types.TaskStatusUpdateEvent'>
2025-09-14 10:23:33,851 - DEBUG - Start async tracer
2025-09-14 10:23:33,851 - DEBUG - Closing EventQueue.
2025-09-14 10:23:33,851 - DEBUG - Dequeued event (waited) of type: <class 'a2a.types.TaskStatusUpdateEvent'>
2025-09-14 10:23:33,851 - DEBUG - Dequeued event of type: <class 'a2a.types.TaskStatusUpdateEvent'> in consume_all.
2025-09-14 10:23:33,851 - DEBUG - Marking task as done in EventQueue.
2025-09-14 10:23:33,851 - DEBUG - Marked task as done in event queue in consume_all
2025-09-14 10:23:33,851 - DEBUG - Stopping event consumption in consume_all.
2025-09-14 10:23:33,851 - DEBUG - Start async tracer
2025-09-14 10:23:33,851 - DEBUG - Closing EventQueue.
2025-09-14 10:23:33,851 - DEBUG - Processing save of task event of type TaskStatusUpdateEvent for task_id: 2bf2634f-5ff4-4834-b69e-a0ab6433977d
2025-09-14 10:23:33,851 - DEBUG - Updating task 2bf2634f-5ff4-4834-b69e-a0ab6433977d status to: TaskState.failed
2025-09-14 10:23:33,851 - DEBUG - Saving task with id: 2bf2634f-5ff4-4834-b69e-a0ab6433977d
2025-09-14 10:23:33,851 - DEBUG - Task 2bf2634f-5ff4-4834-b69e-a0ab6433977d saved successfully.
2025-09-14 10:23:33,851 - DEBUG - Start async tracer
2025-09-14 10:23:33,851 - DEBUG - chunk: b'data: {"id":"8b5a02a0-e359-4a65-bcd7-418d1a6808c6","jsonrpc":"2.0","result":{"contextId":"e5fbc96c-66f9-48d6-b0ff-19daf224b5cf","final":true,"kind":"status-update","status":{"state":"failed","timestamp":"2025-09-14T03:23:33.851604+00:00"},"taskId":"2bf2634f-5ff4-4834-b69e-a0ab6433977d"}}\r\n\r\n'
2025-09-14 10:23:33,851 - DEBUG - Start async tracer
2025-09-14 10:23:33,861 - DEBUG - Agent task callback triggered.
2025-09-14 10:23:33,861 - DEBUG - Start async tracer
2025-09-14 10:23:33,861 - DEBUG - Start async tracer
2025-09-14 10:23:33,861 - DEBUG - Closing EventQueue.
2025-09-14 10:23:33,863 - DEBUG - Got event: http.disconnect. Stop streaming.
2025-09-14 10:29:32,720 - DEBUG - Start async tracer
2025-09-14 10:29:32,720 - DEBUG - TaskManager initialized with task_id: None, context_id: None
2025-09-14 10:29:32,720 - DEBUG - task_id is not set, cannot get task.
2025-09-14 10:29:32,720 - DEBUG - Start async tracer
2025-09-14 10:29:32,720 - DEBUG - EventQueue initialized.
2025-09-14 10:29:32,720 - DEBUG - Start async tracer
2025-09-14 10:29:32,720 - DEBUG - EventConsumer initialized
2025-09-14 10:29:32,720 - DEBUG - Starting to consume all events from the queue.
2025-09-14 10:29:32,720 - DEBUG - Start async tracer
2025-09-14 10:29:32,720 - DEBUG - Attempting to dequeue event (waiting).
2025-09-14 10:29:32,720 - DEBUG - Start async tracer
2025-09-14 10:29:32,720 - DEBUG - Start async tracer
2025-09-14 10:29:32,720 - DEBUG - Enqueuing event of type: <class 'a2a.types.TaskStatusUpdateEvent'>
2025-09-14 10:29:32,723 - DEBUG - Start async tracer
2025-09-14 10:29:32,723 - DEBUG - Enqueuing event of type: <class 'a2a.types.TaskStatusUpdateEvent'>
2025-09-14 10:29:32,734 - DEBUG - Dequeued event (waited) of type: <class 'a2a.types.TaskStatusUpdateEvent'>
2025-09-14 10:29:32,734 - DEBUG - Dequeued event of type: <class 'a2a.types.TaskStatusUpdateEvent'> in consume_all.
2025-09-14 10:29:32,734 - DEBUG - Marking task as done in EventQueue.
2025-09-14 10:29:32,734 - DEBUG - Marked task as done in event queue in consume_all
2025-09-14 10:29:32,734 - DEBUG - Processing save of task event of type TaskStatusUpdateEvent for task_id: cb0a162e-448c-4457-80de-77d0afbd7da4
2025-09-14 10:29:32,734 - DEBUG - Attempting to retrieve existing task with id: cb0a162e-448c-4457-80de-77d0afbd7da4
2025-09-14 10:29:32,734 - DEBUG - Attempting to get task with id: cb0a162e-448c-4457-80de-77d0afbd7da4
2025-09-14 10:29:32,734 - DEBUG - Task cb0a162e-448c-4457-80de-77d0afbd7da4 not found in store.
2025-09-14 10:29:32,734 - INFO - Task not found or task_id not set. Creating new task for event (task_id: cb0a162e-448c-4457-80de-77d0afbd7da4, context_id: 425d975e-e230-4418-8f45-3a40609e342f).
2025-09-14 10:29:32,734 - DEBUG - Initializing new Task object with task_id: cb0a162e-448c-4457-80de-77d0afbd7da4, context_id: 425d975e-e230-4418-8f45-3a40609e342f
2025-09-14 10:29:32,734 - DEBUG - Saving task with id: cb0a162e-448c-4457-80de-77d0afbd7da4
2025-09-14 10:29:32,734 - DEBUG - Task cb0a162e-448c-4457-80de-77d0afbd7da4 saved successfully.
2025-09-14 10:29:32,734 - DEBUG - Updating task cb0a162e-448c-4457-80de-77d0afbd7da4 status to: TaskState.submitted
2025-09-14 10:29:32,734 - DEBUG - Saving task with id: cb0a162e-448c-4457-80de-77d0afbd7da4
2025-09-14 10:29:32,734 - DEBUG - Task cb0a162e-448c-4457-80de-77d0afbd7da4 saved successfully.
2025-09-14 10:29:32,734 - DEBUG - Start async tracer
2025-09-14 10:29:32,734 - DEBUG - chunk: b'data: {"id":"ddf56855-7cf0-42c3-8297-9e56c5abe3a1","jsonrpc":"2.0","result":{"contextId":"425d975e-e230-4418-8f45-3a40609e342f","final":false,"kind":"status-update","status":{"state":"submitted","timestamp":"2025-09-14T03:29:32.720679+00:00"},"taskId":"cb0a162e-448c-4457-80de-77d0afbd7da4"}}\r\n\r\n'
2025-09-14 10:29:32,734 - DEBUG - Start async tracer
2025-09-14 10:29:32,739 - DEBUG - Attempting to dequeue event (waiting).
2025-09-14 10:29:32,739 - DEBUG - Dequeued event (waited) of type: <class 'a2a.types.TaskStatusUpdateEvent'>
2025-09-14 10:29:32,739 - DEBUG - Dequeued event of type: <class 'a2a.types.TaskStatusUpdateEvent'> in consume_all.
2025-09-14 10:29:32,739 - DEBUG - Marking task as done in EventQueue.
2025-09-14 10:29:32,739 - DEBUG - Marked task as done in event queue in consume_all
2025-09-14 10:29:32,739 - DEBUG - Processing save of task event of type TaskStatusUpdateEvent for task_id: cb0a162e-448c-4457-80de-77d0afbd7da4
2025-09-14 10:29:32,740 - DEBUG - Updating task cb0a162e-448c-4457-80de-77d0afbd7da4 status to: TaskState.working
2025-09-14 10:29:32,740 - DEBUG - Saving task with id: cb0a162e-448c-4457-80de-77d0afbd7da4
2025-09-14 10:29:32,740 - DEBUG - Task cb0a162e-448c-4457-80de-77d0afbd7da4 saved successfully.
2025-09-14 10:29:32,740 - DEBUG - Start async tracer
2025-09-14 10:29:32,740 - DEBUG - chunk: b'data: {"id":"ddf56855-7cf0-42c3-8297-9e56c5abe3a1","jsonrpc":"2.0","result":{"contextId":"425d975e-e230-4418-8f45-3a40609e342f","final":false,"kind":"status-update","status":{"state":"working","timestamp":"2025-09-14T03:29:32.723493+00:00"},"taskId":"cb0a162e-448c-4457-80de-77d0afbd7da4"}}\r\n\r\n'
2025-09-14 10:29:32,740 - DEBUG - Start async tracer
2025-09-14 10:29:32,740 - DEBUG - Attempting to dequeue event (waiting).
2025-09-14 10:29:32,740 - ERROR - CostAgentExecutor error: 'dict' object has no attribute 'data'
2025-09-14 10:29:32,740 - DEBUG - Start async tracer
2025-09-14 10:29:32,740 - DEBUG - Enqueuing event of type: <class 'a2a.types.TaskStatusUpdateEvent'>
2025-09-14 10:29:32,740 - DEBUG - Start async tracer
2025-09-14 10:29:32,740 - DEBUG - Closing EventQueue.
2025-09-14 10:29:32,740 - DEBUG - Dequeued event (waited) of type: <class 'a2a.types.TaskStatusUpdateEvent'>
2025-09-14 10:29:32,740 - DEBUG - Dequeued event of type: <class 'a2a.types.TaskStatusUpdateEvent'> in consume_all.
2025-09-14 10:29:32,740 - DEBUG - Marking task as done in EventQueue.
2025-09-14 10:29:32,740 - DEBUG - Marked task as done in event queue in consume_all
2025-09-14 10:29:32,740 - DEBUG - Stopping event consumption in consume_all.
2025-09-14 10:29:32,740 - DEBUG - Start async tracer
2025-09-14 10:29:32,740 - DEBUG - Closing EventQueue.
2025-09-14 10:29:32,740 - DEBUG - Processing save of task event of type TaskStatusUpdateEvent for task_id: cb0a162e-448c-4457-80de-77d0afbd7da4
2025-09-14 10:29:32,740 - DEBUG - Updating task cb0a162e-448c-4457-80de-77d0afbd7da4 status to: TaskState.failed
2025-09-14 10:29:32,740 - DEBUG - Saving task with id: cb0a162e-448c-4457-80de-77d0afbd7da4
2025-09-14 10:29:32,740 - DEBUG - Task cb0a162e-448c-4457-80de-77d0afbd7da4 saved successfully.
2025-09-14 10:29:32,740 - DEBUG - Start async tracer
2025-09-14 10:29:32,740 - DEBUG - chunk: b'data: {"id":"ddf56855-7cf0-42c3-8297-9e56c5abe3a1","jsonrpc":"2.0","result":{"contextId":"425d975e-e230-4418-8f45-3a40609e342f","final":true,"kind":"status-update","status":{"state":"failed","timestamp":"2025-09-14T03:29:32.740268+00:00"},"taskId":"cb0a162e-448c-4457-80de-77d0afbd7da4"}}\r\n\r\n'
2025-09-14 10:29:32,740 - DEBUG - Start async tracer
2025-09-14 10:29:32,740 - DEBUG - Agent task callback triggered.
2025-09-14 10:29:32,740 - DEBUG - Start async tracer
2025-09-14 10:29:32,740 - DEBUG - Start async tracer
2025-09-14 10:29:32,740 - DEBUG - Closing EventQueue.
2025-09-14 10:29:32,740 - DEBUG - Got event: http.disconnect. Stop streaming.
2025-09-14 10:35:57,998 - DEBUG - Start async tracer
2025-09-14 10:35:57,998 - DEBUG - TaskManager initialized with task_id: None, context_id: None
2025-09-14 10:35:57,998 - DEBUG - task_id is not set, cannot get task.
2025-09-14 10:35:57,998 - DEBUG - Start async tracer
2025-09-14 10:35:57,998 - DEBUG - EventQueue initialized.
2025-09-14 10:35:57,998 - DEBUG - Start async tracer
2025-09-14 10:35:57,998 - DEBUG - EventConsumer initialized
2025-09-14 10:35:57,998 - DEBUG - Starting to consume all events from the queue.
2025-09-14 10:35:57,998 - DEBUG - Start async tracer
2025-09-14 10:35:57,998 - DEBUG - Attempting to dequeue event (waiting).
2025-09-14 10:35:57,998 - DEBUG - Start async tracer
2025-09-14 10:35:57,998 - DEBUG - Start async tracer
2025-09-14 10:35:57,998 - DEBUG - Enqueuing event of type: <class 'a2a.types.TaskStatusUpdateEvent'>
2025-09-14 10:35:57,998 - DEBUG - Start async tracer
2025-09-14 10:35:57,998 - DEBUG - Enqueuing event of type: <class 'a2a.types.TaskStatusUpdateEvent'>
2025-09-14 10:35:58,008 - DEBUG - Dequeued event (waited) of type: <class 'a2a.types.TaskStatusUpdateEvent'>
2025-09-14 10:35:58,008 - DEBUG - Dequeued event of type: <class 'a2a.types.TaskStatusUpdateEvent'> in consume_all.
2025-09-14 10:35:58,008 - DEBUG - Marking task as done in EventQueue.
2025-09-14 10:35:58,008 - DEBUG - Marked task as done in event queue in consume_all
2025-09-14 10:35:58,008 - DEBUG - Processing save of task event of type TaskStatusUpdateEvent for task_id: c17f175c-0012-4b68-8444-0b31df1bb987
2025-09-14 10:35:58,008 - DEBUG - Attempting to retrieve existing task with id: c17f175c-0012-4b68-8444-0b31df1bb987
2025-09-14 10:35:58,008 - DEBUG - Attempting to get task with id: c17f175c-0012-4b68-8444-0b31df1bb987
2025-09-14 10:35:58,008 - DEBUG - Task c17f175c-0012-4b68-8444-0b31df1bb987 not found in store.
2025-09-14 10:35:58,008 - INFO - Task not found or task_id not set. Creating new task for event (task_id: c17f175c-0012-4b68-8444-0b31df1bb987, context_id: 48e46dbb-780c-41d1-b6cb-adcabbee91d8).
2025-09-14 10:35:58,008 - DEBUG - Initializing new Task object with task_id: c17f175c-0012-4b68-8444-0b31df1bb987, context_id: 48e46dbb-780c-41d1-b6cb-adcabbee91d8
2025-09-14 10:35:58,008 - DEBUG - Saving task with id: c17f175c-0012-4b68-8444-0b31df1bb987
2025-09-14 10:35:58,008 - DEBUG - Task c17f175c-0012-4b68-8444-0b31df1bb987 saved successfully.
2025-09-14 10:35:58,008 - DEBUG - Updating task c17f175c-0012-4b68-8444-0b31df1bb987 status to: TaskState.submitted
2025-09-14 10:35:58,008 - DEBUG - Saving task with id: c17f175c-0012-4b68-8444-0b31df1bb987
2025-09-14 10:35:58,008 - DEBUG - Task c17f175c-0012-4b68-8444-0b31df1bb987 saved successfully.
2025-09-14 10:35:58,008 - DEBUG - Start async tracer
2025-09-14 10:35:58,008 - DEBUG - chunk: b'data: {"id":"4a623104-0a68-4cf8-8a75-27740eefacb2","jsonrpc":"2.0","result":{"contextId":"48e46dbb-780c-41d1-b6cb-adcabbee91d8","final":false,"kind":"status-update","status":{"state":"submitted","timestamp":"2025-09-14T03:35:57.998985+00:00"},"taskId":"c17f175c-0012-4b68-8444-0b31df1bb987"}}\r\n\r\n'
2025-09-14 10:35:58,008 - DEBUG - Start async tracer
2025-09-14 10:35:58,008 - DEBUG - Attempting to dequeue event (waiting).
2025-09-14 10:35:58,008 - DEBUG - Dequeued event (waited) of type: <class 'a2a.types.TaskStatusUpdateEvent'>
2025-09-14 10:35:58,008 - DEBUG - Dequeued event of type: <class 'a2a.types.TaskStatusUpdateEvent'> in consume_all.
2025-09-14 10:35:58,008 - DEBUG - Marking task as done in EventQueue.
2025-09-14 10:35:58,008 - DEBUG - Marked task as done in event queue in consume_all
2025-09-14 10:35:58,008 - DEBUG - Processing save of task event of type TaskStatusUpdateEvent for task_id: c17f175c-0012-4b68-8444-0b31df1bb987
2025-09-14 10:35:58,008 - DEBUG - Updating task c17f175c-0012-4b68-8444-0b31df1bb987 status to: TaskState.working
2025-09-14 10:35:58,008 - DEBUG - Saving task with id: c17f175c-0012-4b68-8444-0b31df1bb987
2025-09-14 10:35:58,008 - DEBUG - Task c17f175c-0012-4b68-8444-0b31df1bb987 saved successfully.
2025-09-14 10:35:58,008 - DEBUG - Start async tracer
2025-09-14 10:35:58,008 - DEBUG - chunk: b'data: {"id":"4a623104-0a68-4cf8-8a75-27740eefacb2","jsonrpc":"2.0","result":{"contextId":"48e46dbb-780c-41d1-b6cb-adcabbee91d8","final":false,"kind":"status-update","status":{"state":"working","timestamp":"2025-09-14T03:35:57.998985+00:00"},"taskId":"c17f175c-0012-4b68-8444-0b31df1bb987"}}\r\n\r\n'
2025-09-14 10:35:58,008 - DEBUG - Start async tracer
2025-09-14 10:35:58,008 - DEBUG - Attempting to dequeue event (waiting).
2025-09-14 10:35:58,019 - ERROR - CostAgentExecutor error: 'dict' object has no attribute 'data'
2025-09-14 10:35:58,019 - DEBUG - Start async tracer
2025-09-14 10:35:58,019 - DEBUG - Enqueuing event of type: <class 'a2a.types.TaskStatusUpdateEvent'>
2025-09-14 10:35:58,019 - DEBUG - Start async tracer
2025-09-14 10:35:58,019 - DEBUG - Closing EventQueue.
2025-09-14 10:35:58,019 - DEBUG - Dequeued event (waited) of type: <class 'a2a.types.TaskStatusUpdateEvent'>
2025-09-14 10:35:58,019 - DEBUG - Dequeued event of type: <class 'a2a.types.TaskStatusUpdateEvent'> in consume_all.
2025-09-14 10:35:58,019 - DEBUG - Marking task as done in EventQueue.
2025-09-14 10:35:58,019 - DEBUG - Marked task as done in event queue in consume_all
2025-09-14 10:35:58,019 - DEBUG - Stopping event consumption in consume_all.
2025-09-14 10:35:58,019 - DEBUG - Start async tracer
2025-09-14 10:35:58,019 - DEBUG - Closing EventQueue.
2025-09-14 10:35:58,019 - DEBUG - Processing save of task event of type TaskStatusUpdateEvent for task_id: c17f175c-0012-4b68-8444-0b31df1bb987
2025-09-14 10:35:58,019 - DEBUG - Updating task c17f175c-0012-4b68-8444-0b31df1bb987 status to: TaskState.failed
2025-09-14 10:35:58,019 - DEBUG - Saving task with id: c17f175c-0012-4b68-8444-0b31df1bb987
2025-09-14 10:35:58,019 - DEBUG - Task c17f175c-0012-4b68-8444-0b31df1bb987 saved successfully.
2025-09-14 10:35:58,019 - DEBUG - Start async tracer
2025-09-14 10:35:58,019 - DEBUG - chunk: b'data: {"id":"4a623104-0a68-4cf8-8a75-27740eefacb2","jsonrpc":"2.0","result":{"contextId":"48e46dbb-780c-41d1-b6cb-adcabbee91d8","final":true,"kind":"status-update","status":{"state":"failed","timestamp":"2025-09-14T03:35:58.019047+00:00"},"taskId":"c17f175c-0012-4b68-8444-0b31df1bb987"}}\r\n\r\n'
2025-09-14 10:35:58,019 - DEBUG - Start async tracer
2025-09-14 10:35:58,019 - DEBUG - Agent task callback triggered.
2025-09-14 10:35:58,019 - DEBUG - Start async tracer
2025-09-14 10:35:58,019 - DEBUG - Start async tracer
2025-09-14 10:35:58,019 - DEBUG - Closing EventQueue.
2025-09-14 10:35:58,024 - DEBUG - Got event: http.disconnect. Stop streaming.
2025-09-14 10:39:30,057 - DEBUG - Start async tracer
2025-09-14 10:39:30,057 - DEBUG - TaskManager initialized with task_id: None, context_id: None
2025-09-14 10:39:30,057 - DEBUG - task_id is not set, cannot get task.
2025-09-14 10:39:30,057 - DEBUG - Start async tracer
2025-09-14 10:39:30,057 - DEBUG - EventQueue initialized.
2025-09-14 10:39:30,061 - DEBUG - Start async tracer
2025-09-14 10:39:30,061 - DEBUG - EventConsumer initialized
2025-09-14 10:39:30,061 - DEBUG - Starting to consume all events from the queue.
2025-09-14 10:39:30,061 - DEBUG - Start async tracer
2025-09-14 10:39:30,061 - DEBUG - Attempting to dequeue event (waiting).
2025-09-14 10:39:30,061 - DEBUG - Start async tracer
2025-09-14 10:39:30,061 - DEBUG - Start async tracer
2025-09-14 10:39:30,061 - DEBUG - Enqueuing event of type: <class 'a2a.types.TaskStatusUpdateEvent'>
2025-09-14 10:39:30,061 - DEBUG - Start async tracer
2025-09-14 10:39:30,061 - DEBUG - Enqueuing event of type: <class 'a2a.types.TaskStatusUpdateEvent'>
2025-09-14 10:39:30,070 - DEBUG - Dequeued event (waited) of type: <class 'a2a.types.TaskStatusUpdateEvent'>
2025-09-14 10:39:30,070 - DEBUG - Dequeued event of type: <class 'a2a.types.TaskStatusUpdateEvent'> in consume_all.
2025-09-14 10:39:30,070 - DEBUG - Marking task as done in EventQueue.
2025-09-14 10:39:30,070 - DEBUG - Marked task as done in event queue in consume_all
2025-09-14 10:39:30,070 - DEBUG - Processing save of task event of type TaskStatusUpdateEvent for task_id: 8719e935-91e2-4fc4-a49e-6164c9343eb0
2025-09-14 10:39:30,070 - DEBUG - Attempting to retrieve existing task with id: 8719e935-91e2-4fc4-a49e-6164c9343eb0
2025-09-14 10:39:30,070 - DEBUG - Attempting to get task with id: 8719e935-91e2-4fc4-a49e-6164c9343eb0
2025-09-14 10:39:30,070 - DEBUG - Task 8719e935-91e2-4fc4-a49e-6164c9343eb0 not found in store.
2025-09-14 10:39:30,070 - INFO - Task not found or task_id not set. Creating new task for event (task_id: 8719e935-91e2-4fc4-a49e-6164c9343eb0, context_id: e360d845-14d8-48b4-af2c-dd6a70bad34c).
2025-09-14 10:39:30,070 - DEBUG - Initializing new Task object with task_id: 8719e935-91e2-4fc4-a49e-6164c9343eb0, context_id: e360d845-14d8-48b4-af2c-dd6a70bad34c
2025-09-14 10:39:30,070 - DEBUG - Saving task with id: 8719e935-91e2-4fc4-a49e-6164c9343eb0
2025-09-14 10:39:30,070 - DEBUG - Task 8719e935-91e2-4fc4-a49e-6164c9343eb0 saved successfully.
2025-09-14 10:39:30,070 - DEBUG - Updating task 8719e935-91e2-4fc4-a49e-6164c9343eb0 status to: TaskState.submitted
2025-09-14 10:39:30,070 - DEBUG - Saving task with id: 8719e935-91e2-4fc4-a49e-6164c9343eb0
2025-09-14 10:39:30,070 - DEBUG - Task 8719e935-91e2-4fc4-a49e-6164c9343eb0 saved successfully.
2025-09-14 10:39:30,070 - DEBUG - Start async tracer
2025-09-14 10:39:30,070 - DEBUG - chunk: b'data: {"id":"5118eae3-07df-45e2-b94c-c0f186366992","jsonrpc":"2.0","result":{"contextId":"e360d845-14d8-48b4-af2c-dd6a70bad34c","final":false,"kind":"status-update","status":{"state":"submitted","timestamp":"2025-09-14T03:39:30.061662+00:00"},"taskId":"8719e935-91e2-4fc4-a49e-6164c9343eb0"}}\r\n\r\n'
2025-09-14 10:39:30,070 - DEBUG - Start async tracer
2025-09-14 10:39:30,070 - DEBUG - Attempting to dequeue event (waiting).
2025-09-14 10:39:30,077 - DEBUG - Dequeued event (waited) of type: <class 'a2a.types.TaskStatusUpdateEvent'>
2025-09-14 10:39:30,077 - DEBUG - Dequeued event of type: <class 'a2a.types.TaskStatusUpdateEvent'> in consume_all.
2025-09-14 10:39:30,077 - DEBUG - Marking task as done in EventQueue.
2025-09-14 10:39:30,077 - DEBUG - Marked task as done in event queue in consume_all
2025-09-14 10:39:30,077 - DEBUG - Processing save of task event of type TaskStatusUpdateEvent for task_id: 8719e935-91e2-4fc4-a49e-6164c9343eb0
2025-09-14 10:39:30,077 - DEBUG - Updating task 8719e935-91e2-4fc4-a49e-6164c9343eb0 status to: TaskState.working
2025-09-14 10:39:30,077 - DEBUG - Saving task with id: 8719e935-91e2-4fc4-a49e-6164c9343eb0
2025-09-14 10:39:30,077 - DEBUG - Task 8719e935-91e2-4fc4-a49e-6164c9343eb0 saved successfully.
2025-09-14 10:39:30,077 - DEBUG - Start async tracer
2025-09-14 10:39:30,077 - DEBUG - chunk: b'data: {"id":"5118eae3-07df-45e2-b94c-c0f186366992","jsonrpc":"2.0","result":{"contextId":"e360d845-14d8-48b4-af2c-dd6a70bad34c","final":false,"kind":"status-update","status":{"state":"working","timestamp":"2025-09-14T03:39:30.061662+00:00"},"taskId":"8719e935-91e2-4fc4-a49e-6164c9343eb0"}}\r\n\r\n'
2025-09-14 10:39:30,077 - DEBUG - Start async tracer
2025-09-14 10:39:30,077 - DEBUG - Attempting to dequeue event (waiting).
2025-09-14 10:39:30,077 - ERROR - CostAgentExecutor error: 'dict' object has no attribute 'data'
2025-09-14 10:39:30,077 - DEBUG - Start async tracer
2025-09-14 10:39:30,077 - DEBUG - Enqueuing event of type: <class 'a2a.types.TaskStatusUpdateEvent'>
2025-09-14 10:39:30,077 - DEBUG - Start async tracer
2025-09-14 10:39:30,077 - DEBUG - Closing EventQueue.
2025-09-14 10:39:30,077 - DEBUG - Dequeued event (waited) of type: <class 'a2a.types.TaskStatusUpdateEvent'>
2025-09-14 10:39:30,077 - DEBUG - Dequeued event of type: <class 'a2a.types.TaskStatusUpdateEvent'> in consume_all.
2025-09-14 10:39:30,077 - DEBUG - Marking task as done in EventQueue.
2025-09-14 10:39:30,077 - DEBUG - Marked task as done in event queue in consume_all
2025-09-14 10:39:30,077 - DEBUG - Stopping event consumption in consume_all.
2025-09-14 10:39:30,077 - DEBUG - Start async tracer
2025-09-14 10:39:30,077 - DEBUG - Closing EventQueue.
2025-09-14 10:39:30,077 - DEBUG - Processing save of task event of type TaskStatusUpdateEvent for task_id: 8719e935-91e2-4fc4-a49e-6164c9343eb0
2025-09-14 10:39:30,077 - DEBUG - Updating task 8719e935-91e2-4fc4-a49e-6164c9343eb0 status to: TaskState.failed
2025-09-14 10:39:30,077 - DEBUG - Saving task with id: 8719e935-91e2-4fc4-a49e-6164c9343eb0
2025-09-14 10:39:30,077 - DEBUG - Task 8719e935-91e2-4fc4-a49e-6164c9343eb0 saved successfully.
2025-09-14 10:39:30,077 - DEBUG - Start async tracer
2025-09-14 10:39:30,077 - DEBUG - chunk: b'data: {"id":"5118eae3-07df-45e2-b94c-c0f186366992","jsonrpc":"2.0","result":{"contextId":"e360d845-14d8-48b4-af2c-dd6a70bad34c","final":true,"kind":"status-update","status":{"state":"failed","timestamp":"2025-09-14T03:39:30.077855+00:00"},"taskId":"8719e935-91e2-4fc4-a49e-6164c9343eb0"}}\r\n\r\n'
2025-09-14 10:39:30,077 - DEBUG - Start async tracer
2025-09-14 10:39:30,077 - DEBUG - Agent task callback triggered.
2025-09-14 10:39:30,077 - DEBUG - Start async tracer
2025-09-14 10:39:30,077 - DEBUG - Start async tracer
2025-09-14 10:39:30,077 - DEBUG - Closing EventQueue.
2025-09-14 10:39:30,077 - DEBUG - Got event: http.disconnect. Stop streaming.
2025-09-14 10:53:27,104 - DEBUG - Start async tracer
2025-09-14 10:53:27,104 - DEBUG - TaskManager initialized with task_id: None, context_id: None
2025-09-14 10:53:27,104 - DEBUG - task_id is not set, cannot get task.
2025-09-14 10:53:27,104 - DEBUG - Start async tracer
2025-09-14 10:53:27,104 - DEBUG - EventQueue initialized.
2025-09-14 10:53:27,104 - DEBUG - Start async tracer
2025-09-14 10:53:27,104 - DEBUG - EventConsumer initialized
2025-09-14 10:53:27,104 - DEBUG - Starting to consume all events from the queue.
2025-09-14 10:53:27,104 - DEBUG - Start async tracer
2025-09-14 10:53:27,104 - DEBUG - Attempting to dequeue event (waiting).
2025-09-14 10:53:27,104 - DEBUG - Start async tracer
2025-09-14 10:53:27,104 - DEBUG - Start async tracer
2025-09-14 10:53:27,104 - DEBUG - Enqueuing event of type: <class 'a2a.types.TaskStatusUpdateEvent'>
2025-09-14 10:53:27,104 - DEBUG - Start async tracer
2025-09-14 10:53:27,104 - DEBUG - Enqueuing event of type: <class 'a2a.types.TaskStatusUpdateEvent'>
2025-09-14 10:53:27,115 - DEBUG - Dequeued event (waited) of type: <class 'a2a.types.TaskStatusUpdateEvent'>
2025-09-14 10:53:27,115 - DEBUG - Dequeued event of type: <class 'a2a.types.TaskStatusUpdateEvent'> in consume_all.
2025-09-14 10:53:27,115 - DEBUG - Marking task as done in EventQueue.
2025-09-14 10:53:27,115 - DEBUG - Marked task as done in event queue in consume_all
2025-09-14 10:53:27,115 - DEBUG - Processing save of task event of type TaskStatusUpdateEvent for task_id: b2c321f0-a220-47ad-bbe0-8802fa890c3f
2025-09-14 10:53:27,115 - DEBUG - Attempting to retrieve existing task with id: b2c321f0-a220-47ad-bbe0-8802fa890c3f
2025-09-14 10:53:27,115 - DEBUG - Attempting to get task with id: b2c321f0-a220-47ad-bbe0-8802fa890c3f
2025-09-14 10:53:27,115 - DEBUG - Task b2c321f0-a220-47ad-bbe0-8802fa890c3f not found in store.
2025-09-14 10:53:27,115 - INFO - Task not found or task_id not set. Creating new task for event (task_id: b2c321f0-a220-47ad-bbe0-8802fa890c3f, context_id: b9ce41cb-4292-4dd7-ade8-7244ef791108).
2025-09-14 10:53:27,115 - DEBUG - Initializing new Task object with task_id: b2c321f0-a220-47ad-bbe0-8802fa890c3f, context_id: b9ce41cb-4292-4dd7-ade8-7244ef791108
2025-09-14 10:53:27,115 - DEBUG - Saving task with id: b2c321f0-a220-47ad-bbe0-8802fa890c3f
2025-09-14 10:53:27,115 - DEBUG - Task b2c321f0-a220-47ad-bbe0-8802fa890c3f saved successfully.
2025-09-14 10:53:27,115 - DEBUG - Updating task b2c321f0-a220-47ad-bbe0-8802fa890c3f status to: TaskState.submitted
2025-09-14 10:53:27,115 - DEBUG - Saving task with id: b2c321f0-a220-47ad-bbe0-8802fa890c3f
2025-09-14 10:53:27,115 - DEBUG - Task b2c321f0-a220-47ad-bbe0-8802fa890c3f saved successfully.
2025-09-14 10:53:27,115 - DEBUG - Start async tracer
2025-09-14 10:53:27,115 - DEBUG - chunk: b'data: {"id":"2af7f9a9-c307-4227-bbf2-b0124ba6ffa1","jsonrpc":"2.0","result":{"contextId":"b9ce41cb-4292-4dd7-ade8-7244ef791108","final":false,"kind":"status-update","status":{"state":"submitted","timestamp":"2025-09-14T03:53:27.104806+00:00"},"taskId":"b2c321f0-a220-47ad-bbe0-8802fa890c3f"}}\r\n\r\n'
2025-09-14 10:53:27,115 - DEBUG - Start async tracer
2025-09-14 10:53:27,115 - DEBUG - Attempting to dequeue event (waiting).
2025-09-14 10:53:27,115 - DEBUG - Dequeued event (waited) of type: <class 'a2a.types.TaskStatusUpdateEvent'>
2025-09-14 10:53:27,115 - DEBUG - Dequeued event of type: <class 'a2a.types.TaskStatusUpdateEvent'> in consume_all.
2025-09-14 10:53:27,115 - DEBUG - Marking task as done in EventQueue.
2025-09-14 10:53:27,115 - DEBUG - Marked task as done in event queue in consume_all
2025-09-14 10:53:27,115 - DEBUG - Processing save of task event of type TaskStatusUpdateEvent for task_id: b2c321f0-a220-47ad-bbe0-8802fa890c3f
2025-09-14 10:53:27,124 - DEBUG - Updating task b2c321f0-a220-47ad-bbe0-8802fa890c3f status to: TaskState.working
2025-09-14 10:53:27,124 - DEBUG - Saving task with id: b2c321f0-a220-47ad-bbe0-8802fa890c3f
2025-09-14 10:53:27,124 - DEBUG - Task b2c321f0-a220-47ad-bbe0-8802fa890c3f saved successfully.
2025-09-14 10:53:27,124 - DEBUG - Start async tracer
2025-09-14 10:53:27,124 - DEBUG - chunk: b'data: {"id":"2af7f9a9-c307-4227-bbf2-b0124ba6ffa1","jsonrpc":"2.0","result":{"contextId":"b9ce41cb-4292-4dd7-ade8-7244ef791108","final":false,"kind":"status-update","status":{"state":"working","timestamp":"2025-09-14T03:53:27.104806+00:00"},"taskId":"b2c321f0-a220-47ad-bbe0-8802fa890c3f"}}\r\n\r\n'
2025-09-14 10:53:27,124 - DEBUG - Start async tracer
2025-09-14 10:53:27,124 - DEBUG - Attempting to dequeue event (waiting).
2025-09-14 10:53:27,124 - ERROR - CostAgentExecutor error: 'dict' object has no attribute 'data'
2025-09-14 10:53:27,124 - DEBUG - Start async tracer
2025-09-14 10:53:27,124 - DEBUG - Enqueuing event of type: <class 'a2a.types.TaskStatusUpdateEvent'>
2025-09-14 10:53:27,124 - DEBUG - Start async tracer
2025-09-14 10:53:27,124 - DEBUG - Closing EventQueue.
2025-09-14 10:53:27,124 - DEBUG - Dequeued event (waited) of type: <class 'a2a.types.TaskStatusUpdateEvent'>
2025-09-14 10:53:27,124 - DEBUG - Dequeued event of type: <class 'a2a.types.TaskStatusUpdateEvent'> in consume_all.
2025-09-14 10:53:27,124 - DEBUG - Marking task as done in EventQueue.
2025-09-14 10:53:27,124 - DEBUG - Marked task as done in event queue in consume_all
2025-09-14 10:53:27,124 - DEBUG - Stopping event consumption in consume_all.
2025-09-14 10:53:27,124 - DEBUG - Start async tracer
2025-09-14 10:53:27,124 - DEBUG - Closing EventQueue.
2025-09-14 10:53:27,124 - DEBUG - Processing save of task event of type TaskStatusUpdateEvent for task_id: b2c321f0-a220-47ad-bbe0-8802fa890c3f
2025-09-14 10:53:27,124 - DEBUG - Updating task b2c321f0-a220-47ad-bbe0-8802fa890c3f status to: TaskState.failed
2025-09-14 10:53:27,124 - DEBUG - Saving task with id: b2c321f0-a220-47ad-bbe0-8802fa890c3f
2025-09-14 10:53:27,124 - DEBUG - Task b2c321f0-a220-47ad-bbe0-8802fa890c3f saved successfully.
2025-09-14 10:53:27,124 - DEBUG - Start async tracer
2025-09-14 10:53:27,124 - DEBUG - chunk: b'data: {"id":"2af7f9a9-c307-4227-bbf2-b0124ba6ffa1","jsonrpc":"2.0","result":{"contextId":"b9ce41cb-4292-4dd7-ade8-7244ef791108","final":true,"kind":"status-update","status":{"state":"failed","timestamp":"2025-09-14T03:53:27.124875+00:00"},"taskId":"b2c321f0-a220-47ad-bbe0-8802fa890c3f"}}\r\n\r\n'
2025-09-14 10:53:27,124 - DEBUG - Start async tracer
2025-09-14 10:53:27,130 - DEBUG - Agent task callback triggered.
2025-09-14 10:53:27,130 - DEBUG - Start async tracer
2025-09-14 10:53:27,130 - DEBUG - Start async tracer
2025-09-14 10:53:27,130 - DEBUG - Closing EventQueue.
2025-09-14 10:53:27,130 - DEBUG - Got event: http.disconnect. Stop streaming.
2025-09-14 11:45:32,264 - DEBUG - Start async tracer
2025-09-14 11:45:32,264 - DEBUG - TaskManager initialized with task_id: None, context_id: None
2025-09-14 11:45:32,264 - DEBUG - task_id is not set, cannot get task.
2025-09-14 11:45:32,264 - DEBUG - Start async tracer
2025-09-14 11:45:32,264 - DEBUG - EventQueue initialized.
2025-09-14 11:45:32,264 - DEBUG - Start async tracer
2025-09-14 11:45:32,264 - DEBUG - EventConsumer initialized
2025-09-14 11:45:32,264 - DEBUG - Starting to consume all events from the queue.
2025-09-14 11:45:32,268 - DEBUG - Start async tracer
2025-09-14 11:45:32,268 - DEBUG - Attempting to dequeue event (waiting).
2025-09-14 11:45:32,269 - DEBUG - Start async tracer
2025-09-14 11:45:32,269 - DEBUG - Start async tracer
2025-09-14 11:45:32,269 - DEBUG - Enqueuing event of type: <class 'a2a.types.TaskStatusUpdateEvent'>
2025-09-14 11:45:32,269 - DEBUG - Start async tracer
2025-09-14 11:45:32,269 - DEBUG - Enqueuing event of type: <class 'a2a.types.TaskStatusUpdateEvent'>
2025-09-14 11:45:32,285 - DEBUG - Dequeued event (waited) of type: <class 'a2a.types.TaskStatusUpdateEvent'>
2025-09-14 11:45:32,286 - DEBUG - Dequeued event of type: <class 'a2a.types.TaskStatusUpdateEvent'> in consume_all.
2025-09-14 11:45:32,286 - DEBUG - Marking task as done in EventQueue.
2025-09-14 11:45:32,286 - DEBUG - Marked task as done in event queue in consume_all
2025-09-14 11:45:32,287 - DEBUG - Processing save of task event of type TaskStatusUpdateEvent for task_id: 3888c8d0-8019-45de-ac01-274663c232bb
2025-09-14 11:45:32,287 - DEBUG - Attempting to retrieve existing task with id: 3888c8d0-8019-45de-ac01-274663c232bb
2025-09-14 11:45:32,287 - DEBUG - Attempting to get task with id: 3888c8d0-8019-45de-ac01-274663c232bb
2025-09-14 11:45:32,287 - DEBUG - Task 3888c8d0-8019-45de-ac01-274663c232bb not found in store.
2025-09-14 11:45:32,288 - INFO - Task not found or task_id not set. Creating new task for event (task_id: 3888c8d0-8019-45de-ac01-274663c232bb, context_id: 746e2161-1d3a-4017-8441-28408700e2a5).
2025-09-14 11:45:32,288 - DEBUG - Initializing new Task object with task_id: 3888c8d0-8019-45de-ac01-274663c232bb, context_id: 746e2161-1d3a-4017-8441-28408700e2a5
2025-09-14 11:45:32,288 - DEBUG - Saving task with id: 3888c8d0-8019-45de-ac01-274663c232bb
2025-09-14 11:45:32,288 - DEBUG - Task 3888c8d0-8019-45de-ac01-274663c232bb saved successfully.
2025-09-14 11:45:32,289 - DEBUG - Updating task 3888c8d0-8019-45de-ac01-274663c232bb status to: TaskState.submitted
2025-09-14 11:45:32,289 - DEBUG - Saving task with id: 3888c8d0-8019-45de-ac01-274663c232bb
2025-09-14 11:45:32,289 - DEBUG - Task 3888c8d0-8019-45de-ac01-274663c232bb saved successfully.
2025-09-14 11:45:32,289 - DEBUG - Start async tracer
2025-09-14 11:45:32,290 - DEBUG - chunk: b'data: {"id":"23324d37-0cab-4082-bf2c-4a46c9e1c3d4","jsonrpc":"2.0","result":{"contextId":"746e2161-1d3a-4017-8441-28408700e2a5","final":false,"kind":"status-update","status":{"state":"submitted","timestamp":"2025-09-14T04:45:32.269971+00:00"},"taskId":"3888c8d0-8019-45de-ac01-274663c232bb"}}\r\n\r\n'
2025-09-14 11:45:32,290 - DEBUG - Start async tracer
2025-09-14 11:45:32,290 - DEBUG - Attempting to dequeue event (waiting).
2025-09-14 11:45:32,291 - DEBUG - Dequeued event (waited) of type: <class 'a2a.types.TaskStatusUpdateEvent'>
2025-09-14 11:45:32,291 - DEBUG - Dequeued event of type: <class 'a2a.types.TaskStatusUpdateEvent'> in consume_all.
2025-09-14 11:45:32,291 - DEBUG - Marking task as done in EventQueue.
2025-09-14 11:45:32,291 - DEBUG - Marked task as done in event queue in consume_all
2025-09-14 11:45:32,291 - DEBUG - Processing save of task event of type TaskStatusUpdateEvent for task_id: 3888c8d0-8019-45de-ac01-274663c232bb
2025-09-14 11:45:32,291 - DEBUG - Updating task 3888c8d0-8019-45de-ac01-274663c232bb status to: TaskState.working
2025-09-14 11:45:32,293 - DEBUG - Saving task with id: 3888c8d0-8019-45de-ac01-274663c232bb
2025-09-14 11:45:32,293 - DEBUG - Task 3888c8d0-8019-45de-ac01-274663c232bb saved successfully.
2025-09-14 11:45:32,293 - DEBUG - Start async tracer
2025-09-14 11:45:32,293 - DEBUG - chunk: b'data: {"id":"23324d37-0cab-4082-bf2c-4a46c9e1c3d4","jsonrpc":"2.0","result":{"contextId":"746e2161-1d3a-4017-8441-28408700e2a5","final":false,"kind":"status-update","status":{"state":"working","timestamp":"2025-09-14T04:45:32.269971+00:00"},"taskId":"3888c8d0-8019-45de-ac01-274663c232bb"}}\r\n\r\n'
2025-09-14 11:45:32,293 - DEBUG - Start async tracer
2025-09-14 11:45:32,293 - DEBUG - Attempting to dequeue event (waiting).
2025-09-14 11:45:32,294 - ERROR - CostAgentExecutor error: 'dict' object has no attribute 'data'
2025-09-14 11:45:32,294 - DEBUG - Start async tracer
2025-09-14 11:45:32,294 - DEBUG - Enqueuing event of type: <class 'a2a.types.TaskStatusUpdateEvent'>
2025-09-14 11:45:32,294 - DEBUG - Start async tracer
2025-09-14 11:45:32,294 - DEBUG - Closing EventQueue.
2025-09-14 11:45:32,294 - DEBUG - Dequeued event (waited) of type: <class 'a2a.types.TaskStatusUpdateEvent'>
2025-09-14 11:45:32,294 - DEBUG - Dequeued event of type: <class 'a2a.types.TaskStatusUpdateEvent'> in consume_all.
2025-09-14 11:45:32,296 - DEBUG - Marking task as done in EventQueue.
2025-09-14 11:45:32,296 - DEBUG - Marked task as done in event queue in consume_all
2025-09-14 11:45:32,296 - DEBUG - Stopping event consumption in consume_all.
2025-09-14 11:45:32,296 - DEBUG - Start async tracer
2025-09-14 11:45:32,296 - DEBUG - Closing EventQueue.
2025-09-14 11:45:32,297 - DEBUG - Processing save of task event of type TaskStatusUpdateEvent for task_id: 3888c8d0-8019-45de-ac01-274663c232bb
2025-09-14 11:45:32,297 - DEBUG - Updating task 3888c8d0-8019-45de-ac01-274663c232bb status to: TaskState.failed
2025-09-14 11:45:32,297 - DEBUG - Saving task with id: 3888c8d0-8019-45de-ac01-274663c232bb
2025-09-14 11:45:32,297 - DEBUG - Task 3888c8d0-8019-45de-ac01-274663c232bb saved successfully.
2025-09-14 11:45:32,297 - DEBUG - Start async tracer
2025-09-14 11:45:32,298 - DEBUG - chunk: b'data: {"id":"23324d37-0cab-4082-bf2c-4a46c9e1c3d4","jsonrpc":"2.0","result":{"contextId":"746e2161-1d3a-4017-8441-28408700e2a5","final":true,"kind":"status-update","status":{"state":"failed","timestamp":"2025-09-14T04:45:32.294708+00:00"},"taskId":"3888c8d0-8019-45de-ac01-274663c232bb"}}\r\n\r\n'
2025-09-14 11:45:32,298 - DEBUG - Start async tracer
2025-09-14 11:45:32,300 - DEBUG - Agent task callback triggered.
2025-09-14 11:45:32,300 - DEBUG - Start async tracer
2025-09-14 11:45:32,300 - DEBUG - Start async tracer
2025-09-14 11:45:32,300 - DEBUG - Closing EventQueue.
2025-09-14 11:45:32,301 - DEBUG - Got event: http.disconnect. Stop streaming.
2025-09-14 11:45:34,291 - WARNING - Retrying langchain_google_genai.chat_models._achat_with_retry.<locals>._achat_with_retry in 2.0 seconds as it raised ResourceExhausted: 429 You exceeded your current quota, please check your plan and billing details. For more information on this error, head to: https://ai.google.dev/gemini-api/docs/rate-limits. [violations {
  quota_metric: "generativelanguage.googleapis.com/generate_content_free_tier_requests"
  quota_id: "GenerateRequestsPerDayPerProjectPerModel-FreeTier"
  quota_dimensions {
    key: "model"
    value: "gemini-1.5-flash"
  }
  quota_dimensions {
    key: "location"
    value: "global"
  }
  quota_value: 50
}
, links {
  description: "Learn more about Gemini API quotas"
  url: "https://ai.google.dev/gemini-api/docs/rate-limits"
}
, retry_delay {
  seconds: 25
}
].
2025-09-14 11:45:36,712 - ERROR - Task exception was never retrieved
future: <Task finished name='Task-674' coro=<<async_generator_athrow without __name__>()> exception=ResourceExhausted('You exceeded your current quota, please check your plan and billing details. For more information on this error, head to: https://ai.google.dev/gemini-api/docs/rate-limits.')>
Traceback (most recent call last):
  File "D:\DEMO CHAT BOT\.venv\Lib\site-packages\langchain_core\tracers\log_stream.py", line 706, in _astream_log_implementation
    await task
  File "D:\DEMO CHAT BOT\.venv\Lib\site-packages\langchain_core\tracers\log_stream.py", line 658, in consume_astream
    async for chunk in runnable.astream(value, config, **kwargs):
  File "D:\DEMO CHAT BOT\.venv\Lib\site-packages\langgraph\pregel\main.py", line 2928, in astream
    async for _ in runner.atick(
  File "D:\DEMO CHAT BOT\.venv\Lib\site-packages\langgraph\pregel\_runner.py", line 295, in atick
    await arun_with_retry(
  File "D:\DEMO CHAT BOT\.venv\Lib\site-packages\langgraph\pregel\_retry.py", line 132, in arun_with_retry
    async for _ in task.proc.astream(task.input, config):
  File "D:\DEMO CHAT BOT\.venv\Lib\site-packages\langgraph\_internal\_runnable.py", line 840, in astream
    output = await asyncio.create_task(
             ^^^^^^^^^^^^^^^^^^^^^^^^^^
  File "D:\DEMO CHAT BOT\.venv\Lib\site-packages\langgraph\_internal\_runnable.py", line 905, in _consume_aiter
    async for chunk in it:
  File "D:\DEMO CHAT BOT\.venv\Lib\site-packages\langchain_core\tracers\log_stream.py", line 283, in tap_output_aiter
    async for chunk in output:
  File "D:\DEMO CHAT BOT\.venv\Lib\site-packages\langchain_core\runnables\base.py", line 1470, in atransform
    async for ichunk in input:
  File "D:\DEMO CHAT BOT\.venv\Lib\site-packages\langchain_core\runnables\base.py", line 1034, in astream
    yield await self.ainvoke(input, config, **kwargs)
          ^^^^^^^^^^^^^^^^^^^^^^^^^^^^^^^^^^^^^^^^^^^
  File "D:\DEMO CHAT BOT\.venv\Lib\site-packages\langgraph\_internal\_runnable.py", line 465, in ainvoke
    ret = await asyncio.create_task(coro, context=context)
          ^^^^^^^^^^^^^^^^^^^^^^^^^^^^^^^^^^^^^^^^^^^^^^^^
  File "D:\DEMO CHAT BOT\.venv\Lib\site-packages\langgraph\prebuilt\chat_agent_executor.py", line 728, in agenerate_structured_response
    response = await model_with_structured_output.ainvoke(messages, config)
               ^^^^^^^^^^^^^^^^^^^^^^^^^^^^^^^^^^^^^^^^^^^^^^^^^^^^^^^^^^^^
  File "D:\DEMO CHAT BOT\.venv\Lib\site-packages\langchain_core\runnables\base.py", line 3088, in ainvoke
    input_ = await coro_with_context(part(), context, create_task=True)
             ^^^^^^^^^^^^^^^^^^^^^^^^^^^^^^^^^^^^^^^^^^^^^^^^^^^^^^^^^^
  File "D:\DEMO CHAT BOT\.venv\Lib\site-packages\langchain_core\runnables\base.py", line 5447, in ainvoke
    return await self.bound.ainvoke(
           ^^^^^^^^^^^^^^^^^^^^^^^^^
  File "D:\DEMO CHAT BOT\.venv\Lib\site-packages\langchain_core\language_models\chat_models.py", line 417, in ainvoke
    llm_result = await self.agenerate_prompt(
                 ^^^^^^^^^^^^^^^^^^^^^^^^^^^^
  File "D:\DEMO CHAT BOT\.venv\Lib\site-packages\langchain_core\language_models\chat_models.py", line 991, in agenerate_prompt
    return await self.agenerate(
           ^^^^^^^^^^^^^^^^^^^^^
  File "D:\DEMO CHAT BOT\.venv\Lib\site-packages\langchain_core\language_models\chat_models.py", line 949, in agenerate
    raise exceptions[0]
  File "D:\DEMO CHAT BOT\.venv\Lib\site-packages\langchain_core\language_models\chat_models.py", line 1106, in _agenerate_with_cache
    async for chunk in self._astream(messages, stop=stop, **kwargs):
  File "D:\DEMO CHAT BOT\.venv\Lib\site-packages\langchain_google_genai\chat_models.py", line 1595, in _astream
    async for chunk in await _achat_with_retry(
                       ^^^^^^^^^^^^^^^^^^^^^^^^
  File "D:\DEMO CHAT BOT\.venv\Lib\site-packages\langchain_google_genai\chat_models.py", line 271, in _achat_with_retry
    return await _achat_with_retry(**params)
           ^^^^^^^^^^^^^^^^^^^^^^^^^^^^^^^^^
  File "D:\DEMO CHAT BOT\.venv\Lib\site-packages\tenacity\asyncio\__init__.py", line 189, in async_wrapped
    return await copy(fn, *args, **kwargs)
           ^^^^^^^^^^^^^^^^^^^^^^^^^^^^^^^
  File "D:\DEMO CHAT BOT\.venv\Lib\site-packages\tenacity\asyncio\__init__.py", line 111, in __call__
    do = await self.iter(retry_state=retry_state)
         ^^^^^^^^^^^^^^^^^^^^^^^^^^^^^^^^^^^^^^^^
  File "D:\DEMO CHAT BOT\.venv\Lib\site-packages\tenacity\asyncio\__init__.py", line 153, in iter
    result = await action(retry_state)
             ^^^^^^^^^^^^^^^^^^^^^^^^^
  File "D:\DEMO CHAT BOT\.venv\Lib\site-packages\tenacity\_utils.py", line 99, in inner
    return call(*args, **kwargs)
           ^^^^^^^^^^^^^^^^^^^^^
  File "D:\DEMO CHAT BOT\.venv\Lib\site-packages\tenacity\__init__.py", line 418, in exc_check
    raise retry_exc.reraise()
          ^^^^^^^^^^^^^^^^^^^
  File "D:\DEMO CHAT BOT\.venv\Lib\site-packages\tenacity\__init__.py", line 185, in reraise
    raise self.last_attempt.result()
          ^^^^^^^^^^^^^^^^^^^^^^^^^^
  File "E:\ANACONDA\Lib\concurrent\futures\_base.py", line 449, in result
    return self.__get_result()
           ^^^^^^^^^^^^^^^^^^^
  File "E:\ANACONDA\Lib\concurrent\futures\_base.py", line 401, in __get_result
    raise self._exception
  File "D:\DEMO CHAT BOT\.venv\Lib\site-packages\tenacity\asyncio\__init__.py", line 114, in __call__
    result = await fn(*args, **kwargs)
             ^^^^^^^^^^^^^^^^^^^^^^^^^
  File "D:\DEMO CHAT BOT\.venv\Lib\site-packages\langchain_google_genai\chat_models.py", line 262, in _achat_with_retry
    raise e
  File "D:\DEMO CHAT BOT\.venv\Lib\site-packages\langchain_google_genai\chat_models.py", line 255, in _achat_with_retry
    return await generation_method(**kwargs)
           ^^^^^^^^^^^^^^^^^^^^^^^^^^^^^^^^^
  File "D:\DEMO CHAT BOT\.venv\Lib\site-packages\google\api_core\retry\retry_unary_async.py", line 231, in retry_wrapped_func
    return await retry_target(
           ^^^^^^^^^^^^^^^^^^^
  File "D:\DEMO CHAT BOT\.venv\Lib\site-packages\google\api_core\retry\retry_unary_async.py", line 163, in retry_target
    next_sleep = _retry_error_helper(
                 ^^^^^^^^^^^^^^^^^^^^
  File "D:\DEMO CHAT BOT\.venv\Lib\site-packages\google\api_core\retry\retry_base.py", line 214, in _retry_error_helper
    raise final_exc from source_exc
  File "D:\DEMO CHAT BOT\.venv\Lib\site-packages\google\api_core\retry\retry_unary_async.py", line 158, in retry_target
    return await target()
           ^^^^^^^^^^^^^^
  File "D:\DEMO CHAT BOT\.venv\Lib\site-packages\google\api_core\grpc_helpers_async.py", line 178, in error_remapped_callable
    await call.wait_for_connection()
  File "D:\DEMO CHAT BOT\.venv\Lib\site-packages\google\api_core\grpc_helpers_async.py", line 79, in wait_for_connection
    raise exceptions.from_grpc_error(rpc_error) from rpc_error
google.api_core.exceptions.ResourceExhausted: 429 You exceeded your current quota, please check your plan and billing details. For more information on this error, head to: https://ai.google.dev/gemini-api/docs/rate-limits. [violations {
  quota_metric: "generativelanguage.googleapis.com/generate_content_free_tier_requests"
  quota_id: "GenerateRequestsPerDayPerProjectPerModel-FreeTier"
  quota_dimensions {
    key: "model"
    value: "gemini-1.5-flash"
  }
  quota_dimensions {
    key: "location"
    value: "global"
  }
  quota_value: 50
}
, links {
  description: "Learn more about Gemini API quotas"
  url: "https://ai.google.dev/gemini-api/docs/rate-limits"
}
, retry_delay {
  seconds: 23
}
]
During task with name 'generate_structured_response' and id '04d48889-dc0b-f9e4-8d55-e322ce2a2bae'
2025-09-14 12:50:16,605 - DEBUG - Start async tracer
2025-09-14 12:50:16,609 - DEBUG - TaskManager initialized with task_id: None, context_id: None
2025-09-14 12:50:16,609 - DEBUG - task_id is not set, cannot get task.
2025-09-14 12:50:16,609 - DEBUG - Start async tracer
2025-09-14 12:50:16,609 - DEBUG - EventQueue initialized.
2025-09-14 12:50:16,609 - DEBUG - Start async tracer
2025-09-14 12:50:16,609 - DEBUG - EventConsumer initialized
2025-09-14 12:50:16,609 - DEBUG - Starting to consume all events from the queue.
2025-09-14 12:50:16,609 - DEBUG - Start async tracer
2025-09-14 12:50:16,609 - DEBUG - Attempting to dequeue event (waiting).
2025-09-14 12:50:16,609 - DEBUG - Start async tracer
2025-09-14 12:50:16,609 - DEBUG - Start async tracer
2025-09-14 12:50:16,609 - DEBUG - Enqueuing event of type: <class 'a2a.types.TaskStatusUpdateEvent'>
2025-09-14 12:50:16,609 - DEBUG - Start async tracer
2025-09-14 12:50:16,609 - DEBUG - Enqueuing event of type: <class 'a2a.types.TaskStatusUpdateEvent'>
2025-09-14 12:50:16,619 - DEBUG - Dequeued event (waited) of type: <class 'a2a.types.TaskStatusUpdateEvent'>
2025-09-14 12:50:16,619 - DEBUG - Dequeued event of type: <class 'a2a.types.TaskStatusUpdateEvent'> in consume_all.
2025-09-14 12:50:16,622 - DEBUG - Marking task as done in EventQueue.
2025-09-14 12:50:16,622 - DEBUG - Marked task as done in event queue in consume_all
2025-09-14 12:50:16,622 - DEBUG - Processing save of task event of type TaskStatusUpdateEvent for task_id: 4e7c7a17-fb5e-46b8-9b2e-62b78dcf86c2
2025-09-14 12:50:16,622 - DEBUG - Attempting to retrieve existing task with id: 4e7c7a17-fb5e-46b8-9b2e-62b78dcf86c2
2025-09-14 12:50:16,622 - DEBUG - Attempting to get task with id: 4e7c7a17-fb5e-46b8-9b2e-62b78dcf86c2
2025-09-14 12:50:16,622 - DEBUG - Task 4e7c7a17-fb5e-46b8-9b2e-62b78dcf86c2 not found in store.
2025-09-14 12:50:16,622 - INFO - Task not found or task_id not set. Creating new task for event (task_id: 4e7c7a17-fb5e-46b8-9b2e-62b78dcf86c2, context_id: eec9a605-8f9d-456e-95fb-c2170c653b3b).
2025-09-14 12:50:16,622 - DEBUG - Initializing new Task object with task_id: 4e7c7a17-fb5e-46b8-9b2e-62b78dcf86c2, context_id: eec9a605-8f9d-456e-95fb-c2170c653b3b
2025-09-14 12:50:16,622 - DEBUG - Saving task with id: 4e7c7a17-fb5e-46b8-9b2e-62b78dcf86c2
2025-09-14 12:50:16,622 - DEBUG - Task 4e7c7a17-fb5e-46b8-9b2e-62b78dcf86c2 saved successfully.
2025-09-14 12:50:16,622 - DEBUG - Updating task 4e7c7a17-fb5e-46b8-9b2e-62b78dcf86c2 status to: TaskState.submitted
2025-09-14 12:50:16,622 - DEBUG - Saving task with id: 4e7c7a17-fb5e-46b8-9b2e-62b78dcf86c2
2025-09-14 12:50:16,622 - DEBUG - Task 4e7c7a17-fb5e-46b8-9b2e-62b78dcf86c2 saved successfully.
2025-09-14 12:50:16,622 - DEBUG - Start async tracer
2025-09-14 12:50:16,622 - DEBUG - chunk: b'data: {"id":"84ed6545-3605-4b0f-bee4-7710d0a0464a","jsonrpc":"2.0","result":{"contextId":"eec9a605-8f9d-456e-95fb-c2170c653b3b","final":false,"kind":"status-update","status":{"state":"submitted","timestamp":"2025-09-14T05:50:16.609982+00:00"},"taskId":"4e7c7a17-fb5e-46b8-9b2e-62b78dcf86c2"}}\r\n\r\n'
2025-09-14 12:50:16,622 - DEBUG - Start async tracer
2025-09-14 12:50:16,622 - DEBUG - Attempting to dequeue event (waiting).
2025-09-14 12:50:16,622 - DEBUG - Dequeued event (waited) of type: <class 'a2a.types.TaskStatusUpdateEvent'>
2025-09-14 12:50:16,622 - DEBUG - Dequeued event of type: <class 'a2a.types.TaskStatusUpdateEvent'> in consume_all.
2025-09-14 12:50:16,622 - DEBUG - Marking task as done in EventQueue.
2025-09-14 12:50:16,622 - DEBUG - Marked task as done in event queue in consume_all
2025-09-14 12:50:16,622 - DEBUG - Processing save of task event of type TaskStatusUpdateEvent for task_id: 4e7c7a17-fb5e-46b8-9b2e-62b78dcf86c2
2025-09-14 12:50:16,622 - DEBUG - Updating task 4e7c7a17-fb5e-46b8-9b2e-62b78dcf86c2 status to: TaskState.working
2025-09-14 12:50:16,622 - DEBUG - Saving task with id: 4e7c7a17-fb5e-46b8-9b2e-62b78dcf86c2
2025-09-14 12:50:16,622 - DEBUG - Task 4e7c7a17-fb5e-46b8-9b2e-62b78dcf86c2 saved successfully.
2025-09-14 12:50:16,622 - DEBUG - Start async tracer
2025-09-14 12:50:16,622 - DEBUG - chunk: b'data: {"id":"84ed6545-3605-4b0f-bee4-7710d0a0464a","jsonrpc":"2.0","result":{"contextId":"eec9a605-8f9d-456e-95fb-c2170c653b3b","final":false,"kind":"status-update","status":{"state":"working","timestamp":"2025-09-14T05:50:16.609982+00:00"},"taskId":"4e7c7a17-fb5e-46b8-9b2e-62b78dcf86c2"}}\r\n\r\n'
2025-09-14 12:50:16,622 - DEBUG - Start async tracer
2025-09-14 12:50:16,622 - DEBUG - Attempting to dequeue event (waiting).
2025-09-14 12:50:16,622 - ERROR - CostAgentExecutor error: 'dict' object has no attribute 'data'
2025-09-14 12:50:16,622 - DEBUG - Start async tracer
2025-09-14 12:50:16,622 - DEBUG - Enqueuing event of type: <class 'a2a.types.TaskStatusUpdateEvent'>
2025-09-14 12:50:16,622 - DEBUG - Start async tracer
2025-09-14 12:50:16,622 - DEBUG - Closing EventQueue.
2025-09-14 12:50:16,622 - DEBUG - Dequeued event (waited) of type: <class 'a2a.types.TaskStatusUpdateEvent'>
2025-09-14 12:50:16,622 - DEBUG - Dequeued event of type: <class 'a2a.types.TaskStatusUpdateEvent'> in consume_all.
2025-09-14 12:50:16,622 - DEBUG - Marking task as done in EventQueue.
2025-09-14 12:50:16,622 - DEBUG - Marked task as done in event queue in consume_all
2025-09-14 12:50:16,622 - DEBUG - Stopping event consumption in consume_all.
2025-09-14 12:50:16,622 - DEBUG - Start async tracer
2025-09-14 12:50:16,622 - DEBUG - Closing EventQueue.
2025-09-14 12:50:16,630 - DEBUG - Processing save of task event of type TaskStatusUpdateEvent for task_id: 4e7c7a17-fb5e-46b8-9b2e-62b78dcf86c2
2025-09-14 12:50:16,630 - DEBUG - Updating task 4e7c7a17-fb5e-46b8-9b2e-62b78dcf86c2 status to: TaskState.failed
2025-09-14 12:50:16,630 - DEBUG - Saving task with id: 4e7c7a17-fb5e-46b8-9b2e-62b78dcf86c2
2025-09-14 12:50:16,630 - DEBUG - Task 4e7c7a17-fb5e-46b8-9b2e-62b78dcf86c2 saved successfully.
2025-09-14 12:50:16,630 - DEBUG - Start async tracer
2025-09-14 12:50:16,630 - DEBUG - chunk: b'data: {"id":"84ed6545-3605-4b0f-bee4-7710d0a0464a","jsonrpc":"2.0","result":{"contextId":"eec9a605-8f9d-456e-95fb-c2170c653b3b","final":true,"kind":"status-update","status":{"state":"failed","timestamp":"2025-09-14T05:50:16.622674+00:00"},"taskId":"4e7c7a17-fb5e-46b8-9b2e-62b78dcf86c2"}}\r\n\r\n'
2025-09-14 12:50:16,630 - DEBUG - Start async tracer
2025-09-14 12:50:16,630 - DEBUG - Agent task callback triggered.
2025-09-14 12:50:16,630 - DEBUG - Start async tracer
2025-09-14 12:50:16,630 - DEBUG - Start async tracer
2025-09-14 12:50:16,630 - DEBUG - Closing EventQueue.
2025-09-14 12:50:16,630 - DEBUG - Got event: http.disconnect. Stop streaming.
2025-09-14 12:50:17,372 - WARNING - Retrying langchain_google_genai.chat_models._achat_with_retry.<locals>._achat_with_retry in 2.0 seconds as it raised ResourceExhausted: 429 You exceeded your current quota, please check your plan and billing details. For more information on this error, head to: https://ai.google.dev/gemini-api/docs/rate-limits. [violations {
  quota_metric: "generativelanguage.googleapis.com/generate_content_free_tier_requests"
  quota_id: "GenerateRequestsPerDayPerProjectPerModel-FreeTier"
  quota_dimensions {
    key: "model"
    value: "gemini-1.5-flash"
  }
  quota_dimensions {
    key: "location"
    value: "global"
  }
  quota_value: 50
}
, links {
  description: "Learn more about Gemini API quotas"
  url: "https://ai.google.dev/gemini-api/docs/rate-limits"
}
, retry_delay {
  seconds: 42
}
].
2025-09-14 12:50:20,729 - ERROR - Task exception was never retrieved
future: <Task finished name='Task-750' coro=<<async_generator_athrow without __name__>()> exception=ResourceExhausted('You exceeded your current quota, please check your plan and billing details. For more information on this error, head to: https://ai.google.dev/gemini-api/docs/rate-limits.')>
Traceback (most recent call last):
  File "D:\DEMO CHAT BOT\.venv\Lib\site-packages\google\api_core\grpc_helpers_async.py", line 106, in _wrapped_aiter
    async for response in self._call:  # pragma: no branch
  File "D:\DEMO CHAT BOT\.venv\Lib\site-packages\grpc\aio\_call.py", line 365, in _fetch_stream_responses
    await self._raise_for_status()
  File "D:\DEMO CHAT BOT\.venv\Lib\site-packages\grpc\aio\_call.py", line 272, in _raise_for_status
    raise _create_rpc_error(
grpc.aio._call.AioRpcError: <AioRpcError of RPC that terminated with:
	status = StatusCode.RESOURCE_EXHAUSTED
	details = "You exceeded your current quota, please check your plan and billing details. For more information on this error, head to: https://ai.google.dev/gemini-api/docs/rate-limits."
	debug_error_string = "UNKNOWN:Error received from peer ipv6:%5B2404:6800:4005:81b::200a%5D:443 {grpc_message:"You exceeded your current quota, please check your plan and billing details. For more information on this error, head to: https://ai.google.dev/gemini-api/docs/rate-limits.", grpc_status:8}"
>

The above exception was the direct cause of the following exception:

Traceback (most recent call last):
  File "D:\DEMO CHAT BOT\.venv\Lib\site-packages\langchain_core\tracers\log_stream.py", line 706, in _astream_log_implementation
    await task
  File "D:\DEMO CHAT BOT\.venv\Lib\site-packages\langchain_core\tracers\log_stream.py", line 658, in consume_astream
    async for chunk in runnable.astream(value, config, **kwargs):
  File "D:\DEMO CHAT BOT\.venv\Lib\site-packages\langgraph\pregel\main.py", line 2928, in astream
    async for _ in runner.atick(
  File "D:\DEMO CHAT BOT\.venv\Lib\site-packages\langgraph\pregel\_runner.py", line 295, in atick
    await arun_with_retry(
  File "D:\DEMO CHAT BOT\.venv\Lib\site-packages\langgraph\pregel\_retry.py", line 132, in arun_with_retry
    async for _ in task.proc.astream(task.input, config):
  File "D:\DEMO CHAT BOT\.venv\Lib\site-packages\langgraph\_internal\_runnable.py", line 840, in astream
    output = await asyncio.create_task(
             ^^^^^^^^^^^^^^^^^^^^^^^^^^
  File "D:\DEMO CHAT BOT\.venv\Lib\site-packages\langgraph\_internal\_runnable.py", line 905, in _consume_aiter
    async for chunk in it:
  File "D:\DEMO CHAT BOT\.venv\Lib\site-packages\langchain_core\tracers\log_stream.py", line 283, in tap_output_aiter
    async for chunk in output:
  File "D:\DEMO CHAT BOT\.venv\Lib\site-packages\langchain_core\runnables\base.py", line 1470, in atransform
    async for ichunk in input:
  File "D:\DEMO CHAT BOT\.venv\Lib\site-packages\langchain_core\runnables\base.py", line 1034, in astream
    yield await self.ainvoke(input, config, **kwargs)
          ^^^^^^^^^^^^^^^^^^^^^^^^^^^^^^^^^^^^^^^^^^^
  File "D:\DEMO CHAT BOT\.venv\Lib\site-packages\langgraph\_internal\_runnable.py", line 465, in ainvoke
    ret = await asyncio.create_task(coro, context=context)
          ^^^^^^^^^^^^^^^^^^^^^^^^^^^^^^^^^^^^^^^^^^^^^^^^
  File "D:\DEMO CHAT BOT\.venv\Lib\site-packages\langgraph\prebuilt\chat_agent_executor.py", line 728, in agenerate_structured_response
    response = await model_with_structured_output.ainvoke(messages, config)
               ^^^^^^^^^^^^^^^^^^^^^^^^^^^^^^^^^^^^^^^^^^^^^^^^^^^^^^^^^^^^
  File "D:\DEMO CHAT BOT\.venv\Lib\site-packages\langchain_core\runnables\base.py", line 3088, in ainvoke
    input_ = await coro_with_context(part(), context, create_task=True)
             ^^^^^^^^^^^^^^^^^^^^^^^^^^^^^^^^^^^^^^^^^^^^^^^^^^^^^^^^^^
  File "D:\DEMO CHAT BOT\.venv\Lib\site-packages\langchain_core\runnables\base.py", line 5447, in ainvoke
    return await self.bound.ainvoke(
           ^^^^^^^^^^^^^^^^^^^^^^^^^
  File "D:\DEMO CHAT BOT\.venv\Lib\site-packages\langchain_core\language_models\chat_models.py", line 417, in ainvoke
    llm_result = await self.agenerate_prompt(
                 ^^^^^^^^^^^^^^^^^^^^^^^^^^^^
  File "D:\DEMO CHAT BOT\.venv\Lib\site-packages\langchain_core\language_models\chat_models.py", line 991, in agenerate_prompt
    return await self.agenerate(
           ^^^^^^^^^^^^^^^^^^^^^
  File "D:\DEMO CHAT BOT\.venv\Lib\site-packages\langchain_core\language_models\chat_models.py", line 949, in agenerate
    raise exceptions[0]
  File "D:\DEMO CHAT BOT\.venv\Lib\site-packages\langchain_core\language_models\chat_models.py", line 1106, in _agenerate_with_cache
    async for chunk in self._astream(messages, stop=stop, **kwargs):
  File "D:\DEMO CHAT BOT\.venv\Lib\site-packages\langchain_google_genai\chat_models.py", line 1595, in _astream
    async for chunk in await _achat_with_retry(
  File "D:\DEMO CHAT BOT\.venv\Lib\site-packages\google\api_core\grpc_helpers_async.py", line 109, in _wrapped_aiter
    raise exceptions.from_grpc_error(rpc_error) from rpc_error
google.api_core.exceptions.ResourceExhausted: 429 You exceeded your current quota, please check your plan and billing details. For more information on this error, head to: https://ai.google.dev/gemini-api/docs/rate-limits. [violations {
  quota_metric: "generativelanguage.googleapis.com/generate_content_free_tier_requests"
  quota_id: "GenerateRequestsPerDayPerProjectPerModel-FreeTier"
  quota_dimensions {
    key: "model"
    value: "gemini-1.5-flash"
  }
  quota_dimensions {
    key: "location"
    value: "global"
  }
  quota_value: 50
}
, links {
  description: "Learn more about Gemini API quotas"
  url: "https://ai.google.dev/gemini-api/docs/rate-limits"
}
, retry_delay {
  seconds: 38
}
]
During task with name 'generate_structured_response' and id '6cfa5240-d66b-5e34-8644-e48cbbdf70ce'
2025-09-14 13:03:51,099 - DEBUG - Start async tracer
2025-09-14 13:03:51,099 - DEBUG - TaskManager initialized with task_id: None, context_id: None
2025-09-14 13:03:51,099 - DEBUG - task_id is not set, cannot get task.
2025-09-14 13:03:51,099 - DEBUG - Start async tracer
2025-09-14 13:03:51,099 - DEBUG - EventQueue initialized.
2025-09-14 13:03:51,099 - DEBUG - Start async tracer
2025-09-14 13:03:51,099 - DEBUG - EventConsumer initialized
2025-09-14 13:03:51,099 - DEBUG - Starting to consume all events from the queue.
2025-09-14 13:03:51,099 - DEBUG - Start async tracer
2025-09-14 13:03:51,099 - DEBUG - Attempting to dequeue event (waiting).
2025-09-14 13:03:51,099 - DEBUG - Start async tracer
2025-09-14 13:03:51,099 - DEBUG - Start async tracer
2025-09-14 13:03:51,099 - DEBUG - Enqueuing event of type: <class 'a2a.types.TaskStatusUpdateEvent'>
2025-09-14 13:03:51,099 - DEBUG - Start async tracer
2025-09-14 13:03:51,099 - DEBUG - Enqueuing event of type: <class 'a2a.types.TaskStatusUpdateEvent'>
2025-09-14 13:03:51,109 - DEBUG - Dequeued event (waited) of type: <class 'a2a.types.TaskStatusUpdateEvent'>
2025-09-14 13:03:51,109 - DEBUG - Dequeued event of type: <class 'a2a.types.TaskStatusUpdateEvent'> in consume_all.
2025-09-14 13:03:51,109 - DEBUG - Marking task as done in EventQueue.
2025-09-14 13:03:51,109 - DEBUG - Marked task as done in event queue in consume_all
2025-09-14 13:03:51,109 - DEBUG - Processing save of task event of type TaskStatusUpdateEvent for task_id: 05b44f1e-fe41-4435-9380-067cdfb2cb38
2025-09-14 13:03:51,109 - DEBUG - Attempting to retrieve existing task with id: 05b44f1e-fe41-4435-9380-067cdfb2cb38
2025-09-14 13:03:51,117 - DEBUG - Attempting to get task with id: 05b44f1e-fe41-4435-9380-067cdfb2cb38
2025-09-14 13:03:51,117 - DEBUG - Task 05b44f1e-fe41-4435-9380-067cdfb2cb38 not found in store.
2025-09-14 13:03:51,117 - INFO - Task not found or task_id not set. Creating new task for event (task_id: 05b44f1e-fe41-4435-9380-067cdfb2cb38, context_id: 304d4298-a628-4365-b5c2-39471473d226).
2025-09-14 13:03:51,117 - DEBUG - Initializing new Task object with task_id: 05b44f1e-fe41-4435-9380-067cdfb2cb38, context_id: 304d4298-a628-4365-b5c2-39471473d226
2025-09-14 13:03:51,117 - DEBUG - Saving task with id: 05b44f1e-fe41-4435-9380-067cdfb2cb38
2025-09-14 13:03:51,117 - DEBUG - Task 05b44f1e-fe41-4435-9380-067cdfb2cb38 saved successfully.
2025-09-14 13:03:51,117 - DEBUG - Updating task 05b44f1e-fe41-4435-9380-067cdfb2cb38 status to: TaskState.submitted
2025-09-14 13:03:51,117 - DEBUG - Saving task with id: 05b44f1e-fe41-4435-9380-067cdfb2cb38
2025-09-14 13:03:51,117 - DEBUG - Task 05b44f1e-fe41-4435-9380-067cdfb2cb38 saved successfully.
2025-09-14 13:03:51,117 - DEBUG - Start async tracer
2025-09-14 13:03:51,117 - DEBUG - chunk: b'data: {"id":"a8af6625-7524-479c-b67b-06841809f58e","jsonrpc":"2.0","result":{"contextId":"304d4298-a628-4365-b5c2-39471473d226","final":false,"kind":"status-update","status":{"state":"submitted","timestamp":"2025-09-14T06:03:51.099710+00:00"},"taskId":"05b44f1e-fe41-4435-9380-067cdfb2cb38"}}\r\n\r\n'
2025-09-14 13:03:51,117 - DEBUG - Start async tracer
2025-09-14 13:03:51,119 - DEBUG - Attempting to dequeue event (waiting).
2025-09-14 13:03:51,119 - DEBUG - Dequeued event (waited) of type: <class 'a2a.types.TaskStatusUpdateEvent'>
2025-09-14 13:03:51,119 - DEBUG - Dequeued event of type: <class 'a2a.types.TaskStatusUpdateEvent'> in consume_all.
2025-09-14 13:03:51,119 - DEBUG - Marking task as done in EventQueue.
2025-09-14 13:03:51,119 - DEBUG - Marked task as done in event queue in consume_all
2025-09-14 13:03:51,119 - DEBUG - Processing save of task event of type TaskStatusUpdateEvent for task_id: 05b44f1e-fe41-4435-9380-067cdfb2cb38
2025-09-14 13:03:51,119 - DEBUG - Updating task 05b44f1e-fe41-4435-9380-067cdfb2cb38 status to: TaskState.working
2025-09-14 13:03:51,119 - DEBUG - Saving task with id: 05b44f1e-fe41-4435-9380-067cdfb2cb38
2025-09-14 13:03:51,119 - DEBUG - Task 05b44f1e-fe41-4435-9380-067cdfb2cb38 saved successfully.
2025-09-14 13:03:51,119 - DEBUG - Start async tracer
2025-09-14 13:03:51,119 - DEBUG - chunk: b'data: {"id":"a8af6625-7524-479c-b67b-06841809f58e","jsonrpc":"2.0","result":{"contextId":"304d4298-a628-4365-b5c2-39471473d226","final":false,"kind":"status-update","status":{"state":"working","timestamp":"2025-09-14T06:03:51.099710+00:00"},"taskId":"05b44f1e-fe41-4435-9380-067cdfb2cb38"}}\r\n\r\n'
2025-09-14 13:03:51,119 - DEBUG - Start async tracer
2025-09-14 13:03:51,119 - DEBUG - Attempting to dequeue event (waiting).
2025-09-14 13:03:51,119 - ERROR - CostAgentExecutor error: 'dict' object has no attribute 'data'
2025-09-14 13:03:51,119 - DEBUG - Start async tracer
2025-09-14 13:03:51,119 - DEBUG - Enqueuing event of type: <class 'a2a.types.TaskStatusUpdateEvent'>
2025-09-14 13:03:51,119 - DEBUG - Start async tracer
2025-09-14 13:03:51,119 - DEBUG - Closing EventQueue.
2025-09-14 13:03:51,119 - DEBUG - Dequeued event (waited) of type: <class 'a2a.types.TaskStatusUpdateEvent'>
2025-09-14 13:03:51,119 - DEBUG - Dequeued event of type: <class 'a2a.types.TaskStatusUpdateEvent'> in consume_all.
2025-09-14 13:03:51,119 - DEBUG - Marking task as done in EventQueue.
2025-09-14 13:03:51,119 - DEBUG - Marked task as done in event queue in consume_all
2025-09-14 13:03:51,119 - DEBUG - Stopping event consumption in consume_all.
2025-09-14 13:03:51,119 - DEBUG - Start async tracer
2025-09-14 13:03:51,119 - DEBUG - Closing EventQueue.
2025-09-14 13:03:51,119 - DEBUG - Processing save of task event of type TaskStatusUpdateEvent for task_id: 05b44f1e-fe41-4435-9380-067cdfb2cb38
2025-09-14 13:03:51,123 - DEBUG - Updating task 05b44f1e-fe41-4435-9380-067cdfb2cb38 status to: TaskState.failed
2025-09-14 13:03:51,123 - DEBUG - Saving task with id: 05b44f1e-fe41-4435-9380-067cdfb2cb38
2025-09-14 13:03:51,123 - DEBUG - Task 05b44f1e-fe41-4435-9380-067cdfb2cb38 saved successfully.
2025-09-14 13:03:51,123 - DEBUG - Start async tracer
2025-09-14 13:03:51,124 - DEBUG - chunk: b'data: {"id":"a8af6625-7524-479c-b67b-06841809f58e","jsonrpc":"2.0","result":{"contextId":"304d4298-a628-4365-b5c2-39471473d226","final":true,"kind":"status-update","status":{"state":"failed","timestamp":"2025-09-14T06:03:51.119740+00:00"},"taskId":"05b44f1e-fe41-4435-9380-067cdfb2cb38"}}\r\n\r\n'
2025-09-14 13:03:51,124 - DEBUG - Start async tracer
2025-09-14 13:03:51,125 - DEBUG - Agent task callback triggered.
2025-09-14 13:03:51,125 - DEBUG - Start async tracer
2025-09-14 13:03:51,125 - DEBUG - Start async tracer
2025-09-14 13:03:51,126 - DEBUG - Closing EventQueue.
2025-09-14 13:03:51,126 - DEBUG - Got event: http.disconnect. Stop streaming.
2025-09-14 13:24:49,933 - DEBUG - Start async tracer
2025-09-14 13:24:49,933 - DEBUG - TaskManager initialized with task_id: None, context_id: None
2025-09-14 13:24:49,933 - DEBUG - task_id is not set, cannot get task.
2025-09-14 13:24:49,933 - DEBUG - Start async tracer
2025-09-14 13:24:49,933 - DEBUG - EventQueue initialized.
2025-09-14 13:24:49,933 - DEBUG - Start async tracer
2025-09-14 13:24:49,933 - DEBUG - EventConsumer initialized
2025-09-14 13:24:49,933 - DEBUG - Starting to consume all events from the queue.
2025-09-14 13:24:49,933 - DEBUG - Start async tracer
2025-09-14 13:24:49,933 - DEBUG - Attempting to dequeue event (waiting).
2025-09-14 13:24:49,933 - DEBUG - Start async tracer
2025-09-14 13:24:49,933 - DEBUG - Start async tracer
2025-09-14 13:24:49,933 - DEBUG - Enqueuing event of type: <class 'a2a.types.TaskStatusUpdateEvent'>
2025-09-14 13:24:49,933 - DEBUG - Start async tracer
2025-09-14 13:24:49,933 - DEBUG - Enqueuing event of type: <class 'a2a.types.TaskStatusUpdateEvent'>
2025-09-14 13:24:49,948 - DEBUG - Dequeued event (waited) of type: <class 'a2a.types.TaskStatusUpdateEvent'>
2025-09-14 13:24:49,948 - DEBUG - Dequeued event of type: <class 'a2a.types.TaskStatusUpdateEvent'> in consume_all.
2025-09-14 13:24:49,948 - DEBUG - Marking task as done in EventQueue.
2025-09-14 13:24:49,948 - DEBUG - Marked task as done in event queue in consume_all
2025-09-14 13:24:49,948 - DEBUG - Processing save of task event of type TaskStatusUpdateEvent for task_id: eca6568d-fe20-4eb4-abf2-1d48ec205ac6
2025-09-14 13:24:49,951 - DEBUG - Attempting to retrieve existing task with id: eca6568d-fe20-4eb4-abf2-1d48ec205ac6
2025-09-14 13:24:49,951 - DEBUG - Attempting to get task with id: eca6568d-fe20-4eb4-abf2-1d48ec205ac6
2025-09-14 13:24:49,951 - DEBUG - Task eca6568d-fe20-4eb4-abf2-1d48ec205ac6 not found in store.
2025-09-14 13:24:49,951 - INFO - Task not found or task_id not set. Creating new task for event (task_id: eca6568d-fe20-4eb4-abf2-1d48ec205ac6, context_id: 7a202fc9-e067-4d3a-8605-ec2fe1a3d4a6).
2025-09-14 13:24:49,951 - DEBUG - Initializing new Task object with task_id: eca6568d-fe20-4eb4-abf2-1d48ec205ac6, context_id: 7a202fc9-e067-4d3a-8605-ec2fe1a3d4a6
2025-09-14 13:24:49,951 - DEBUG - Saving task with id: eca6568d-fe20-4eb4-abf2-1d48ec205ac6
2025-09-14 13:24:49,951 - DEBUG - Task eca6568d-fe20-4eb4-abf2-1d48ec205ac6 saved successfully.
2025-09-14 13:24:49,951 - DEBUG - Updating task eca6568d-fe20-4eb4-abf2-1d48ec205ac6 status to: TaskState.submitted
2025-09-14 13:24:49,951 - DEBUG - Saving task with id: eca6568d-fe20-4eb4-abf2-1d48ec205ac6
2025-09-14 13:24:49,951 - DEBUG - Task eca6568d-fe20-4eb4-abf2-1d48ec205ac6 saved successfully.
2025-09-14 13:24:49,951 - DEBUG - Start async tracer
2025-09-14 13:24:49,951 - DEBUG - chunk: b'data: {"id":"a64d1416-88e1-4b83-bf9e-41ee13146745","jsonrpc":"2.0","result":{"contextId":"7a202fc9-e067-4d3a-8605-ec2fe1a3d4a6","final":false,"kind":"status-update","status":{"state":"submitted","timestamp":"2025-09-14T06:24:49.933595+00:00"},"taskId":"eca6568d-fe20-4eb4-abf2-1d48ec205ac6"}}\r\n\r\n'
2025-09-14 13:24:49,951 - DEBUG - Start async tracer
2025-09-14 13:24:49,951 - DEBUG - Attempting to dequeue event (waiting).
2025-09-14 13:24:49,951 - DEBUG - Dequeued event (waited) of type: <class 'a2a.types.TaskStatusUpdateEvent'>
2025-09-14 13:24:49,951 - DEBUG - Dequeued event of type: <class 'a2a.types.TaskStatusUpdateEvent'> in consume_all.
2025-09-14 13:24:49,951 - DEBUG - Marking task as done in EventQueue.
2025-09-14 13:24:49,951 - DEBUG - Marked task as done in event queue in consume_all
2025-09-14 13:24:49,951 - DEBUG - Processing save of task event of type TaskStatusUpdateEvent for task_id: eca6568d-fe20-4eb4-abf2-1d48ec205ac6
2025-09-14 13:24:49,951 - DEBUG - Updating task eca6568d-fe20-4eb4-abf2-1d48ec205ac6 status to: TaskState.working
2025-09-14 13:24:49,951 - DEBUG - Saving task with id: eca6568d-fe20-4eb4-abf2-1d48ec205ac6
2025-09-14 13:24:49,951 - DEBUG - Task eca6568d-fe20-4eb4-abf2-1d48ec205ac6 saved successfully.
2025-09-14 13:24:49,951 - DEBUG - Start async tracer
2025-09-14 13:24:49,951 - DEBUG - chunk: b'data: {"id":"a64d1416-88e1-4b83-bf9e-41ee13146745","jsonrpc":"2.0","result":{"contextId":"7a202fc9-e067-4d3a-8605-ec2fe1a3d4a6","final":false,"kind":"status-update","status":{"state":"working","timestamp":"2025-09-14T06:24:49.933595+00:00"},"taskId":"eca6568d-fe20-4eb4-abf2-1d48ec205ac6"}}\r\n\r\n'
2025-09-14 13:24:49,951 - DEBUG - Start async tracer
2025-09-14 13:24:49,951 - DEBUG - Attempting to dequeue event (waiting).
2025-09-14 13:24:49,951 - ERROR - CostAgentExecutor error: 'dict' object has no attribute 'data'
2025-09-14 13:24:49,951 - DEBUG - Start async tracer
2025-09-14 13:24:49,951 - DEBUG - Enqueuing event of type: <class 'a2a.types.TaskStatusUpdateEvent'>
2025-09-14 13:24:49,951 - DEBUG - Start async tracer
2025-09-14 13:24:49,951 - DEBUG - Closing EventQueue.
2025-09-14 13:24:49,951 - DEBUG - Dequeued event (waited) of type: <class 'a2a.types.TaskStatusUpdateEvent'>
2025-09-14 13:24:49,951 - DEBUG - Dequeued event of type: <class 'a2a.types.TaskStatusUpdateEvent'> in consume_all.
2025-09-14 13:24:49,957 - DEBUG - Marking task as done in EventQueue.
2025-09-14 13:24:49,957 - DEBUG - Marked task as done in event queue in consume_all
2025-09-14 13:24:49,957 - DEBUG - Stopping event consumption in consume_all.
2025-09-14 13:24:49,957 - DEBUG - Start async tracer
2025-09-14 13:24:49,957 - DEBUG - Closing EventQueue.
2025-09-14 13:24:49,957 - DEBUG - Processing save of task event of type TaskStatusUpdateEvent for task_id: eca6568d-fe20-4eb4-abf2-1d48ec205ac6
2025-09-14 13:24:49,957 - DEBUG - Updating task eca6568d-fe20-4eb4-abf2-1d48ec205ac6 status to: TaskState.failed
2025-09-14 13:24:49,957 - DEBUG - Saving task with id: eca6568d-fe20-4eb4-abf2-1d48ec205ac6
2025-09-14 13:24:49,957 - DEBUG - Task eca6568d-fe20-4eb4-abf2-1d48ec205ac6 saved successfully.
2025-09-14 13:24:49,957 - DEBUG - Start async tracer
2025-09-14 13:24:49,957 - DEBUG - chunk: b'data: {"id":"a64d1416-88e1-4b83-bf9e-41ee13146745","jsonrpc":"2.0","result":{"contextId":"7a202fc9-e067-4d3a-8605-ec2fe1a3d4a6","final":true,"kind":"status-update","status":{"state":"failed","timestamp":"2025-09-14T06:24:49.951611+00:00"},"taskId":"eca6568d-fe20-4eb4-abf2-1d48ec205ac6"}}\r\n\r\n'
2025-09-14 13:24:49,957 - DEBUG - Start async tracer
2025-09-14 13:24:49,957 - DEBUG - Agent task callback triggered.
2025-09-14 13:24:49,957 - DEBUG - Start async tracer
2025-09-14 13:24:49,957 - DEBUG - Start async tracer
2025-09-14 13:24:49,957 - DEBUG - Closing EventQueue.
2025-09-14 13:24:49,961 - DEBUG - Got event: http.disconnect. Stop streaming.
2025-09-14 13:24:51,201 - WARNING - Retrying langchain_google_genai.chat_models._achat_with_retry.<locals>._achat_with_retry in 2.0 seconds as it raised ResourceExhausted: 429 You exceeded your current quota, please check your plan and billing details. For more information on this error, head to: https://ai.google.dev/gemini-api/docs/rate-limits. [violations {
  quota_metric: "generativelanguage.googleapis.com/generate_content_free_tier_requests"
  quota_id: "GenerateRequestsPerDayPerProjectPerModel-FreeTier"
  quota_dimensions {
    key: "model"
    value: "gemini-1.5-flash"
  }
  quota_dimensions {
    key: "location"
    value: "global"
  }
  quota_value: 50
}
, links {
  description: "Learn more about Gemini API quotas"
  url: "https://ai.google.dev/gemini-api/docs/rate-limits"
}
, retry_delay {
  seconds: 8
}
].
2025-09-14 13:24:53,885 - ERROR - Task exception was never retrieved
future: <Task finished name='Task-907' coro=<<async_generator_athrow without __name__>()> exception=ResourceExhausted('You exceeded your current quota, please check your plan and billing details. For more information on this error, head to: https://ai.google.dev/gemini-api/docs/rate-limits.')>
Traceback (most recent call last):
  File "D:\DEMO CHAT BOT\.venv\Lib\site-packages\google\api_core\grpc_helpers_async.py", line 106, in _wrapped_aiter
    async for response in self._call:  # pragma: no branch
  File "D:\DEMO CHAT BOT\.venv\Lib\site-packages\grpc\aio\_call.py", line 365, in _fetch_stream_responses
    await self._raise_for_status()
  File "D:\DEMO CHAT BOT\.venv\Lib\site-packages\grpc\aio\_call.py", line 272, in _raise_for_status
    raise _create_rpc_error(
grpc.aio._call.AioRpcError: <AioRpcError of RPC that terminated with:
	status = StatusCode.RESOURCE_EXHAUSTED
	details = "You exceeded your current quota, please check your plan and billing details. For more information on this error, head to: https://ai.google.dev/gemini-api/docs/rate-limits."
	debug_error_string = "UNKNOWN:Error received from peer ipv6:%5B2404:6800:4005:821::200a%5D:443 {grpc_status:8, grpc_message:"You exceeded your current quota, please check your plan and billing details. For more information on this error, head to: https://ai.google.dev/gemini-api/docs/rate-limits."}"
>

The above exception was the direct cause of the following exception:

Traceback (most recent call last):
  File "D:\DEMO CHAT BOT\.venv\Lib\site-packages\langchain_core\tracers\log_stream.py", line 706, in _astream_log_implementation
    await task
  File "D:\DEMO CHAT BOT\.venv\Lib\site-packages\langchain_core\tracers\log_stream.py", line 658, in consume_astream
    async for chunk in runnable.astream(value, config, **kwargs):
  File "D:\DEMO CHAT BOT\.venv\Lib\site-packages\langgraph\pregel\main.py", line 2928, in astream
    async for _ in runner.atick(
  File "D:\DEMO CHAT BOT\.venv\Lib\site-packages\langgraph\pregel\_runner.py", line 295, in atick
    await arun_with_retry(
  File "D:\DEMO CHAT BOT\.venv\Lib\site-packages\langgraph\pregel\_retry.py", line 132, in arun_with_retry
    async for _ in task.proc.astream(task.input, config):
  File "D:\DEMO CHAT BOT\.venv\Lib\site-packages\langgraph\_internal\_runnable.py", line 840, in astream
    output = await asyncio.create_task(
             ^^^^^^^^^^^^^^^^^^^^^^^^^^
  File "D:\DEMO CHAT BOT\.venv\Lib\site-packages\langgraph\_internal\_runnable.py", line 905, in _consume_aiter
    async for chunk in it:
  File "D:\DEMO CHAT BOT\.venv\Lib\site-packages\langchain_core\tracers\log_stream.py", line 283, in tap_output_aiter
    async for chunk in output:
  File "D:\DEMO CHAT BOT\.venv\Lib\site-packages\langchain_core\runnables\base.py", line 1470, in atransform
    async for ichunk in input:
  File "D:\DEMO CHAT BOT\.venv\Lib\site-packages\langchain_core\runnables\base.py", line 1470, in atransform
    async for ichunk in input:
  File "D:\DEMO CHAT BOT\.venv\Lib\site-packages\langchain_core\runnables\base.py", line 1034, in astream
    yield await self.ainvoke(input, config, **kwargs)
          ^^^^^^^^^^^^^^^^^^^^^^^^^^^^^^^^^^^^^^^^^^^
  File "D:\DEMO CHAT BOT\.venv\Lib\site-packages\langgraph\_internal\_runnable.py", line 465, in ainvoke
    ret = await asyncio.create_task(coro, context=context)
          ^^^^^^^^^^^^^^^^^^^^^^^^^^^^^^^^^^^^^^^^^^^^^^^^
  File "D:\DEMO CHAT BOT\.venv\Lib\site-packages\langgraph\prebuilt\chat_agent_executor.py", line 651, in acall_model
    response = cast(AIMessage, await static_model.ainvoke(model_input, config))  # type: ignore[union-attr]
                               ^^^^^^^^^^^^^^^^^^^^^^^^^^^^^^^^^^^^^^^^^^^^^^^
  File "D:\DEMO CHAT BOT\.venv\Lib\site-packages\langchain_core\runnables\base.py", line 3088, in ainvoke
    input_ = await coro_with_context(part(), context, create_task=True)
             ^^^^^^^^^^^^^^^^^^^^^^^^^^^^^^^^^^^^^^^^^^^^^^^^^^^^^^^^^^
  File "D:\DEMO CHAT BOT\.venv\Lib\site-packages\langchain_core\runnables\base.py", line 5447, in ainvoke
    return await self.bound.ainvoke(
           ^^^^^^^^^^^^^^^^^^^^^^^^^
  File "D:\DEMO CHAT BOT\.venv\Lib\site-packages\langchain_core\language_models\chat_models.py", line 417, in ainvoke
    llm_result = await self.agenerate_prompt(
                 ^^^^^^^^^^^^^^^^^^^^^^^^^^^^
  File "D:\DEMO CHAT BOT\.venv\Lib\site-packages\langchain_core\language_models\chat_models.py", line 991, in agenerate_prompt
    return await self.agenerate(
           ^^^^^^^^^^^^^^^^^^^^^
  File "D:\DEMO CHAT BOT\.venv\Lib\site-packages\langchain_core\language_models\chat_models.py", line 949, in agenerate
    raise exceptions[0]
  File "D:\DEMO CHAT BOT\.venv\Lib\site-packages\langchain_core\language_models\chat_models.py", line 1106, in _agenerate_with_cache
    async for chunk in self._astream(messages, stop=stop, **kwargs):
  File "D:\DEMO CHAT BOT\.venv\Lib\site-packages\langchain_google_genai\chat_models.py", line 1595, in _astream
    async for chunk in await _achat_with_retry(
  File "D:\DEMO CHAT BOT\.venv\Lib\site-packages\google\api_core\grpc_helpers_async.py", line 109, in _wrapped_aiter
    raise exceptions.from_grpc_error(rpc_error) from rpc_error
google.api_core.exceptions.ResourceExhausted: 429 You exceeded your current quota, please check your plan and billing details. For more information on this error, head to: https://ai.google.dev/gemini-api/docs/rate-limits. [violations {
  quota_metric: "generativelanguage.googleapis.com/generate_content_free_tier_requests"
  quota_id: "GenerateRequestsPerDayPerProjectPerModel-FreeTier"
  quota_dimensions {
    key: "model"
    value: "gemini-1.5-flash"
  }
  quota_dimensions {
    key: "location"
    value: "global"
  }
  quota_value: 50
}
, links {
  description: "Learn more about Gemini API quotas"
  url: "https://ai.google.dev/gemini-api/docs/rate-limits"
}
, retry_delay {
  seconds: 5
}
]
During task with name 'agent' and id '8cf184ed-1ab1-31e7-0e5b-7ed3971b8c6d'
2025-09-14 15:26:04,063 - DEBUG - Start async tracer
2025-09-14 15:26:04,063 - DEBUG - TaskManager initialized with task_id: None, context_id: None
2025-09-14 15:26:04,063 - DEBUG - task_id is not set, cannot get task.
2025-09-14 15:26:04,063 - DEBUG - Start async tracer
2025-09-14 15:26:04,063 - DEBUG - EventQueue initialized.
2025-09-14 15:26:04,063 - DEBUG - Start async tracer
2025-09-14 15:26:04,063 - DEBUG - EventConsumer initialized
2025-09-14 15:26:04,063 - DEBUG - Starting to consume all events from the queue.
2025-09-14 15:26:04,063 - DEBUG - Start async tracer
2025-09-14 15:26:04,063 - DEBUG - Attempting to dequeue event (waiting).
2025-09-14 15:26:04,063 - DEBUG - Start async tracer
2025-09-14 15:26:04,063 - DEBUG - Start async tracer
2025-09-14 15:26:04,063 - DEBUG - Enqueuing event of type: <class 'a2a.types.TaskStatusUpdateEvent'>
2025-09-14 15:26:04,063 - DEBUG - Start async tracer
2025-09-14 15:26:04,063 - DEBUG - Enqueuing event of type: <class 'a2a.types.TaskStatusUpdateEvent'>
2025-09-14 15:26:04,075 - DEBUG - Dequeued event (waited) of type: <class 'a2a.types.TaskStatusUpdateEvent'>
2025-09-14 15:26:04,075 - DEBUG - Dequeued event of type: <class 'a2a.types.TaskStatusUpdateEvent'> in consume_all.
2025-09-14 15:26:04,075 - DEBUG - Marking task as done in EventQueue.
2025-09-14 15:26:04,075 - DEBUG - Marked task as done in event queue in consume_all
2025-09-14 15:26:04,075 - DEBUG - Processing save of task event of type TaskStatusUpdateEvent for task_id: c8a4eeb3-3ab3-4aae-aac8-2a5200c32a6a
2025-09-14 15:26:04,075 - DEBUG - Attempting to retrieve existing task with id: c8a4eeb3-3ab3-4aae-aac8-2a5200c32a6a
2025-09-14 15:26:04,075 - DEBUG - Attempting to get task with id: c8a4eeb3-3ab3-4aae-aac8-2a5200c32a6a
2025-09-14 15:26:04,075 - DEBUG - Task c8a4eeb3-3ab3-4aae-aac8-2a5200c32a6a not found in store.
2025-09-14 15:26:04,075 - INFO - Task not found or task_id not set. Creating new task for event (task_id: c8a4eeb3-3ab3-4aae-aac8-2a5200c32a6a, context_id: 83cd7123-59c1-480a-8642-10fceb0e4375).
2025-09-14 15:26:04,075 - DEBUG - Initializing new Task object with task_id: c8a4eeb3-3ab3-4aae-aac8-2a5200c32a6a, context_id: 83cd7123-59c1-480a-8642-10fceb0e4375
2025-09-14 15:26:04,075 - DEBUG - Saving task with id: c8a4eeb3-3ab3-4aae-aac8-2a5200c32a6a
2025-09-14 15:26:04,075 - DEBUG - Task c8a4eeb3-3ab3-4aae-aac8-2a5200c32a6a saved successfully.
2025-09-14 15:26:04,075 - DEBUG - Updating task c8a4eeb3-3ab3-4aae-aac8-2a5200c32a6a status to: TaskState.submitted
2025-09-14 15:26:04,075 - DEBUG - Saving task with id: c8a4eeb3-3ab3-4aae-aac8-2a5200c32a6a
2025-09-14 15:26:04,075 - DEBUG - Task c8a4eeb3-3ab3-4aae-aac8-2a5200c32a6a saved successfully.
2025-09-14 15:26:04,083 - DEBUG - Start async tracer
2025-09-14 15:26:04,083 - DEBUG - chunk: b'data: {"id":"87b08ae6-732e-48dd-b931-827608d6a427","jsonrpc":"2.0","result":{"contextId":"83cd7123-59c1-480a-8642-10fceb0e4375","final":false,"kind":"status-update","status":{"state":"submitted","timestamp":"2025-09-14T08:26:04.063815+00:00"},"taskId":"c8a4eeb3-3ab3-4aae-aac8-2a5200c32a6a"}}\r\n\r\n'
2025-09-14 15:26:04,083 - DEBUG - Start async tracer
2025-09-14 15:26:04,083 - DEBUG - Attempting to dequeue event (waiting).
2025-09-14 15:26:04,083 - DEBUG - Dequeued event (waited) of type: <class 'a2a.types.TaskStatusUpdateEvent'>
2025-09-14 15:26:04,083 - DEBUG - Dequeued event of type: <class 'a2a.types.TaskStatusUpdateEvent'> in consume_all.
2025-09-14 15:26:04,083 - DEBUG - Marking task as done in EventQueue.
2025-09-14 15:26:04,083 - DEBUG - Marked task as done in event queue in consume_all
2025-09-14 15:26:04,083 - DEBUG - Processing save of task event of type TaskStatusUpdateEvent for task_id: c8a4eeb3-3ab3-4aae-aac8-2a5200c32a6a
2025-09-14 15:26:04,083 - DEBUG - Updating task c8a4eeb3-3ab3-4aae-aac8-2a5200c32a6a status to: TaskState.working
2025-09-14 15:26:04,083 - DEBUG - Saving task with id: c8a4eeb3-3ab3-4aae-aac8-2a5200c32a6a
2025-09-14 15:26:04,086 - DEBUG - Task c8a4eeb3-3ab3-4aae-aac8-2a5200c32a6a saved successfully.
2025-09-14 15:26:04,086 - DEBUG - Start async tracer
2025-09-14 15:26:04,086 - DEBUG - chunk: b'data: {"id":"87b08ae6-732e-48dd-b931-827608d6a427","jsonrpc":"2.0","result":{"contextId":"83cd7123-59c1-480a-8642-10fceb0e4375","final":false,"kind":"status-update","status":{"state":"working","timestamp":"2025-09-14T08:26:04.063815+00:00"},"taskId":"c8a4eeb3-3ab3-4aae-aac8-2a5200c32a6a"}}\r\n\r\n'
2025-09-14 15:26:04,086 - DEBUG - Start async tracer
2025-09-14 15:26:04,086 - DEBUG - Attempting to dequeue event (waiting).
2025-09-14 15:26:04,086 - ERROR - CostAgentExecutor error: 'dict' object has no attribute 'data'
2025-09-14 15:26:04,086 - DEBUG - Start async tracer
2025-09-14 15:26:04,086 - DEBUG - Enqueuing event of type: <class 'a2a.types.TaskStatusUpdateEvent'>
2025-09-14 15:26:04,086 - DEBUG - Start async tracer
2025-09-14 15:26:04,086 - DEBUG - Closing EventQueue.
2025-09-14 15:26:04,086 - DEBUG - Dequeued event (waited) of type: <class 'a2a.types.TaskStatusUpdateEvent'>
2025-09-14 15:26:04,086 - DEBUG - Dequeued event of type: <class 'a2a.types.TaskStatusUpdateEvent'> in consume_all.
2025-09-14 15:26:04,086 - DEBUG - Marking task as done in EventQueue.
2025-09-14 15:26:04,086 - DEBUG - Marked task as done in event queue in consume_all
2025-09-14 15:26:04,086 - DEBUG - Stopping event consumption in consume_all.
2025-09-14 15:26:04,086 - DEBUG - Start async tracer
2025-09-14 15:26:04,086 - DEBUG - Closing EventQueue.
2025-09-14 15:26:04,086 - DEBUG - Processing save of task event of type TaskStatusUpdateEvent for task_id: c8a4eeb3-3ab3-4aae-aac8-2a5200c32a6a
2025-09-14 15:26:04,086 - DEBUG - Updating task c8a4eeb3-3ab3-4aae-aac8-2a5200c32a6a status to: TaskState.failed
2025-09-14 15:26:04,086 - DEBUG - Saving task with id: c8a4eeb3-3ab3-4aae-aac8-2a5200c32a6a
2025-09-14 15:26:04,086 - DEBUG - Task c8a4eeb3-3ab3-4aae-aac8-2a5200c32a6a saved successfully.
2025-09-14 15:26:04,086 - DEBUG - Start async tracer
2025-09-14 15:26:04,086 - DEBUG - chunk: b'data: {"id":"87b08ae6-732e-48dd-b931-827608d6a427","jsonrpc":"2.0","result":{"contextId":"83cd7123-59c1-480a-8642-10fceb0e4375","final":true,"kind":"status-update","status":{"state":"failed","timestamp":"2025-09-14T08:26:04.086515+00:00"},"taskId":"c8a4eeb3-3ab3-4aae-aac8-2a5200c32a6a"}}\r\n\r\n'
2025-09-14 15:26:04,086 - DEBUG - Start async tracer
2025-09-14 15:26:04,091 - DEBUG - Agent task callback triggered.
2025-09-14 15:26:04,091 - DEBUG - Start async tracer
2025-09-14 15:26:04,091 - DEBUG - Start async tracer
2025-09-14 15:26:04,091 - DEBUG - Closing EventQueue.
2025-09-14 15:26:04,093 - DEBUG - Got event: http.disconnect. Stop streaming.
2025-09-14 22:35:47,243 - INFO - Use pytorch device_name: cpu
2025-09-14 22:35:47,243 - INFO - Load pretrained SentenceTransformer: paraphrase-multilingual-MiniLM-L12-v2
2025-09-14 22:35:47,243 - DEBUG - Starting new HTTPS connection (1): huggingface.co:443
2025-09-14 22:35:47,866 - DEBUG - https://huggingface.co:443 "HEAD /sentence-transformers/paraphrase-multilingual-MiniLM-L12-v2/resolve/main/modules.json HTTP/1.1" 307 0
2025-09-14 22:35:47,958 - DEBUG - https://huggingface.co:443 "HEAD /api/resolve-cache/models/sentence-transformers/paraphrase-multilingual-MiniLM-L12-v2/86741b4e3f5cb7765a600d3a3d55a0f6a6cb443d/modules.json HTTP/1.1" 200 0
2025-09-14 22:35:48,325 - DEBUG - https://huggingface.co:443 "HEAD /sentence-transformers/paraphrase-multilingual-MiniLM-L12-v2/resolve/main/config_sentence_transformers.json HTTP/1.1" 307 0
2025-09-14 22:35:48,373 - DEBUG - https://huggingface.co:443 "HEAD /api/resolve-cache/models/sentence-transformers/paraphrase-multilingual-MiniLM-L12-v2/86741b4e3f5cb7765a600d3a3d55a0f6a6cb443d/config_sentence_transformers.json HTTP/1.1" 200 0
2025-09-14 22:35:49,299 - DEBUG - https://huggingface.co:443 "HEAD /sentence-transformers/paraphrase-multilingual-MiniLM-L12-v2/resolve/main/config_sentence_transformers.json HTTP/1.1" 307 0
2025-09-14 22:35:49,338 - DEBUG - https://huggingface.co:443 "HEAD /api/resolve-cache/models/sentence-transformers/paraphrase-multilingual-MiniLM-L12-v2/86741b4e3f5cb7765a600d3a3d55a0f6a6cb443d/config_sentence_transformers.json HTTP/1.1" 200 0
2025-09-14 22:35:49,643 - DEBUG - https://huggingface.co:443 "HEAD /sentence-transformers/paraphrase-multilingual-MiniLM-L12-v2/resolve/main/README.md HTTP/1.1" 307 0
2025-09-14 22:35:49,703 - DEBUG - https://huggingface.co:443 "HEAD /api/resolve-cache/models/sentence-transformers/paraphrase-multilingual-MiniLM-L12-v2/86741b4e3f5cb7765a600d3a3d55a0f6a6cb443d/README.md HTTP/1.1" 200 0
2025-09-14 22:35:50,053 - DEBUG - https://huggingface.co:443 "HEAD /sentence-transformers/paraphrase-multilingual-MiniLM-L12-v2/resolve/main/modules.json HTTP/1.1" 307 0
2025-09-14 22:35:50,104 - DEBUG - https://huggingface.co:443 "HEAD /api/resolve-cache/models/sentence-transformers/paraphrase-multilingual-MiniLM-L12-v2/86741b4e3f5cb7765a600d3a3d55a0f6a6cb443d/modules.json HTTP/1.1" 200 0
2025-09-14 22:35:50,529 - DEBUG - https://huggingface.co:443 "HEAD /sentence-transformers/paraphrase-multilingual-MiniLM-L12-v2/resolve/main/sentence_bert_config.json HTTP/1.1" 307 0
2025-09-14 22:35:50,573 - DEBUG - https://huggingface.co:443 "HEAD /api/resolve-cache/models/sentence-transformers/paraphrase-multilingual-MiniLM-L12-v2/86741b4e3f5cb7765a600d3a3d55a0f6a6cb443d/sentence_bert_config.json HTTP/1.1" 200 0
2025-09-14 22:35:50,963 - DEBUG - https://huggingface.co:443 "HEAD /sentence-transformers/paraphrase-multilingual-MiniLM-L12-v2/resolve/main/adapter_config.json HTTP/1.1" 404 0
2025-09-14 22:35:51,333 - DEBUG - https://huggingface.co:443 "HEAD /sentence-transformers/paraphrase-multilingual-MiniLM-L12-v2/resolve/main/config.json HTTP/1.1" 307 0
2025-09-14 22:35:51,375 - DEBUG - https://huggingface.co:443 "HEAD /api/resolve-cache/models/sentence-transformers/paraphrase-multilingual-MiniLM-L12-v2/86741b4e3f5cb7765a600d3a3d55a0f6a6cb443d/config.json HTTP/1.1" 200 0
2025-09-14 22:35:51,878 - DEBUG - https://huggingface.co:443 "HEAD /sentence-transformers/paraphrase-multilingual-MiniLM-L12-v2/resolve/main/tokenizer_config.json HTTP/1.1" 307 0
2025-09-14 22:35:51,952 - DEBUG - https://huggingface.co:443 "HEAD /api/resolve-cache/models/sentence-transformers/paraphrase-multilingual-MiniLM-L12-v2/86741b4e3f5cb7765a600d3a3d55a0f6a6cb443d/tokenizer_config.json HTTP/1.1" 200 0
2025-09-14 22:35:52,363 - DEBUG - https://huggingface.co:443 "GET /api/models/sentence-transformers/paraphrase-multilingual-MiniLM-L12-v2/tree/main/additional_chat_templates?recursive=False&expand=False HTTP/1.1" 404 64
2025-09-14 22:35:53,413 - DEBUG - https://huggingface.co:443 "HEAD /sentence-transformers/paraphrase-multilingual-MiniLM-L12-v2/resolve/main/1_Pooling/config.json HTTP/1.1" 307 0
2025-09-14 22:35:53,575 - DEBUG - https://huggingface.co:443 "HEAD /api/resolve-cache/models/sentence-transformers/paraphrase-multilingual-MiniLM-L12-v2/86741b4e3f5cb7765a600d3a3d55a0f6a6cb443d/1_Pooling%2Fconfig.json HTTP/1.1" 200 0
2025-09-14 22:35:53,948 - DEBUG - https://huggingface.co:443 "GET /api/models/sentence-transformers/paraphrase-multilingual-MiniLM-L12-v2 HTTP/1.1" 200 6132
2025-09-14 22:35:53,958 - DEBUG - Đã load model embedding: paraphrase-multilingual-MiniLM-L12-v2
2025-09-14 22:35:53,960 - DEBUG - Đang đọc file disease_specialty.json
2025-09-14 22:35:53,960 - DEBUG - Đang đọc file specialty_package.json
2025-09-14 22:35:53,968 - DEBUG - Đang đọc file package_cost.json
2025-09-14 22:35:53,976 - DEBUG - Hợp nhất các biến thể bệnh
2025-09-14 22:35:53,976 - DEBUG - Đã tạo index: 65 bệnh, 5 chuyên khoa, 10 gói
2025-09-14 22:35:54,245 - DEBUG - Using proactor: IocpProactor
2025-09-14 22:35:57,349 - DEBUG - Initializing InMemoryTaskStore
2025-09-15 04:04:35,693 - INFO - Use pytorch device_name: cpu
2025-09-15 04:04:35,693 - INFO - Load pretrained SentenceTransformer: paraphrase-multilingual-MiniLM-L12-v2
2025-09-15 04:04:35,697 - DEBUG - Starting new HTTPS connection (1): huggingface.co:443
2025-09-15 04:04:37,443 - DEBUG - https://huggingface.co:443 "HEAD /sentence-transformers/paraphrase-multilingual-MiniLM-L12-v2/resolve/main/modules.json HTTP/1.1" 307 0
2025-09-15 04:04:37,493 - DEBUG - https://huggingface.co:443 "HEAD /api/resolve-cache/models/sentence-transformers/paraphrase-multilingual-MiniLM-L12-v2/86741b4e3f5cb7765a600d3a3d55a0f6a6cb443d/modules.json HTTP/1.1" 200 0
2025-09-15 04:04:37,761 - DEBUG - https://huggingface.co:443 "HEAD /sentence-transformers/paraphrase-multilingual-MiniLM-L12-v2/resolve/main/config_sentence_transformers.json HTTP/1.1" 307 0
2025-09-15 04:04:37,878 - DEBUG - https://huggingface.co:443 "HEAD /api/resolve-cache/models/sentence-transformers/paraphrase-multilingual-MiniLM-L12-v2/86741b4e3f5cb7765a600d3a3d55a0f6a6cb443d/config_sentence_transformers.json HTTP/1.1" 200 0
2025-09-15 04:04:38,151 - DEBUG - https://huggingface.co:443 "HEAD /sentence-transformers/paraphrase-multilingual-MiniLM-L12-v2/resolve/main/config_sentence_transformers.json HTTP/1.1" 307 0
2025-09-15 04:04:38,193 - DEBUG - https://huggingface.co:443 "HEAD /api/resolve-cache/models/sentence-transformers/paraphrase-multilingual-MiniLM-L12-v2/86741b4e3f5cb7765a600d3a3d55a0f6a6cb443d/config_sentence_transformers.json HTTP/1.1" 200 0
2025-09-15 04:04:38,468 - DEBUG - https://huggingface.co:443 "HEAD /sentence-transformers/paraphrase-multilingual-MiniLM-L12-v2/resolve/main/README.md HTTP/1.1" 307 0
2025-09-15 04:04:38,543 - DEBUG - https://huggingface.co:443 "HEAD /api/resolve-cache/models/sentence-transformers/paraphrase-multilingual-MiniLM-L12-v2/86741b4e3f5cb7765a600d3a3d55a0f6a6cb443d/README.md HTTP/1.1" 200 0
2025-09-15 04:04:38,813 - DEBUG - https://huggingface.co:443 "HEAD /sentence-transformers/paraphrase-multilingual-MiniLM-L12-v2/resolve/main/modules.json HTTP/1.1" 307 0
2025-09-15 04:04:38,853 - DEBUG - https://huggingface.co:443 "HEAD /api/resolve-cache/models/sentence-transformers/paraphrase-multilingual-MiniLM-L12-v2/86741b4e3f5cb7765a600d3a3d55a0f6a6cb443d/modules.json HTTP/1.1" 200 0
2025-09-15 04:04:39,125 - DEBUG - https://huggingface.co:443 "HEAD /sentence-transformers/paraphrase-multilingual-MiniLM-L12-v2/resolve/main/sentence_bert_config.json HTTP/1.1" 307 0
2025-09-15 04:04:39,163 - DEBUG - https://huggingface.co:443 "HEAD /api/resolve-cache/models/sentence-transformers/paraphrase-multilingual-MiniLM-L12-v2/86741b4e3f5cb7765a600d3a3d55a0f6a6cb443d/sentence_bert_config.json HTTP/1.1" 200 0
2025-09-15 04:04:39,439 - DEBUG - https://huggingface.co:443 "HEAD /sentence-transformers/paraphrase-multilingual-MiniLM-L12-v2/resolve/main/adapter_config.json HTTP/1.1" 404 0
2025-09-15 04:04:39,703 - DEBUG - https://huggingface.co:443 "HEAD /sentence-transformers/paraphrase-multilingual-MiniLM-L12-v2/resolve/main/config.json HTTP/1.1" 307 0
2025-09-15 04:04:39,750 - DEBUG - https://huggingface.co:443 "HEAD /api/resolve-cache/models/sentence-transformers/paraphrase-multilingual-MiniLM-L12-v2/86741b4e3f5cb7765a600d3a3d55a0f6a6cb443d/config.json HTTP/1.1" 200 0
2025-09-15 04:04:40,113 - DEBUG - https://huggingface.co:443 "HEAD /sentence-transformers/paraphrase-multilingual-MiniLM-L12-v2/resolve/main/tokenizer_config.json HTTP/1.1" 307 0
2025-09-15 04:04:40,153 - DEBUG - https://huggingface.co:443 "HEAD /api/resolve-cache/models/sentence-transformers/paraphrase-multilingual-MiniLM-L12-v2/86741b4e3f5cb7765a600d3a3d55a0f6a6cb443d/tokenizer_config.json HTTP/1.1" 200 0
2025-09-15 04:04:40,428 - DEBUG - https://huggingface.co:443 "GET /api/models/sentence-transformers/paraphrase-multilingual-MiniLM-L12-v2/tree/main/additional_chat_templates?recursive=False&expand=False HTTP/1.1" 404 64
2025-09-15 04:04:41,396 - DEBUG - https://huggingface.co:443 "HEAD /sentence-transformers/paraphrase-multilingual-MiniLM-L12-v2/resolve/main/1_Pooling/config.json HTTP/1.1" 307 0
2025-09-15 04:04:41,446 - DEBUG - https://huggingface.co:443 "HEAD /api/resolve-cache/models/sentence-transformers/paraphrase-multilingual-MiniLM-L12-v2/86741b4e3f5cb7765a600d3a3d55a0f6a6cb443d/1_Pooling%2Fconfig.json HTTP/1.1" 200 0
2025-09-15 04:04:41,733 - DEBUG - https://huggingface.co:443 "GET /api/models/sentence-transformers/paraphrase-multilingual-MiniLM-L12-v2 HTTP/1.1" 200 6132
2025-09-15 04:04:41,737 - DEBUG - Đã load model embedding: paraphrase-multilingual-MiniLM-L12-v2
2025-09-15 04:04:41,742 - DEBUG - Đang đọc file disease_specialty.json
2025-09-15 04:04:41,742 - DEBUG - Đang đọc file specialty_package.json
2025-09-15 04:04:41,745 - DEBUG - Đang đọc file package_cost.json
2025-09-15 04:04:41,745 - DEBUG - Hợp nhất các biến thể bệnh
2025-09-15 04:04:41,745 - DEBUG - Đã tạo index: 65 bệnh, 5 chuyên khoa, 10 gói
2025-09-15 04:04:41,992 - DEBUG - Using proactor: IocpProactor
2025-09-15 04:04:43,642 - DEBUG - Initializing InMemoryTaskStore
2025-09-15 04:06:59,756 - DEBUG - Start async tracer
2025-09-15 04:06:59,757 - DEBUG - TaskManager initialized with task_id: None, context_id: None
2025-09-15 04:06:59,757 - DEBUG - task_id is not set, cannot get task.
2025-09-15 04:06:59,757 - DEBUG - Start async tracer
2025-09-15 04:06:59,757 - DEBUG - EventQueue initialized.
2025-09-15 04:06:59,758 - DEBUG - Start async tracer
2025-09-15 04:06:59,758 - DEBUG - EventConsumer initialized
2025-09-15 04:06:59,758 - DEBUG - Starting to consume all events from the queue.
2025-09-15 04:06:59,758 - DEBUG - Start async tracer
2025-09-15 04:06:59,758 - DEBUG - Attempting to dequeue event (waiting).
2025-09-15 04:06:59,758 - DEBUG - Start async tracer
2025-09-15 04:06:59,758 - DEBUG - Start async tracer
2025-09-15 04:06:59,759 - DEBUG - Enqueuing event of type: <class 'a2a.types.TaskStatusUpdateEvent'>
2025-09-15 04:06:59,759 - DEBUG - Start async tracer
2025-09-15 04:06:59,759 - DEBUG - Enqueuing event of type: <class 'a2a.types.TaskStatusUpdateEvent'>
2025-09-15 04:06:59,780 - DEBUG - Dequeued event (waited) of type: <class 'a2a.types.TaskStatusUpdateEvent'>
2025-09-15 04:06:59,780 - DEBUG - Dequeued event of type: <class 'a2a.types.TaskStatusUpdateEvent'> in consume_all.
2025-09-15 04:06:59,780 - DEBUG - Marking task as done in EventQueue.
2025-09-15 04:06:59,780 - DEBUG - Marked task as done in event queue in consume_all
2025-09-15 04:06:59,780 - DEBUG - Processing save of task event of type TaskStatusUpdateEvent for task_id: 6d5e13d1-9cba-41b7-bf17-673a0cfa6f6e
2025-09-15 04:06:59,780 - DEBUG - Attempting to retrieve existing task with id: 6d5e13d1-9cba-41b7-bf17-673a0cfa6f6e
2025-09-15 04:06:59,780 - DEBUG - Attempting to get task with id: 6d5e13d1-9cba-41b7-bf17-673a0cfa6f6e
2025-09-15 04:06:59,782 - DEBUG - Task 6d5e13d1-9cba-41b7-bf17-673a0cfa6f6e not found in store.
2025-09-15 04:06:59,782 - INFO - Task not found or task_id not set. Creating new task for event (task_id: 6d5e13d1-9cba-41b7-bf17-673a0cfa6f6e, context_id: cba5cc0d-5603-4ed1-906b-cdaaf64f6220).
2025-09-15 04:06:59,782 - DEBUG - Initializing new Task object with task_id: 6d5e13d1-9cba-41b7-bf17-673a0cfa6f6e, context_id: cba5cc0d-5603-4ed1-906b-cdaaf64f6220
2025-09-15 04:06:59,782 - DEBUG - Saving task with id: 6d5e13d1-9cba-41b7-bf17-673a0cfa6f6e
2025-09-15 04:06:59,783 - DEBUG - Task 6d5e13d1-9cba-41b7-bf17-673a0cfa6f6e saved successfully.
2025-09-15 04:06:59,783 - DEBUG - Updating task 6d5e13d1-9cba-41b7-bf17-673a0cfa6f6e status to: TaskState.submitted
2025-09-15 04:06:59,783 - DEBUG - Saving task with id: 6d5e13d1-9cba-41b7-bf17-673a0cfa6f6e
2025-09-15 04:06:59,784 - DEBUG - Task 6d5e13d1-9cba-41b7-bf17-673a0cfa6f6e saved successfully.
2025-09-15 04:06:59,784 - DEBUG - Start async tracer
2025-09-15 04:06:59,784 - DEBUG - chunk: b'data: {"id":"af9d2e5f-1e4e-4606-86aa-9e2ad6b9f1c9","jsonrpc":"2.0","result":{"contextId":"cba5cc0d-5603-4ed1-906b-cdaaf64f6220","final":false,"kind":"status-update","status":{"state":"submitted","timestamp":"2025-09-14T21:06:59.758393+00:00"},"taskId":"6d5e13d1-9cba-41b7-bf17-673a0cfa6f6e"}}\r\n\r\n'
2025-09-15 04:06:59,784 - DEBUG - Start async tracer
2025-09-15 04:06:59,784 - DEBUG - Attempting to dequeue event (waiting).
2025-09-15 04:06:59,784 - DEBUG - Dequeued event (waited) of type: <class 'a2a.types.TaskStatusUpdateEvent'>
2025-09-15 04:06:59,784 - DEBUG - Dequeued event of type: <class 'a2a.types.TaskStatusUpdateEvent'> in consume_all.
2025-09-15 04:06:59,784 - DEBUG - Marking task as done in EventQueue.
2025-09-15 04:06:59,784 - DEBUG - Marked task as done in event queue in consume_all
2025-09-15 04:06:59,784 - DEBUG - Processing save of task event of type TaskStatusUpdateEvent for task_id: 6d5e13d1-9cba-41b7-bf17-673a0cfa6f6e
2025-09-15 04:06:59,784 - DEBUG - Updating task 6d5e13d1-9cba-41b7-bf17-673a0cfa6f6e status to: TaskState.working
2025-09-15 04:06:59,784 - DEBUG - Saving task with id: 6d5e13d1-9cba-41b7-bf17-673a0cfa6f6e
2025-09-15 04:06:59,784 - DEBUG - Task 6d5e13d1-9cba-41b7-bf17-673a0cfa6f6e saved successfully.
2025-09-15 04:06:59,784 - DEBUG - Start async tracer
2025-09-15 04:06:59,784 - DEBUG - chunk: b'data: {"id":"af9d2e5f-1e4e-4606-86aa-9e2ad6b9f1c9","jsonrpc":"2.0","result":{"contextId":"cba5cc0d-5603-4ed1-906b-cdaaf64f6220","final":false,"kind":"status-update","status":{"state":"working","timestamp":"2025-09-14T21:06:59.759392+00:00"},"taskId":"6d5e13d1-9cba-41b7-bf17-673a0cfa6f6e"}}\r\n\r\n'
2025-09-15 04:06:59,784 - DEBUG - Start async tracer
2025-09-15 04:06:59,784 - DEBUG - Attempting to dequeue event (waiting).
2025-09-15 04:06:59,792 - ERROR - CostAgentExecutor error: 'dict' object has no attribute 'data'
2025-09-15 04:06:59,792 - DEBUG - Start async tracer
2025-09-15 04:06:59,792 - DEBUG - Enqueuing event of type: <class 'a2a.types.TaskStatusUpdateEvent'>
2025-09-15 04:06:59,792 - DEBUG - Start async tracer
2025-09-15 04:06:59,792 - DEBUG - Closing EventQueue.
2025-09-15 04:06:59,792 - DEBUG - Dequeued event (waited) of type: <class 'a2a.types.TaskStatusUpdateEvent'>
2025-09-15 04:06:59,792 - DEBUG - Dequeued event of type: <class 'a2a.types.TaskStatusUpdateEvent'> in consume_all.
2025-09-15 04:06:59,792 - DEBUG - Marking task as done in EventQueue.
2025-09-15 04:06:59,792 - DEBUG - Marked task as done in event queue in consume_all
2025-09-15 04:06:59,792 - DEBUG - Stopping event consumption in consume_all.
2025-09-15 04:06:59,792 - DEBUG - Start async tracer
2025-09-15 04:06:59,792 - DEBUG - Closing EventQueue.
2025-09-15 04:06:59,792 - DEBUG - Processing save of task event of type TaskStatusUpdateEvent for task_id: 6d5e13d1-9cba-41b7-bf17-673a0cfa6f6e
2025-09-15 04:06:59,792 - DEBUG - Updating task 6d5e13d1-9cba-41b7-bf17-673a0cfa6f6e status to: TaskState.failed
2025-09-15 04:06:59,792 - DEBUG - Saving task with id: 6d5e13d1-9cba-41b7-bf17-673a0cfa6f6e
2025-09-15 04:06:59,792 - DEBUG - Task 6d5e13d1-9cba-41b7-bf17-673a0cfa6f6e saved successfully.
2025-09-15 04:06:59,792 - DEBUG - Start async tracer
2025-09-15 04:06:59,792 - DEBUG - chunk: b'data: {"id":"af9d2e5f-1e4e-4606-86aa-9e2ad6b9f1c9","jsonrpc":"2.0","result":{"contextId":"cba5cc0d-5603-4ed1-906b-cdaaf64f6220","final":true,"kind":"status-update","status":{"state":"failed","timestamp":"2025-09-14T21:06:59.792268+00:00"},"taskId":"6d5e13d1-9cba-41b7-bf17-673a0cfa6f6e"}}\r\n\r\n'
2025-09-15 04:06:59,792 - DEBUG - Start async tracer
2025-09-15 04:06:59,796 - DEBUG - Agent task callback triggered.
2025-09-15 04:06:59,796 - DEBUG - Start async tracer
2025-09-15 04:06:59,797 - DEBUG - Start async tracer
2025-09-15 04:06:59,798 - DEBUG - Closing EventQueue.
2025-09-15 04:06:59,798 - DEBUG - Got event: http.disconnect. Stop streaming.
2025-09-15 04:06:59,811 - DEBUG - Using AsyncIOEngine.POLLER as I/O engine
2025-09-15 04:18:11,780 - DEBUG - Start async tracer
2025-09-15 04:18:11,780 - DEBUG - TaskManager initialized with task_id: None, context_id: None
2025-09-15 04:18:11,780 - DEBUG - task_id is not set, cannot get task.
2025-09-15 04:18:11,780 - DEBUG - Start async tracer
2025-09-15 04:18:11,780 - DEBUG - EventQueue initialized.
2025-09-15 04:18:11,780 - DEBUG - Start async tracer
2025-09-15 04:18:11,780 - DEBUG - EventConsumer initialized
2025-09-15 04:18:11,780 - DEBUG - Starting to consume all events from the queue.
2025-09-15 04:18:11,780 - DEBUG - Start async tracer
2025-09-15 04:18:11,780 - DEBUG - Attempting to dequeue event (waiting).
2025-09-15 04:18:11,780 - DEBUG - Start async tracer
2025-09-15 04:18:11,780 - DEBUG - Start async tracer
2025-09-15 04:18:11,780 - DEBUG - Enqueuing event of type: <class 'a2a.types.TaskStatusUpdateEvent'>
2025-09-15 04:18:11,780 - DEBUG - Start async tracer
2025-09-15 04:18:11,780 - DEBUG - Enqueuing event of type: <class 'a2a.types.TaskStatusUpdateEvent'>
2025-09-15 04:18:11,789 - DEBUG - Dequeued event (waited) of type: <class 'a2a.types.TaskStatusUpdateEvent'>
2025-09-15 04:18:11,789 - DEBUG - Dequeued event of type: <class 'a2a.types.TaskStatusUpdateEvent'> in consume_all.
2025-09-15 04:18:11,789 - DEBUG - Marking task as done in EventQueue.
2025-09-15 04:18:11,789 - DEBUG - Marked task as done in event queue in consume_all
2025-09-15 04:18:11,789 - DEBUG - Processing save of task event of type TaskStatusUpdateEvent for task_id: 4674c499-4f9a-4ba0-aa89-fa77c6231cdd
2025-09-15 04:18:11,789 - DEBUG - Attempting to retrieve existing task with id: 4674c499-4f9a-4ba0-aa89-fa77c6231cdd
2025-09-15 04:18:11,789 - DEBUG - Attempting to get task with id: 4674c499-4f9a-4ba0-aa89-fa77c6231cdd
2025-09-15 04:18:11,789 - DEBUG - Task 4674c499-4f9a-4ba0-aa89-fa77c6231cdd not found in store.
2025-09-15 04:18:11,789 - INFO - Task not found or task_id not set. Creating new task for event (task_id: 4674c499-4f9a-4ba0-aa89-fa77c6231cdd, context_id: ff42c2cb-7dff-4291-ab0b-64728105b5f2).
2025-09-15 04:18:11,789 - DEBUG - Initializing new Task object with task_id: 4674c499-4f9a-4ba0-aa89-fa77c6231cdd, context_id: ff42c2cb-7dff-4291-ab0b-64728105b5f2
2025-09-15 04:18:11,796 - DEBUG - Saving task with id: 4674c499-4f9a-4ba0-aa89-fa77c6231cdd
2025-09-15 04:18:11,796 - DEBUG - Task 4674c499-4f9a-4ba0-aa89-fa77c6231cdd saved successfully.
2025-09-15 04:18:11,796 - DEBUG - Updating task 4674c499-4f9a-4ba0-aa89-fa77c6231cdd status to: TaskState.submitted
2025-09-15 04:18:11,796 - DEBUG - Saving task with id: 4674c499-4f9a-4ba0-aa89-fa77c6231cdd
2025-09-15 04:18:11,796 - DEBUG - Task 4674c499-4f9a-4ba0-aa89-fa77c6231cdd saved successfully.
2025-09-15 04:18:11,796 - DEBUG - Start async tracer
2025-09-15 04:18:11,796 - DEBUG - chunk: b'data: {"id":"22d2e5fc-901d-45b2-8d6c-2fbb2838ea60","jsonrpc":"2.0","result":{"contextId":"ff42c2cb-7dff-4291-ab0b-64728105b5f2","final":false,"kind":"status-update","status":{"state":"submitted","timestamp":"2025-09-14T21:18:11.780959+00:00"},"taskId":"4674c499-4f9a-4ba0-aa89-fa77c6231cdd"}}\r\n\r\n'
2025-09-15 04:18:11,798 - DEBUG - Start async tracer
2025-09-15 04:18:11,798 - DEBUG - Attempting to dequeue event (waiting).
2025-09-15 04:18:11,798 - DEBUG - Dequeued event (waited) of type: <class 'a2a.types.TaskStatusUpdateEvent'>
2025-09-15 04:18:11,798 - DEBUG - Dequeued event of type: <class 'a2a.types.TaskStatusUpdateEvent'> in consume_all.
2025-09-15 04:18:11,798 - DEBUG - Marking task as done in EventQueue.
2025-09-15 04:18:11,798 - DEBUG - Marked task as done in event queue in consume_all
2025-09-15 04:18:11,798 - DEBUG - Processing save of task event of type TaskStatusUpdateEvent for task_id: 4674c499-4f9a-4ba0-aa89-fa77c6231cdd
2025-09-15 04:18:11,798 - DEBUG - Updating task 4674c499-4f9a-4ba0-aa89-fa77c6231cdd status to: TaskState.working
2025-09-15 04:18:11,798 - DEBUG - Saving task with id: 4674c499-4f9a-4ba0-aa89-fa77c6231cdd
2025-09-15 04:18:11,798 - DEBUG - Task 4674c499-4f9a-4ba0-aa89-fa77c6231cdd saved successfully.
2025-09-15 04:18:11,800 - DEBUG - Start async tracer
2025-09-15 04:18:11,800 - DEBUG - chunk: b'data: {"id":"22d2e5fc-901d-45b2-8d6c-2fbb2838ea60","jsonrpc":"2.0","result":{"contextId":"ff42c2cb-7dff-4291-ab0b-64728105b5f2","final":false,"kind":"status-update","status":{"state":"working","timestamp":"2025-09-14T21:18:11.780959+00:00"},"taskId":"4674c499-4f9a-4ba0-aa89-fa77c6231cdd"}}\r\n\r\n'
2025-09-15 04:18:11,800 - DEBUG - Start async tracer
2025-09-15 04:18:11,800 - DEBUG - Attempting to dequeue event (waiting).
2025-09-15 04:18:11,800 - ERROR - CostAgentExecutor error: 'dict' object has no attribute 'data'
2025-09-15 04:18:11,800 - DEBUG - Start async tracer
2025-09-15 04:18:11,800 - DEBUG - Enqueuing event of type: <class 'a2a.types.TaskStatusUpdateEvent'>
2025-09-15 04:18:11,800 - DEBUG - Start async tracer
2025-09-15 04:18:11,800 - DEBUG - Closing EventQueue.
2025-09-15 04:18:11,802 - DEBUG - Dequeued event (waited) of type: <class 'a2a.types.TaskStatusUpdateEvent'>
2025-09-15 04:18:11,802 - DEBUG - Dequeued event of type: <class 'a2a.types.TaskStatusUpdateEvent'> in consume_all.
2025-09-15 04:18:11,802 - DEBUG - Marking task as done in EventQueue.
2025-09-15 04:18:11,802 - DEBUG - Marked task as done in event queue in consume_all
2025-09-15 04:18:11,802 - DEBUG - Stopping event consumption in consume_all.
2025-09-15 04:18:11,802 - DEBUG - Start async tracer
2025-09-15 04:18:11,802 - DEBUG - Closing EventQueue.
2025-09-15 04:18:11,802 - DEBUG - Processing save of task event of type TaskStatusUpdateEvent for task_id: 4674c499-4f9a-4ba0-aa89-fa77c6231cdd
2025-09-15 04:18:11,802 - DEBUG - Updating task 4674c499-4f9a-4ba0-aa89-fa77c6231cdd status to: TaskState.failed
2025-09-15 04:18:11,802 - DEBUG - Saving task with id: 4674c499-4f9a-4ba0-aa89-fa77c6231cdd
2025-09-15 04:18:11,802 - DEBUG - Task 4674c499-4f9a-4ba0-aa89-fa77c6231cdd saved successfully.
2025-09-15 04:18:11,802 - DEBUG - Start async tracer
2025-09-15 04:18:11,802 - DEBUG - chunk: b'data: {"id":"22d2e5fc-901d-45b2-8d6c-2fbb2838ea60","jsonrpc":"2.0","result":{"contextId":"ff42c2cb-7dff-4291-ab0b-64728105b5f2","final":true,"kind":"status-update","status":{"state":"failed","timestamp":"2025-09-14T21:18:11.800926+00:00"},"taskId":"4674c499-4f9a-4ba0-aa89-fa77c6231cdd"}}\r\n\r\n'
2025-09-15 04:18:11,802 - DEBUG - Start async tracer
2025-09-15 04:18:11,802 - DEBUG - Agent task callback triggered.
2025-09-15 04:18:11,802 - DEBUG - Start async tracer
2025-09-15 04:18:11,802 - DEBUG - Start async tracer
2025-09-15 04:18:11,802 - DEBUG - Closing EventQueue.
2025-09-15 04:18:11,802 - DEBUG - Got event: http.disconnect. Stop streaming.
2025-09-15 04:31:20,906 - DEBUG - Start async tracer
2025-09-15 04:31:20,906 - DEBUG - TaskManager initialized with task_id: None, context_id: None
2025-09-15 04:31:20,906 - DEBUG - task_id is not set, cannot get task.
2025-09-15 04:31:20,906 - DEBUG - Start async tracer
2025-09-15 04:31:20,906 - DEBUG - EventQueue initialized.
2025-09-15 04:31:20,906 - DEBUG - Start async tracer
2025-09-15 04:31:20,906 - DEBUG - EventConsumer initialized
2025-09-15 04:31:20,906 - DEBUG - Starting to consume all events from the queue.
2025-09-15 04:31:20,906 - DEBUG - Start async tracer
2025-09-15 04:31:20,906 - DEBUG - Attempting to dequeue event (waiting).
2025-09-15 04:31:20,906 - DEBUG - Start async tracer
2025-09-15 04:31:20,906 - DEBUG - Start async tracer
2025-09-15 04:31:20,906 - DEBUG - Enqueuing event of type: <class 'a2a.types.TaskStatusUpdateEvent'>
2025-09-15 04:31:20,906 - DEBUG - Start async tracer
2025-09-15 04:31:20,906 - DEBUG - Enqueuing event of type: <class 'a2a.types.TaskStatusUpdateEvent'>
2025-09-15 04:31:20,918 - DEBUG - Dequeued event (waited) of type: <class 'a2a.types.TaskStatusUpdateEvent'>
2025-09-15 04:31:20,918 - DEBUG - Dequeued event of type: <class 'a2a.types.TaskStatusUpdateEvent'> in consume_all.
2025-09-15 04:31:20,918 - DEBUG - Marking task as done in EventQueue.
2025-09-15 04:31:20,918 - DEBUG - Marked task as done in event queue in consume_all
2025-09-15 04:31:20,918 - DEBUG - Processing save of task event of type TaskStatusUpdateEvent for task_id: b8517f25-7729-49e8-9745-4207cf113d22
2025-09-15 04:31:20,918 - DEBUG - Attempting to retrieve existing task with id: b8517f25-7729-49e8-9745-4207cf113d22
2025-09-15 04:31:20,918 - DEBUG - Attempting to get task with id: b8517f25-7729-49e8-9745-4207cf113d22
2025-09-15 04:31:20,918 - DEBUG - Task b8517f25-7729-49e8-9745-4207cf113d22 not found in store.
2025-09-15 04:31:20,918 - INFO - Task not found or task_id not set. Creating new task for event (task_id: b8517f25-7729-49e8-9745-4207cf113d22, context_id: de6c73b9-bbda-4da6-a330-3a925fe6f76e).
2025-09-15 04:31:20,918 - DEBUG - Initializing new Task object with task_id: b8517f25-7729-49e8-9745-4207cf113d22, context_id: de6c73b9-bbda-4da6-a330-3a925fe6f76e
2025-09-15 04:31:20,918 - DEBUG - Saving task with id: b8517f25-7729-49e8-9745-4207cf113d22
2025-09-15 04:31:20,918 - DEBUG - Task b8517f25-7729-49e8-9745-4207cf113d22 saved successfully.
2025-09-15 04:31:20,918 - DEBUG - Updating task b8517f25-7729-49e8-9745-4207cf113d22 status to: TaskState.submitted
2025-09-15 04:31:20,918 - DEBUG - Saving task with id: b8517f25-7729-49e8-9745-4207cf113d22
2025-09-15 04:31:20,918 - DEBUG - Task b8517f25-7729-49e8-9745-4207cf113d22 saved successfully.
2025-09-15 04:31:20,918 - DEBUG - Start async tracer
2025-09-15 04:31:20,918 - DEBUG - chunk: b'data: {"id":"a586d1c8-1704-4bb1-b990-636ca0316404","jsonrpc":"2.0","result":{"contextId":"de6c73b9-bbda-4da6-a330-3a925fe6f76e","final":false,"kind":"status-update","status":{"state":"submitted","timestamp":"2025-09-14T21:31:20.906639+00:00"},"taskId":"b8517f25-7729-49e8-9745-4207cf113d22"}}\r\n\r\n'
2025-09-15 04:31:20,918 - DEBUG - Start async tracer
2025-09-15 04:31:20,918 - DEBUG - Attempting to dequeue event (waiting).
2025-09-15 04:31:20,918 - DEBUG - Dequeued event (waited) of type: <class 'a2a.types.TaskStatusUpdateEvent'>
2025-09-15 04:31:20,918 - DEBUG - Dequeued event of type: <class 'a2a.types.TaskStatusUpdateEvent'> in consume_all.
2025-09-15 04:31:20,918 - DEBUG - Marking task as done in EventQueue.
2025-09-15 04:31:20,918 - DEBUG - Marked task as done in event queue in consume_all
2025-09-15 04:31:20,918 - DEBUG - Processing save of task event of type TaskStatusUpdateEvent for task_id: b8517f25-7729-49e8-9745-4207cf113d22
2025-09-15 04:31:20,918 - DEBUG - Updating task b8517f25-7729-49e8-9745-4207cf113d22 status to: TaskState.working
2025-09-15 04:31:20,918 - DEBUG - Saving task with id: b8517f25-7729-49e8-9745-4207cf113d22
2025-09-15 04:31:20,918 - DEBUG - Task b8517f25-7729-49e8-9745-4207cf113d22 saved successfully.
2025-09-15 04:31:20,918 - DEBUG - Start async tracer
2025-09-15 04:31:20,918 - DEBUG - chunk: b'data: {"id":"a586d1c8-1704-4bb1-b990-636ca0316404","jsonrpc":"2.0","result":{"contextId":"de6c73b9-bbda-4da6-a330-3a925fe6f76e","final":false,"kind":"status-update","status":{"state":"working","timestamp":"2025-09-14T21:31:20.906639+00:00"},"taskId":"b8517f25-7729-49e8-9745-4207cf113d22"}}\r\n\r\n'
2025-09-15 04:31:20,918 - DEBUG - Start async tracer
2025-09-15 04:31:20,918 - DEBUG - Attempting to dequeue event (waiting).
2025-09-15 04:31:20,918 - ERROR - CostAgentExecutor error: 'dict' object has no attribute 'data'
2025-09-15 04:31:20,918 - DEBUG - Start async tracer
2025-09-15 04:31:20,918 - DEBUG - Enqueuing event of type: <class 'a2a.types.TaskStatusUpdateEvent'>
2025-09-15 04:31:20,918 - DEBUG - Start async tracer
2025-09-15 04:31:20,918 - DEBUG - Closing EventQueue.
2025-09-15 04:31:20,918 - DEBUG - Dequeued event (waited) of type: <class 'a2a.types.TaskStatusUpdateEvent'>
2025-09-15 04:31:20,918 - DEBUG - Dequeued event of type: <class 'a2a.types.TaskStatusUpdateEvent'> in consume_all.
2025-09-15 04:31:20,918 - DEBUG - Marking task as done in EventQueue.
2025-09-15 04:31:20,918 - DEBUG - Marked task as done in event queue in consume_all
2025-09-15 04:31:20,918 - DEBUG - Stopping event consumption in consume_all.
2025-09-15 04:31:20,926 - DEBUG - Start async tracer
2025-09-15 04:31:20,926 - DEBUG - Closing EventQueue.
2025-09-15 04:31:20,926 - DEBUG - Processing save of task event of type TaskStatusUpdateEvent for task_id: b8517f25-7729-49e8-9745-4207cf113d22
2025-09-15 04:31:20,926 - DEBUG - Updating task b8517f25-7729-49e8-9745-4207cf113d22 status to: TaskState.failed
2025-09-15 04:31:20,926 - DEBUG - Saving task with id: b8517f25-7729-49e8-9745-4207cf113d22
2025-09-15 04:31:20,926 - DEBUG - Task b8517f25-7729-49e8-9745-4207cf113d22 saved successfully.
2025-09-15 04:31:20,926 - DEBUG - Start async tracer
2025-09-15 04:31:20,927 - DEBUG - chunk: b'data: {"id":"a586d1c8-1704-4bb1-b990-636ca0316404","jsonrpc":"2.0","result":{"contextId":"de6c73b9-bbda-4da6-a330-3a925fe6f76e","final":true,"kind":"status-update","status":{"state":"failed","timestamp":"2025-09-14T21:31:20.918733+00:00"},"taskId":"b8517f25-7729-49e8-9745-4207cf113d22"}}\r\n\r\n'
2025-09-15 04:31:20,927 - DEBUG - Start async tracer
2025-09-15 04:31:20,927 - DEBUG - Agent task callback triggered.
2025-09-15 04:31:20,927 - DEBUG - Start async tracer
2025-09-15 04:31:20,927 - DEBUG - Start async tracer
2025-09-15 04:31:20,927 - DEBUG - Closing EventQueue.
2025-09-15 04:31:20,927 - DEBUG - Got event: http.disconnect. Stop streaming.
2025-09-15 04:34:35,706 - DEBUG - Start async tracer
2025-09-15 04:34:35,706 - DEBUG - TaskManager initialized with task_id: None, context_id: None
2025-09-15 04:34:35,706 - DEBUG - task_id is not set, cannot get task.
2025-09-15 04:34:35,706 - DEBUG - Start async tracer
2025-09-15 04:34:35,706 - DEBUG - EventQueue initialized.
2025-09-15 04:34:35,706 - DEBUG - Start async tracer
2025-09-15 04:34:35,706 - DEBUG - EventConsumer initialized
2025-09-15 04:34:35,706 - DEBUG - Starting to consume all events from the queue.
2025-09-15 04:34:35,706 - DEBUG - Start async tracer
2025-09-15 04:34:35,706 - DEBUG - Attempting to dequeue event (waiting).
2025-09-15 04:34:35,706 - DEBUG - Start async tracer
2025-09-15 04:34:35,706 - DEBUG - Start async tracer
2025-09-15 04:34:35,706 - DEBUG - Enqueuing event of type: <class 'a2a.types.TaskStatusUpdateEvent'>
2025-09-15 04:34:35,706 - DEBUG - Start async tracer
2025-09-15 04:34:35,706 - DEBUG - Enqueuing event of type: <class 'a2a.types.TaskStatusUpdateEvent'>
2025-09-15 04:34:35,720 - DEBUG - Dequeued event (waited) of type: <class 'a2a.types.TaskStatusUpdateEvent'>
2025-09-15 04:34:35,720 - DEBUG - Dequeued event of type: <class 'a2a.types.TaskStatusUpdateEvent'> in consume_all.
2025-09-15 04:34:35,720 - DEBUG - Marking task as done in EventQueue.
2025-09-15 04:34:35,720 - DEBUG - Marked task as done in event queue in consume_all
2025-09-15 04:34:35,720 - DEBUG - Processing save of task event of type TaskStatusUpdateEvent for task_id: d289365d-8aa9-426d-a780-f284ee53af25
2025-09-15 04:34:35,720 - DEBUG - Attempting to retrieve existing task with id: d289365d-8aa9-426d-a780-f284ee53af25
2025-09-15 04:34:35,720 - DEBUG - Attempting to get task with id: d289365d-8aa9-426d-a780-f284ee53af25
2025-09-15 04:34:35,720 - DEBUG - Task d289365d-8aa9-426d-a780-f284ee53af25 not found in store.
2025-09-15 04:34:35,720 - INFO - Task not found or task_id not set. Creating new task for event (task_id: d289365d-8aa9-426d-a780-f284ee53af25, context_id: be6e7ebd-f563-4165-8802-c02985df046a).
2025-09-15 04:34:35,720 - DEBUG - Initializing new Task object with task_id: d289365d-8aa9-426d-a780-f284ee53af25, context_id: be6e7ebd-f563-4165-8802-c02985df046a
2025-09-15 04:34:35,720 - DEBUG - Saving task with id: d289365d-8aa9-426d-a780-f284ee53af25
2025-09-15 04:34:35,720 - DEBUG - Task d289365d-8aa9-426d-a780-f284ee53af25 saved successfully.
2025-09-15 04:34:35,720 - DEBUG - Updating task d289365d-8aa9-426d-a780-f284ee53af25 status to: TaskState.submitted
2025-09-15 04:34:35,720 - DEBUG - Saving task with id: d289365d-8aa9-426d-a780-f284ee53af25
2025-09-15 04:34:35,720 - DEBUG - Task d289365d-8aa9-426d-a780-f284ee53af25 saved successfully.
2025-09-15 04:34:35,720 - DEBUG - Start async tracer
2025-09-15 04:34:35,720 - DEBUG - chunk: b'data: {"id":"62c4f00e-8928-4c5c-a7a8-4940fd5fb7f9","jsonrpc":"2.0","result":{"contextId":"be6e7ebd-f563-4165-8802-c02985df046a","final":false,"kind":"status-update","status":{"state":"submitted","timestamp":"2025-09-14T21:34:35.706179+00:00"},"taskId":"d289365d-8aa9-426d-a780-f284ee53af25"}}\r\n\r\n'
2025-09-15 04:34:35,720 - DEBUG - Start async tracer
2025-09-15 04:34:35,720 - DEBUG - Attempting to dequeue event (waiting).
2025-09-15 04:34:35,725 - DEBUG - Dequeued event (waited) of type: <class 'a2a.types.TaskStatusUpdateEvent'>
2025-09-15 04:34:35,725 - DEBUG - Dequeued event of type: <class 'a2a.types.TaskStatusUpdateEvent'> in consume_all.
2025-09-15 04:34:35,725 - DEBUG - Marking task as done in EventQueue.
2025-09-15 04:34:35,725 - DEBUG - Marked task as done in event queue in consume_all
2025-09-15 04:34:35,725 - DEBUG - Processing save of task event of type TaskStatusUpdateEvent for task_id: d289365d-8aa9-426d-a780-f284ee53af25
2025-09-15 04:34:35,725 - DEBUG - Updating task d289365d-8aa9-426d-a780-f284ee53af25 status to: TaskState.working
2025-09-15 04:34:35,725 - DEBUG - Saving task with id: d289365d-8aa9-426d-a780-f284ee53af25
2025-09-15 04:34:35,725 - DEBUG - Task d289365d-8aa9-426d-a780-f284ee53af25 saved successfully.
2025-09-15 04:34:35,725 - DEBUG - Start async tracer
2025-09-15 04:34:35,725 - DEBUG - chunk: b'data: {"id":"62c4f00e-8928-4c5c-a7a8-4940fd5fb7f9","jsonrpc":"2.0","result":{"contextId":"be6e7ebd-f563-4165-8802-c02985df046a","final":false,"kind":"status-update","status":{"state":"working","timestamp":"2025-09-14T21:34:35.706179+00:00"},"taskId":"d289365d-8aa9-426d-a780-f284ee53af25"}}\r\n\r\n'
2025-09-15 04:34:35,725 - DEBUG - Start async tracer
2025-09-15 04:34:35,725 - DEBUG - Attempting to dequeue event (waiting).
2025-09-15 04:34:35,725 - ERROR - CostAgentExecutor error: 'dict' object has no attribute 'data'
2025-09-15 04:34:35,725 - DEBUG - Start async tracer
2025-09-15 04:34:35,725 - DEBUG - Enqueuing event of type: <class 'a2a.types.TaskStatusUpdateEvent'>
2025-09-15 04:34:35,725 - DEBUG - Start async tracer
2025-09-15 04:34:35,725 - DEBUG - Closing EventQueue.
2025-09-15 04:34:35,725 - DEBUG - Dequeued event (waited) of type: <class 'a2a.types.TaskStatusUpdateEvent'>
2025-09-15 04:34:35,725 - DEBUG - Dequeued event of type: <class 'a2a.types.TaskStatusUpdateEvent'> in consume_all.
2025-09-15 04:34:35,725 - DEBUG - Marking task as done in EventQueue.
2025-09-15 04:34:35,725 - DEBUG - Marked task as done in event queue in consume_all
2025-09-15 04:34:35,725 - DEBUG - Stopping event consumption in consume_all.
2025-09-15 04:34:35,725 - DEBUG - Start async tracer
2025-09-15 04:34:35,725 - DEBUG - Closing EventQueue.
2025-09-15 04:34:35,725 - DEBUG - Processing save of task event of type TaskStatusUpdateEvent for task_id: d289365d-8aa9-426d-a780-f284ee53af25
2025-09-15 04:34:35,725 - DEBUG - Updating task d289365d-8aa9-426d-a780-f284ee53af25 status to: TaskState.failed
2025-09-15 04:34:35,725 - DEBUG - Saving task with id: d289365d-8aa9-426d-a780-f284ee53af25
2025-09-15 04:34:35,725 - DEBUG - Task d289365d-8aa9-426d-a780-f284ee53af25 saved successfully.
2025-09-15 04:34:35,725 - DEBUG - Start async tracer
2025-09-15 04:34:35,725 - DEBUG - chunk: b'data: {"id":"62c4f00e-8928-4c5c-a7a8-4940fd5fb7f9","jsonrpc":"2.0","result":{"contextId":"be6e7ebd-f563-4165-8802-c02985df046a","final":true,"kind":"status-update","status":{"state":"failed","timestamp":"2025-09-14T21:34:35.725970+00:00"},"taskId":"d289365d-8aa9-426d-a780-f284ee53af25"}}\r\n\r\n'
2025-09-15 04:34:35,725 - DEBUG - Start async tracer
2025-09-15 04:34:35,725 - DEBUG - Agent task callback triggered.
2025-09-15 04:34:35,725 - DEBUG - Start async tracer
2025-09-15 04:34:35,725 - DEBUG - Start async tracer
2025-09-15 04:34:35,725 - DEBUG - Closing EventQueue.
2025-09-15 04:34:35,725 - DEBUG - Got event: http.disconnect. Stop streaming.
2025-09-15 04:59:05,540 - DEBUG - Start async tracer
2025-09-15 04:59:05,540 - DEBUG - TaskManager initialized with task_id: None, context_id: None
2025-09-15 04:59:05,540 - DEBUG - task_id is not set, cannot get task.
2025-09-15 04:59:05,540 - DEBUG - Start async tracer
2025-09-15 04:59:05,540 - DEBUG - EventQueue initialized.
2025-09-15 04:59:05,540 - DEBUG - Start async tracer
2025-09-15 04:59:05,540 - DEBUG - EventConsumer initialized
2025-09-15 04:59:05,540 - DEBUG - Starting to consume all events from the queue.
2025-09-15 04:59:05,540 - DEBUG - Start async tracer
2025-09-15 04:59:05,540 - DEBUG - Attempting to dequeue event (waiting).
2025-09-15 04:59:05,540 - DEBUG - Start async tracer
2025-09-15 04:59:05,540 - DEBUG - Start async tracer
2025-09-15 04:59:05,540 - DEBUG - Enqueuing event of type: <class 'a2a.types.TaskStatusUpdateEvent'>
2025-09-15 04:59:05,540 - DEBUG - Start async tracer
2025-09-15 04:59:05,540 - DEBUG - Enqueuing event of type: <class 'a2a.types.TaskStatusUpdateEvent'>
2025-09-15 04:59:05,550 - DEBUG - Dequeued event (waited) of type: <class 'a2a.types.TaskStatusUpdateEvent'>
2025-09-15 04:59:05,550 - DEBUG - Dequeued event of type: <class 'a2a.types.TaskStatusUpdateEvent'> in consume_all.
2025-09-15 04:59:05,553 - DEBUG - Marking task as done in EventQueue.
2025-09-15 04:59:05,553 - DEBUG - Marked task as done in event queue in consume_all
2025-09-15 04:59:05,553 - DEBUG - Processing save of task event of type TaskStatusUpdateEvent for task_id: 8f8b1c44-b8e3-4c4b-aceb-e3fcfa52ef32
2025-09-15 04:59:05,553 - DEBUG - Attempting to retrieve existing task with id: 8f8b1c44-b8e3-4c4b-aceb-e3fcfa52ef32
2025-09-15 04:59:05,553 - DEBUG - Attempting to get task with id: 8f8b1c44-b8e3-4c4b-aceb-e3fcfa52ef32
2025-09-15 04:59:05,553 - DEBUG - Task 8f8b1c44-b8e3-4c4b-aceb-e3fcfa52ef32 not found in store.
2025-09-15 04:59:05,553 - INFO - Task not found or task_id not set. Creating new task for event (task_id: 8f8b1c44-b8e3-4c4b-aceb-e3fcfa52ef32, context_id: bfc95ecf-1507-4beb-940f-52fce815dc13).
2025-09-15 04:59:05,553 - DEBUG - Initializing new Task object with task_id: 8f8b1c44-b8e3-4c4b-aceb-e3fcfa52ef32, context_id: bfc95ecf-1507-4beb-940f-52fce815dc13
2025-09-15 04:59:05,553 - DEBUG - Saving task with id: 8f8b1c44-b8e3-4c4b-aceb-e3fcfa52ef32
2025-09-15 04:59:05,553 - DEBUG - Task 8f8b1c44-b8e3-4c4b-aceb-e3fcfa52ef32 saved successfully.
2025-09-15 04:59:05,553 - DEBUG - Updating task 8f8b1c44-b8e3-4c4b-aceb-e3fcfa52ef32 status to: TaskState.submitted
2025-09-15 04:59:05,553 - DEBUG - Saving task with id: 8f8b1c44-b8e3-4c4b-aceb-e3fcfa52ef32
2025-09-15 04:59:05,553 - DEBUG - Task 8f8b1c44-b8e3-4c4b-aceb-e3fcfa52ef32 saved successfully.
2025-09-15 04:59:05,553 - DEBUG - Start async tracer
2025-09-15 04:59:05,553 - DEBUG - chunk: b'data: {"id":"00341256-a4db-4b48-b2dc-eaef8cbdb541","jsonrpc":"2.0","result":{"contextId":"bfc95ecf-1507-4beb-940f-52fce815dc13","final":false,"kind":"status-update","status":{"state":"submitted","timestamp":"2025-09-14T21:59:05.540470+00:00"},"taskId":"8f8b1c44-b8e3-4c4b-aceb-e3fcfa52ef32"}}\r\n\r\n'
2025-09-15 04:59:05,553 - DEBUG - Start async tracer
2025-09-15 04:59:05,553 - DEBUG - Attempting to dequeue event (waiting).
2025-09-15 04:59:05,553 - DEBUG - Dequeued event (waited) of type: <class 'a2a.types.TaskStatusUpdateEvent'>
2025-09-15 04:59:05,553 - DEBUG - Dequeued event of type: <class 'a2a.types.TaskStatusUpdateEvent'> in consume_all.
2025-09-15 04:59:05,553 - DEBUG - Marking task as done in EventQueue.
2025-09-15 04:59:05,553 - DEBUG - Marked task as done in event queue in consume_all
2025-09-15 04:59:05,553 - DEBUG - Processing save of task event of type TaskStatusUpdateEvent for task_id: 8f8b1c44-b8e3-4c4b-aceb-e3fcfa52ef32
2025-09-15 04:59:05,553 - DEBUG - Updating task 8f8b1c44-b8e3-4c4b-aceb-e3fcfa52ef32 status to: TaskState.working
2025-09-15 04:59:05,553 - DEBUG - Saving task with id: 8f8b1c44-b8e3-4c4b-aceb-e3fcfa52ef32
2025-09-15 04:59:05,553 - DEBUG - Task 8f8b1c44-b8e3-4c4b-aceb-e3fcfa52ef32 saved successfully.
2025-09-15 04:59:05,553 - DEBUG - Start async tracer
2025-09-15 04:59:05,553 - DEBUG - chunk: b'data: {"id":"00341256-a4db-4b48-b2dc-eaef8cbdb541","jsonrpc":"2.0","result":{"contextId":"bfc95ecf-1507-4beb-940f-52fce815dc13","final":false,"kind":"status-update","status":{"state":"working","timestamp":"2025-09-14T21:59:05.540470+00:00"},"taskId":"8f8b1c44-b8e3-4c4b-aceb-e3fcfa52ef32"}}\r\n\r\n'
2025-09-15 04:59:05,553 - DEBUG - Start async tracer
2025-09-15 04:59:05,553 - DEBUG - Attempting to dequeue event (waiting).
2025-09-15 04:59:05,553 - ERROR - CostAgentExecutor error: 'dict' object has no attribute 'data'
2025-09-15 04:59:05,553 - DEBUG - Start async tracer
2025-09-15 04:59:05,553 - DEBUG - Enqueuing event of type: <class 'a2a.types.TaskStatusUpdateEvent'>
2025-09-15 04:59:05,553 - DEBUG - Start async tracer
2025-09-15 04:59:05,553 - DEBUG - Closing EventQueue.
2025-09-15 04:59:05,560 - DEBUG - Dequeued event (waited) of type: <class 'a2a.types.TaskStatusUpdateEvent'>
2025-09-15 04:59:05,560 - DEBUG - Dequeued event of type: <class 'a2a.types.TaskStatusUpdateEvent'> in consume_all.
2025-09-15 04:59:05,560 - DEBUG - Marking task as done in EventQueue.
2025-09-15 04:59:05,560 - DEBUG - Marked task as done in event queue in consume_all
2025-09-15 04:59:05,560 - DEBUG - Stopping event consumption in consume_all.
2025-09-15 04:59:05,560 - DEBUG - Start async tracer
2025-09-15 04:59:05,560 - DEBUG - Closing EventQueue.
2025-09-15 04:59:05,560 - DEBUG - Processing save of task event of type TaskStatusUpdateEvent for task_id: 8f8b1c44-b8e3-4c4b-aceb-e3fcfa52ef32
2025-09-15 04:59:05,560 - DEBUG - Updating task 8f8b1c44-b8e3-4c4b-aceb-e3fcfa52ef32 status to: TaskState.failed
2025-09-15 04:59:05,560 - DEBUG - Saving task with id: 8f8b1c44-b8e3-4c4b-aceb-e3fcfa52ef32
2025-09-15 04:59:05,560 - DEBUG - Task 8f8b1c44-b8e3-4c4b-aceb-e3fcfa52ef32 saved successfully.
2025-09-15 04:59:05,560 - DEBUG - Start async tracer
2025-09-15 04:59:05,560 - DEBUG - chunk: b'data: {"id":"00341256-a4db-4b48-b2dc-eaef8cbdb541","jsonrpc":"2.0","result":{"contextId":"bfc95ecf-1507-4beb-940f-52fce815dc13","final":true,"kind":"status-update","status":{"state":"failed","timestamp":"2025-09-14T21:59:05.553181+00:00"},"taskId":"8f8b1c44-b8e3-4c4b-aceb-e3fcfa52ef32"}}\r\n\r\n'
2025-09-15 04:59:05,560 - DEBUG - Start async tracer
2025-09-15 04:59:05,560 - DEBUG - Agent task callback triggered.
2025-09-15 04:59:05,560 - DEBUG - Start async tracer
2025-09-15 04:59:05,560 - DEBUG - Start async tracer
2025-09-15 04:59:05,560 - DEBUG - Closing EventQueue.
2025-09-15 04:59:05,560 - DEBUG - Got event: http.disconnect. Stop streaming.
2025-09-15 05:11:09,732 - DEBUG - Start async tracer
2025-09-15 05:11:09,733 - DEBUG - TaskManager initialized with task_id: None, context_id: None
2025-09-15 05:11:09,733 - DEBUG - task_id is not set, cannot get task.
2025-09-15 05:11:09,733 - DEBUG - Start async tracer
2025-09-15 05:11:09,733 - DEBUG - EventQueue initialized.
2025-09-15 05:11:09,733 - DEBUG - Start async tracer
2025-09-15 05:11:09,733 - DEBUG - EventConsumer initialized
2025-09-15 05:11:09,733 - DEBUG - Starting to consume all events from the queue.
2025-09-15 05:11:09,733 - DEBUG - Start async tracer
2025-09-15 05:11:09,733 - DEBUG - Attempting to dequeue event (waiting).
2025-09-15 05:11:09,733 - DEBUG - Start async tracer
2025-09-15 05:11:09,733 - DEBUG - Start async tracer
2025-09-15 05:11:09,733 - DEBUG - Enqueuing event of type: <class 'a2a.types.TaskStatusUpdateEvent'>
2025-09-15 05:11:09,733 - DEBUG - Start async tracer
2025-09-15 05:11:09,733 - DEBUG - Enqueuing event of type: <class 'a2a.types.TaskStatusUpdateEvent'>
2025-09-15 05:11:09,742 - DEBUG - Dequeued event (waited) of type: <class 'a2a.types.TaskStatusUpdateEvent'>
2025-09-15 05:11:09,742 - DEBUG - Dequeued event of type: <class 'a2a.types.TaskStatusUpdateEvent'> in consume_all.
2025-09-15 05:11:09,742 - DEBUG - Marking task as done in EventQueue.
2025-09-15 05:11:09,742 - DEBUG - Marked task as done in event queue in consume_all
2025-09-15 05:11:09,742 - DEBUG - Processing save of task event of type TaskStatusUpdateEvent for task_id: 748fa5b3-7140-491a-8457-6cb811ef566d
2025-09-15 05:11:09,742 - DEBUG - Attempting to retrieve existing task with id: 748fa5b3-7140-491a-8457-6cb811ef566d
2025-09-15 05:11:09,747 - DEBUG - Attempting to get task with id: 748fa5b3-7140-491a-8457-6cb811ef566d
2025-09-15 05:11:09,747 - DEBUG - Task 748fa5b3-7140-491a-8457-6cb811ef566d not found in store.
2025-09-15 05:11:09,747 - INFO - Task not found or task_id not set. Creating new task for event (task_id: 748fa5b3-7140-491a-8457-6cb811ef566d, context_id: e37c8da6-f923-42f1-a929-3f284bfda19a).
2025-09-15 05:11:09,747 - DEBUG - Initializing new Task object with task_id: 748fa5b3-7140-491a-8457-6cb811ef566d, context_id: e37c8da6-f923-42f1-a929-3f284bfda19a
2025-09-15 05:11:09,747 - DEBUG - Saving task with id: 748fa5b3-7140-491a-8457-6cb811ef566d
2025-09-15 05:11:09,749 - DEBUG - Task 748fa5b3-7140-491a-8457-6cb811ef566d saved successfully.
2025-09-15 05:11:09,749 - DEBUG - Updating task 748fa5b3-7140-491a-8457-6cb811ef566d status to: TaskState.submitted
2025-09-15 05:11:09,749 - DEBUG - Saving task with id: 748fa5b3-7140-491a-8457-6cb811ef566d
2025-09-15 05:11:09,749 - DEBUG - Task 748fa5b3-7140-491a-8457-6cb811ef566d saved successfully.
2025-09-15 05:11:09,749 - DEBUG - Start async tracer
2025-09-15 05:11:09,749 - DEBUG - chunk: b'data: {"id":"fa0a5691-9aef-4e86-ae9f-b1cac14b4545","jsonrpc":"2.0","result":{"contextId":"e37c8da6-f923-42f1-a929-3f284bfda19a","final":false,"kind":"status-update","status":{"state":"submitted","timestamp":"2025-09-14T22:11:09.733775+00:00"},"taskId":"748fa5b3-7140-491a-8457-6cb811ef566d"}}\r\n\r\n'
2025-09-15 05:11:09,749 - DEBUG - Start async tracer
2025-09-15 05:11:09,749 - DEBUG - Attempting to dequeue event (waiting).
2025-09-15 05:11:09,749 - DEBUG - Dequeued event (waited) of type: <class 'a2a.types.TaskStatusUpdateEvent'>
2025-09-15 05:11:09,749 - DEBUG - Dequeued event of type: <class 'a2a.types.TaskStatusUpdateEvent'> in consume_all.
2025-09-15 05:11:09,749 - DEBUG - Marking task as done in EventQueue.
2025-09-15 05:11:09,749 - DEBUG - Marked task as done in event queue in consume_all
2025-09-15 05:11:09,749 - DEBUG - Processing save of task event of type TaskStatusUpdateEvent for task_id: 748fa5b3-7140-491a-8457-6cb811ef566d
2025-09-15 05:11:09,749 - DEBUG - Updating task 748fa5b3-7140-491a-8457-6cb811ef566d status to: TaskState.working
2025-09-15 05:11:09,749 - DEBUG - Saving task with id: 748fa5b3-7140-491a-8457-6cb811ef566d
2025-09-15 05:11:09,749 - DEBUG - Task 748fa5b3-7140-491a-8457-6cb811ef566d saved successfully.
2025-09-15 05:11:09,752 - DEBUG - Start async tracer
2025-09-15 05:11:09,752 - DEBUG - chunk: b'data: {"id":"fa0a5691-9aef-4e86-ae9f-b1cac14b4545","jsonrpc":"2.0","result":{"contextId":"e37c8da6-f923-42f1-a929-3f284bfda19a","final":false,"kind":"status-update","status":{"state":"working","timestamp":"2025-09-14T22:11:09.733775+00:00"},"taskId":"748fa5b3-7140-491a-8457-6cb811ef566d"}}\r\n\r\n'
2025-09-15 05:11:09,752 - DEBUG - Start async tracer
2025-09-15 05:11:09,752 - DEBUG - Attempting to dequeue event (waiting).
2025-09-15 05:11:09,752 - ERROR - CostAgentExecutor error: 'dict' object has no attribute 'data'
2025-09-15 05:11:09,752 - DEBUG - Start async tracer
2025-09-15 05:11:09,752 - DEBUG - Enqueuing event of type: <class 'a2a.types.TaskStatusUpdateEvent'>
2025-09-15 05:11:09,752 - DEBUG - Start async tracer
2025-09-15 05:11:09,752 - DEBUG - Closing EventQueue.
2025-09-15 05:11:09,752 - DEBUG - Dequeued event (waited) of type: <class 'a2a.types.TaskStatusUpdateEvent'>
2025-09-15 05:11:09,752 - DEBUG - Dequeued event of type: <class 'a2a.types.TaskStatusUpdateEvent'> in consume_all.
2025-09-15 05:11:09,752 - DEBUG - Marking task as done in EventQueue.
2025-09-15 05:11:09,752 - DEBUG - Marked task as done in event queue in consume_all
2025-09-15 05:11:09,752 - DEBUG - Stopping event consumption in consume_all.
2025-09-15 05:11:09,752 - DEBUG - Start async tracer
2025-09-15 05:11:09,752 - DEBUG - Closing EventQueue.
2025-09-15 05:11:09,752 - DEBUG - Processing save of task event of type TaskStatusUpdateEvent for task_id: 748fa5b3-7140-491a-8457-6cb811ef566d
2025-09-15 05:11:09,752 - DEBUG - Updating task 748fa5b3-7140-491a-8457-6cb811ef566d status to: TaskState.failed
2025-09-15 05:11:09,752 - DEBUG - Saving task with id: 748fa5b3-7140-491a-8457-6cb811ef566d
2025-09-15 05:11:09,752 - DEBUG - Task 748fa5b3-7140-491a-8457-6cb811ef566d saved successfully.
2025-09-15 05:11:09,752 - DEBUG - Start async tracer
2025-09-15 05:11:09,752 - DEBUG - chunk: b'data: {"id":"fa0a5691-9aef-4e86-ae9f-b1cac14b4545","jsonrpc":"2.0","result":{"contextId":"e37c8da6-f923-42f1-a929-3f284bfda19a","final":true,"kind":"status-update","status":{"state":"failed","timestamp":"2025-09-14T22:11:09.752558+00:00"},"taskId":"748fa5b3-7140-491a-8457-6cb811ef566d"}}\r\n\r\n'
2025-09-15 05:11:09,752 - DEBUG - Start async tracer
2025-09-15 05:11:09,757 - DEBUG - Agent task callback triggered.
2025-09-15 05:11:09,757 - DEBUG - Start async tracer
2025-09-15 05:11:09,757 - DEBUG - Start async tracer
2025-09-15 05:11:09,757 - DEBUG - Closing EventQueue.
2025-09-15 05:11:09,757 - DEBUG - Got event: http.disconnect. Stop streaming.
2025-09-15 05:14:13,751 - DEBUG - Start async tracer
2025-09-15 05:14:13,751 - DEBUG - TaskManager initialized with task_id: None, context_id: None
2025-09-15 05:14:13,751 - DEBUG - task_id is not set, cannot get task.
2025-09-15 05:14:13,751 - DEBUG - Start async tracer
2025-09-15 05:14:13,751 - DEBUG - EventQueue initialized.
2025-09-15 05:14:13,751 - DEBUG - Start async tracer
2025-09-15 05:14:13,751 - DEBUG - EventConsumer initialized
2025-09-15 05:14:13,751 - DEBUG - Starting to consume all events from the queue.
2025-09-15 05:14:13,751 - DEBUG - Start async tracer
2025-09-15 05:14:13,751 - DEBUG - Attempting to dequeue event (waiting).
2025-09-15 05:14:13,751 - DEBUG - Start async tracer
2025-09-15 05:14:13,751 - DEBUG - Start async tracer
2025-09-15 05:14:13,751 - DEBUG - Enqueuing event of type: <class 'a2a.types.TaskStatusUpdateEvent'>
2025-09-15 05:14:13,751 - DEBUG - Start async tracer
2025-09-15 05:14:13,751 - DEBUG - Enqueuing event of type: <class 'a2a.types.TaskStatusUpdateEvent'>
2025-09-15 05:14:13,761 - DEBUG - Dequeued event (waited) of type: <class 'a2a.types.TaskStatusUpdateEvent'>
2025-09-15 05:14:13,761 - DEBUG - Dequeued event of type: <class 'a2a.types.TaskStatusUpdateEvent'> in consume_all.
2025-09-15 05:14:13,761 - DEBUG - Marking task as done in EventQueue.
2025-09-15 05:14:13,761 - DEBUG - Marked task as done in event queue in consume_all
2025-09-15 05:14:13,761 - DEBUG - Processing save of task event of type TaskStatusUpdateEvent for task_id: 2e91d8bd-54cd-4140-b593-785888ecd45b
2025-09-15 05:14:13,761 - DEBUG - Attempting to retrieve existing task with id: 2e91d8bd-54cd-4140-b593-785888ecd45b
2025-09-15 05:14:13,766 - DEBUG - Attempting to get task with id: 2e91d8bd-54cd-4140-b593-785888ecd45b
2025-09-15 05:14:13,766 - DEBUG - Task 2e91d8bd-54cd-4140-b593-785888ecd45b not found in store.
2025-09-15 05:14:13,766 - INFO - Task not found or task_id not set. Creating new task for event (task_id: 2e91d8bd-54cd-4140-b593-785888ecd45b, context_id: d6168ad9-0bbf-40b2-9f9b-f0f67cd06721).
2025-09-15 05:14:13,766 - DEBUG - Initializing new Task object with task_id: 2e91d8bd-54cd-4140-b593-785888ecd45b, context_id: d6168ad9-0bbf-40b2-9f9b-f0f67cd06721
2025-09-15 05:14:13,766 - DEBUG - Saving task with id: 2e91d8bd-54cd-4140-b593-785888ecd45b
2025-09-15 05:14:13,766 - DEBUG - Task 2e91d8bd-54cd-4140-b593-785888ecd45b saved successfully.
2025-09-15 05:14:13,766 - DEBUG - Updating task 2e91d8bd-54cd-4140-b593-785888ecd45b status to: TaskState.submitted
2025-09-15 05:14:13,766 - DEBUG - Saving task with id: 2e91d8bd-54cd-4140-b593-785888ecd45b
2025-09-15 05:14:13,766 - DEBUG - Task 2e91d8bd-54cd-4140-b593-785888ecd45b saved successfully.
2025-09-15 05:14:13,766 - DEBUG - Start async tracer
2025-09-15 05:14:13,766 - DEBUG - chunk: b'data: {"id":"7fadb10e-cc3d-4688-89df-ff130d643a47","jsonrpc":"2.0","result":{"contextId":"d6168ad9-0bbf-40b2-9f9b-f0f67cd06721","final":false,"kind":"status-update","status":{"state":"submitted","timestamp":"2025-09-14T22:14:13.751997+00:00"},"taskId":"2e91d8bd-54cd-4140-b593-785888ecd45b"}}\r\n\r\n'
2025-09-15 05:14:13,766 - DEBUG - Start async tracer
2025-09-15 05:14:13,766 - DEBUG - Attempting to dequeue event (waiting).
2025-09-15 05:14:13,766 - DEBUG - Dequeued event (waited) of type: <class 'a2a.types.TaskStatusUpdateEvent'>
2025-09-15 05:14:13,766 - DEBUG - Dequeued event of type: <class 'a2a.types.TaskStatusUpdateEvent'> in consume_all.
2025-09-15 05:14:13,766 - DEBUG - Marking task as done in EventQueue.
2025-09-15 05:14:13,766 - DEBUG - Marked task as done in event queue in consume_all
2025-09-15 05:14:13,766 - DEBUG - Processing save of task event of type TaskStatusUpdateEvent for task_id: 2e91d8bd-54cd-4140-b593-785888ecd45b
2025-09-15 05:14:13,766 - DEBUG - Updating task 2e91d8bd-54cd-4140-b593-785888ecd45b status to: TaskState.working
2025-09-15 05:14:13,766 - DEBUG - Saving task with id: 2e91d8bd-54cd-4140-b593-785888ecd45b
2025-09-15 05:14:13,766 - DEBUG - Task 2e91d8bd-54cd-4140-b593-785888ecd45b saved successfully.
2025-09-15 05:14:13,766 - DEBUG - Start async tracer
2025-09-15 05:14:13,766 - DEBUG - chunk: b'data: {"id":"7fadb10e-cc3d-4688-89df-ff130d643a47","jsonrpc":"2.0","result":{"contextId":"d6168ad9-0bbf-40b2-9f9b-f0f67cd06721","final":false,"kind":"status-update","status":{"state":"working","timestamp":"2025-09-14T22:14:13.751997+00:00"},"taskId":"2e91d8bd-54cd-4140-b593-785888ecd45b"}}\r\n\r\n'
2025-09-15 05:14:13,766 - DEBUG - Start async tracer
2025-09-15 05:14:13,766 - DEBUG - Attempting to dequeue event (waiting).
2025-09-15 05:14:13,772 - ERROR - CostAgentExecutor error: 'dict' object has no attribute 'data'
2025-09-15 05:14:13,772 - DEBUG - Start async tracer
2025-09-15 05:14:13,772 - DEBUG - Enqueuing event of type: <class 'a2a.types.TaskStatusUpdateEvent'>
2025-09-15 05:14:13,772 - DEBUG - Start async tracer
2025-09-15 05:14:13,772 - DEBUG - Closing EventQueue.
2025-09-15 05:14:13,772 - DEBUG - Dequeued event (waited) of type: <class 'a2a.types.TaskStatusUpdateEvent'>
2025-09-15 05:14:13,772 - DEBUG - Dequeued event of type: <class 'a2a.types.TaskStatusUpdateEvent'> in consume_all.
2025-09-15 05:14:13,772 - DEBUG - Marking task as done in EventQueue.
2025-09-15 05:14:13,772 - DEBUG - Marked task as done in event queue in consume_all
2025-09-15 05:14:13,772 - DEBUG - Stopping event consumption in consume_all.
2025-09-15 05:14:13,772 - DEBUG - Start async tracer
2025-09-15 05:14:13,772 - DEBUG - Closing EventQueue.
2025-09-15 05:14:13,772 - DEBUG - Processing save of task event of type TaskStatusUpdateEvent for task_id: 2e91d8bd-54cd-4140-b593-785888ecd45b
2025-09-15 05:14:13,772 - DEBUG - Updating task 2e91d8bd-54cd-4140-b593-785888ecd45b status to: TaskState.failed
2025-09-15 05:14:13,772 - DEBUG - Saving task with id: 2e91d8bd-54cd-4140-b593-785888ecd45b
2025-09-15 05:14:13,772 - DEBUG - Task 2e91d8bd-54cd-4140-b593-785888ecd45b saved successfully.
2025-09-15 05:14:13,772 - DEBUG - Start async tracer
2025-09-15 05:14:13,772 - DEBUG - chunk: b'data: {"id":"7fadb10e-cc3d-4688-89df-ff130d643a47","jsonrpc":"2.0","result":{"contextId":"d6168ad9-0bbf-40b2-9f9b-f0f67cd06721","final":true,"kind":"status-update","status":{"state":"failed","timestamp":"2025-09-14T22:14:13.772161+00:00"},"taskId":"2e91d8bd-54cd-4140-b593-785888ecd45b"}}\r\n\r\n'
2025-09-15 05:14:13,772 - DEBUG - Start async tracer
2025-09-15 05:14:13,772 - DEBUG - Agent task callback triggered.
2025-09-15 05:14:13,772 - DEBUG - Start async tracer
2025-09-15 05:14:13,772 - DEBUG - Start async tracer
2025-09-15 05:14:13,772 - DEBUG - Closing EventQueue.
2025-09-15 05:14:13,776 - DEBUG - Got event: http.disconnect. Stop streaming.
2025-09-15 05:16:44,336 - DEBUG - Start async tracer
2025-09-15 05:16:44,339 - DEBUG - TaskManager initialized with task_id: None, context_id: None
2025-09-15 05:16:44,339 - DEBUG - task_id is not set, cannot get task.
2025-09-15 05:16:44,339 - DEBUG - Start async tracer
2025-09-15 05:16:44,339 - DEBUG - EventQueue initialized.
2025-09-15 05:16:44,339 - DEBUG - Start async tracer
2025-09-15 05:16:44,339 - DEBUG - EventConsumer initialized
2025-09-15 05:16:44,339 - DEBUG - Starting to consume all events from the queue.
2025-09-15 05:16:44,339 - DEBUG - Start async tracer
2025-09-15 05:16:44,339 - DEBUG - Attempting to dequeue event (waiting).
2025-09-15 05:16:44,339 - DEBUG - Start async tracer
2025-09-15 05:16:44,339 - DEBUG - Start async tracer
2025-09-15 05:16:44,339 - DEBUG - Enqueuing event of type: <class 'a2a.types.TaskStatusUpdateEvent'>
2025-09-15 05:16:44,339 - DEBUG - Start async tracer
2025-09-15 05:16:44,339 - DEBUG - Enqueuing event of type: <class 'a2a.types.TaskStatusUpdateEvent'>
2025-09-15 05:16:44,346 - DEBUG - Dequeued event (waited) of type: <class 'a2a.types.TaskStatusUpdateEvent'>
2025-09-15 05:16:44,346 - DEBUG - Dequeued event of type: <class 'a2a.types.TaskStatusUpdateEvent'> in consume_all.
2025-09-15 05:16:44,346 - DEBUG - Marking task as done in EventQueue.
2025-09-15 05:16:44,346 - DEBUG - Marked task as done in event queue in consume_all
2025-09-15 05:16:44,346 - DEBUG - Processing save of task event of type TaskStatusUpdateEvent for task_id: 9b45a03d-d213-4ca4-bd62-bef69e1d29dc
2025-09-15 05:16:44,346 - DEBUG - Attempting to retrieve existing task with id: 9b45a03d-d213-4ca4-bd62-bef69e1d29dc
2025-09-15 05:16:44,346 - DEBUG - Attempting to get task with id: 9b45a03d-d213-4ca4-bd62-bef69e1d29dc
2025-09-15 05:16:44,346 - DEBUG - Task 9b45a03d-d213-4ca4-bd62-bef69e1d29dc not found in store.
2025-09-15 05:16:44,346 - INFO - Task not found or task_id not set. Creating new task for event (task_id: 9b45a03d-d213-4ca4-bd62-bef69e1d29dc, context_id: 90f822d2-b640-4f16-82dc-7925c1ddaec7).
2025-09-15 05:16:44,346 - DEBUG - Initializing new Task object with task_id: 9b45a03d-d213-4ca4-bd62-bef69e1d29dc, context_id: 90f822d2-b640-4f16-82dc-7925c1ddaec7
2025-09-15 05:16:44,346 - DEBUG - Saving task with id: 9b45a03d-d213-4ca4-bd62-bef69e1d29dc
2025-09-15 05:16:44,346 - DEBUG - Task 9b45a03d-d213-4ca4-bd62-bef69e1d29dc saved successfully.
2025-09-15 05:16:44,346 - DEBUG - Updating task 9b45a03d-d213-4ca4-bd62-bef69e1d29dc status to: TaskState.submitted
2025-09-15 05:16:44,346 - DEBUG - Saving task with id: 9b45a03d-d213-4ca4-bd62-bef69e1d29dc
2025-09-15 05:16:44,355 - DEBUG - Task 9b45a03d-d213-4ca4-bd62-bef69e1d29dc saved successfully.
2025-09-15 05:16:44,355 - DEBUG - Start async tracer
2025-09-15 05:16:44,355 - DEBUG - chunk: b'data: {"id":"af395a8d-7246-4c35-ba63-037e2149e634","jsonrpc":"2.0","result":{"contextId":"90f822d2-b640-4f16-82dc-7925c1ddaec7","final":false,"kind":"status-update","status":{"state":"submitted","timestamp":"2025-09-14T22:16:44.339455+00:00"},"taskId":"9b45a03d-d213-4ca4-bd62-bef69e1d29dc"}}\r\n\r\n'
2025-09-15 05:16:44,355 - DEBUG - Start async tracer
2025-09-15 05:16:44,355 - DEBUG - Attempting to dequeue event (waiting).
2025-09-15 05:16:44,356 - DEBUG - Dequeued event (waited) of type: <class 'a2a.types.TaskStatusUpdateEvent'>
2025-09-15 05:16:44,356 - DEBUG - Dequeued event of type: <class 'a2a.types.TaskStatusUpdateEvent'> in consume_all.
2025-09-15 05:16:44,356 - DEBUG - Marking task as done in EventQueue.
2025-09-15 05:16:44,356 - DEBUG - Marked task as done in event queue in consume_all
2025-09-15 05:16:44,357 - DEBUG - Processing save of task event of type TaskStatusUpdateEvent for task_id: 9b45a03d-d213-4ca4-bd62-bef69e1d29dc
2025-09-15 05:16:44,357 - DEBUG - Updating task 9b45a03d-d213-4ca4-bd62-bef69e1d29dc status to: TaskState.working
2025-09-15 05:16:44,357 - DEBUG - Saving task with id: 9b45a03d-d213-4ca4-bd62-bef69e1d29dc
2025-09-15 05:16:44,357 - DEBUG - Task 9b45a03d-d213-4ca4-bd62-bef69e1d29dc saved successfully.
2025-09-15 05:16:44,357 - DEBUG - Start async tracer
2025-09-15 05:16:44,357 - DEBUG - chunk: b'data: {"id":"af395a8d-7246-4c35-ba63-037e2149e634","jsonrpc":"2.0","result":{"contextId":"90f822d2-b640-4f16-82dc-7925c1ddaec7","final":false,"kind":"status-update","status":{"state":"working","timestamp":"2025-09-14T22:16:44.339455+00:00"},"taskId":"9b45a03d-d213-4ca4-bd62-bef69e1d29dc"}}\r\n\r\n'
2025-09-15 05:16:44,358 - DEBUG - Start async tracer
2025-09-15 05:16:44,358 - DEBUG - Attempting to dequeue event (waiting).
2025-09-15 05:16:44,359 - ERROR - CostAgentExecutor error: 'dict' object has no attribute 'data'
2025-09-15 05:16:44,359 - DEBUG - Start async tracer
2025-09-15 05:16:44,359 - DEBUG - Enqueuing event of type: <class 'a2a.types.TaskStatusUpdateEvent'>
2025-09-15 05:16:44,359 - DEBUG - Start async tracer
2025-09-15 05:16:44,359 - DEBUG - Closing EventQueue.
2025-09-15 05:16:44,359 - DEBUG - Dequeued event (waited) of type: <class 'a2a.types.TaskStatusUpdateEvent'>
2025-09-15 05:16:44,359 - DEBUG - Dequeued event of type: <class 'a2a.types.TaskStatusUpdateEvent'> in consume_all.
2025-09-15 05:16:44,360 - DEBUG - Marking task as done in EventQueue.
2025-09-15 05:16:44,360 - DEBUG - Marked task as done in event queue in consume_all
2025-09-15 05:16:44,360 - DEBUG - Stopping event consumption in consume_all.
2025-09-15 05:16:44,360 - DEBUG - Start async tracer
2025-09-15 05:16:44,360 - DEBUG - Closing EventQueue.
2025-09-15 05:16:44,360 - DEBUG - Processing save of task event of type TaskStatusUpdateEvent for task_id: 9b45a03d-d213-4ca4-bd62-bef69e1d29dc
2025-09-15 05:16:44,360 - DEBUG - Updating task 9b45a03d-d213-4ca4-bd62-bef69e1d29dc status to: TaskState.failed
2025-09-15 05:16:44,360 - DEBUG - Saving task with id: 9b45a03d-d213-4ca4-bd62-bef69e1d29dc
2025-09-15 05:16:44,360 - DEBUG - Task 9b45a03d-d213-4ca4-bd62-bef69e1d29dc saved successfully.
2025-09-15 05:16:44,361 - DEBUG - Start async tracer
2025-09-15 05:16:44,361 - DEBUG - chunk: b'data: {"id":"af395a8d-7246-4c35-ba63-037e2149e634","jsonrpc":"2.0","result":{"contextId":"90f822d2-b640-4f16-82dc-7925c1ddaec7","final":true,"kind":"status-update","status":{"state":"failed","timestamp":"2025-09-14T22:16:44.359365+00:00"},"taskId":"9b45a03d-d213-4ca4-bd62-bef69e1d29dc"}}\r\n\r\n'
2025-09-15 05:16:44,361 - DEBUG - Start async tracer
2025-09-15 05:16:44,363 - DEBUG - Agent task callback triggered.
2025-09-15 05:16:44,363 - DEBUG - Start async tracer
2025-09-15 05:16:44,363 - DEBUG - Start async tracer
2025-09-15 05:16:44,363 - DEBUG - Closing EventQueue.
2025-09-15 05:16:44,364 - DEBUG - Got event: http.disconnect. Stop streaming.
2025-09-15 05:16:45,356 - WARNING - Retrying langchain_google_genai.chat_models._achat_with_retry.<locals>._achat_with_retry in 2.0 seconds as it raised ResourceExhausted: 429 You exceeded your current quota, please check your plan and billing details. For more information on this error, head to: https://ai.google.dev/gemini-api/docs/rate-limits. [violations {
  quota_metric: "generativelanguage.googleapis.com/generate_content_free_tier_requests"
  quota_id: "GenerateRequestsPerDayPerProjectPerModel-FreeTier"
  quota_dimensions {
    key: "model"
    value: "gemini-1.5-flash"
  }
  quota_dimensions {
    key: "location"
    value: "global"
  }
  quota_value: 50
}
, links {
  description: "Learn more about Gemini API quotas"
  url: "https://ai.google.dev/gemini-api/docs/rate-limits"
}
, retry_delay {
  seconds: 14
}
].
2025-09-15 05:16:47,685 - ERROR - Task exception was never retrieved
future: <Task finished name='Task-589' coro=<<async_generator_athrow without __name__>()> exception=ResourceExhausted('You exceeded your current quota, please check your plan and billing details. For more information on this error, head to: https://ai.google.dev/gemini-api/docs/rate-limits.')>
Traceback (most recent call last):
  File "D:\DEMO CHAT BOT\.venv\Lib\site-packages\langchain_core\tracers\log_stream.py", line 706, in _astream_log_implementation
    await task
  File "D:\DEMO CHAT BOT\.venv\Lib\site-packages\langchain_core\tracers\log_stream.py", line 658, in consume_astream
    async for chunk in runnable.astream(value, config, **kwargs):
  File "D:\DEMO CHAT BOT\.venv\Lib\site-packages\langgraph\pregel\main.py", line 2928, in astream
    async for _ in runner.atick(
  File "D:\DEMO CHAT BOT\.venv\Lib\site-packages\langgraph\pregel\_runner.py", line 295, in atick
    await arun_with_retry(
  File "D:\DEMO CHAT BOT\.venv\Lib\site-packages\langgraph\pregel\_retry.py", line 132, in arun_with_retry
    async for _ in task.proc.astream(task.input, config):
  File "D:\DEMO CHAT BOT\.venv\Lib\site-packages\langgraph\_internal\_runnable.py", line 840, in astream
    output = await asyncio.create_task(
             ^^^^^^^^^^^^^^^^^^^^^^^^^^
  File "D:\DEMO CHAT BOT\.venv\Lib\site-packages\langgraph\_internal\_runnable.py", line 905, in _consume_aiter
    async for chunk in it:
  File "D:\DEMO CHAT BOT\.venv\Lib\site-packages\langchain_core\tracers\log_stream.py", line 283, in tap_output_aiter
    async for chunk in output:
  File "D:\DEMO CHAT BOT\.venv\Lib\site-packages\langchain_core\runnables\base.py", line 1470, in atransform
    async for ichunk in input:
  File "D:\DEMO CHAT BOT\.venv\Lib\site-packages\langchain_core\runnables\base.py", line 1470, in atransform
    async for ichunk in input:
  File "D:\DEMO CHAT BOT\.venv\Lib\site-packages\langchain_core\runnables\base.py", line 1034, in astream
    yield await self.ainvoke(input, config, **kwargs)
          ^^^^^^^^^^^^^^^^^^^^^^^^^^^^^^^^^^^^^^^^^^^
  File "D:\DEMO CHAT BOT\.venv\Lib\site-packages\langgraph\_internal\_runnable.py", line 465, in ainvoke
    ret = await asyncio.create_task(coro, context=context)
          ^^^^^^^^^^^^^^^^^^^^^^^^^^^^^^^^^^^^^^^^^^^^^^^^
  File "D:\DEMO CHAT BOT\.venv\Lib\site-packages\langgraph\prebuilt\chat_agent_executor.py", line 651, in acall_model
    response = cast(AIMessage, await static_model.ainvoke(model_input, config))  # type: ignore[union-attr]
                               ^^^^^^^^^^^^^^^^^^^^^^^^^^^^^^^^^^^^^^^^^^^^^^^
  File "D:\DEMO CHAT BOT\.venv\Lib\site-packages\langchain_core\runnables\base.py", line 3088, in ainvoke
    input_ = await coro_with_context(part(), context, create_task=True)
             ^^^^^^^^^^^^^^^^^^^^^^^^^^^^^^^^^^^^^^^^^^^^^^^^^^^^^^^^^^
  File "D:\DEMO CHAT BOT\.venv\Lib\site-packages\langchain_core\runnables\base.py", line 5447, in ainvoke
    return await self.bound.ainvoke(
           ^^^^^^^^^^^^^^^^^^^^^^^^^
  File "D:\DEMO CHAT BOT\.venv\Lib\site-packages\langchain_core\language_models\chat_models.py", line 417, in ainvoke
    llm_result = await self.agenerate_prompt(
                 ^^^^^^^^^^^^^^^^^^^^^^^^^^^^
  File "D:\DEMO CHAT BOT\.venv\Lib\site-packages\langchain_core\language_models\chat_models.py", line 991, in agenerate_prompt
    return await self.agenerate(
           ^^^^^^^^^^^^^^^^^^^^^
  File "D:\DEMO CHAT BOT\.venv\Lib\site-packages\langchain_core\language_models\chat_models.py", line 949, in agenerate
    raise exceptions[0]
  File "D:\DEMO CHAT BOT\.venv\Lib\site-packages\langchain_core\language_models\chat_models.py", line 1106, in _agenerate_with_cache
    async for chunk in self._astream(messages, stop=stop, **kwargs):
  File "D:\DEMO CHAT BOT\.venv\Lib\site-packages\langchain_google_genai\chat_models.py", line 1595, in _astream
    async for chunk in await _achat_with_retry(
                       ^^^^^^^^^^^^^^^^^^^^^^^^
  File "D:\DEMO CHAT BOT\.venv\Lib\site-packages\langchain_google_genai\chat_models.py", line 271, in _achat_with_retry
    return await _achat_with_retry(**params)
           ^^^^^^^^^^^^^^^^^^^^^^^^^^^^^^^^^
  File "D:\DEMO CHAT BOT\.venv\Lib\site-packages\tenacity\asyncio\__init__.py", line 189, in async_wrapped
    return await copy(fn, *args, **kwargs)
           ^^^^^^^^^^^^^^^^^^^^^^^^^^^^^^^
  File "D:\DEMO CHAT BOT\.venv\Lib\site-packages\tenacity\asyncio\__init__.py", line 111, in __call__
    do = await self.iter(retry_state=retry_state)
         ^^^^^^^^^^^^^^^^^^^^^^^^^^^^^^^^^^^^^^^^
  File "D:\DEMO CHAT BOT\.venv\Lib\site-packages\tenacity\asyncio\__init__.py", line 153, in iter
    result = await action(retry_state)
             ^^^^^^^^^^^^^^^^^^^^^^^^^
  File "D:\DEMO CHAT BOT\.venv\Lib\site-packages\tenacity\_utils.py", line 99, in inner
    return call(*args, **kwargs)
           ^^^^^^^^^^^^^^^^^^^^^
  File "D:\DEMO CHAT BOT\.venv\Lib\site-packages\tenacity\__init__.py", line 418, in exc_check
    raise retry_exc.reraise()
          ^^^^^^^^^^^^^^^^^^^
  File "D:\DEMO CHAT BOT\.venv\Lib\site-packages\tenacity\__init__.py", line 185, in reraise
    raise self.last_attempt.result()
          ^^^^^^^^^^^^^^^^^^^^^^^^^^
  File "E:\ANACONDA\Lib\concurrent\futures\_base.py", line 449, in result
    return self.__get_result()
           ^^^^^^^^^^^^^^^^^^^
  File "E:\ANACONDA\Lib\concurrent\futures\_base.py", line 401, in __get_result
    raise self._exception
  File "D:\DEMO CHAT BOT\.venv\Lib\site-packages\tenacity\asyncio\__init__.py", line 114, in __call__
    result = await fn(*args, **kwargs)
             ^^^^^^^^^^^^^^^^^^^^^^^^^
  File "D:\DEMO CHAT BOT\.venv\Lib\site-packages\langchain_google_genai\chat_models.py", line 262, in _achat_with_retry
    raise e
  File "D:\DEMO CHAT BOT\.venv\Lib\site-packages\langchain_google_genai\chat_models.py", line 255, in _achat_with_retry
    return await generation_method(**kwargs)
           ^^^^^^^^^^^^^^^^^^^^^^^^^^^^^^^^^
  File "D:\DEMO CHAT BOT\.venv\Lib\site-packages\google\api_core\retry\retry_unary_async.py", line 231, in retry_wrapped_func
    return await retry_target(
           ^^^^^^^^^^^^^^^^^^^
  File "D:\DEMO CHAT BOT\.venv\Lib\site-packages\google\api_core\retry\retry_unary_async.py", line 163, in retry_target
    next_sleep = _retry_error_helper(
                 ^^^^^^^^^^^^^^^^^^^^
  File "D:\DEMO CHAT BOT\.venv\Lib\site-packages\google\api_core\retry\retry_base.py", line 214, in _retry_error_helper
    raise final_exc from source_exc
  File "D:\DEMO CHAT BOT\.venv\Lib\site-packages\google\api_core\retry\retry_unary_async.py", line 158, in retry_target
    return await target()
           ^^^^^^^^^^^^^^
  File "D:\DEMO CHAT BOT\.venv\Lib\site-packages\google\api_core\grpc_helpers_async.py", line 178, in error_remapped_callable
    await call.wait_for_connection()
  File "D:\DEMO CHAT BOT\.venv\Lib\site-packages\google\api_core\grpc_helpers_async.py", line 79, in wait_for_connection
    raise exceptions.from_grpc_error(rpc_error) from rpc_error
google.api_core.exceptions.ResourceExhausted: 429 You exceeded your current quota, please check your plan and billing details. For more information on this error, head to: https://ai.google.dev/gemini-api/docs/rate-limits. [violations {
  quota_metric: "generativelanguage.googleapis.com/generate_content_free_tier_requests"
  quota_id: "GenerateRequestsPerDayPerProjectPerModel-FreeTier"
  quota_dimensions {
    key: "model"
    value: "gemini-1.5-flash"
  }
  quota_dimensions {
    key: "location"
    value: "global"
  }
  quota_value: 50
}
, links {
  description: "Learn more about Gemini API quotas"
  url: "https://ai.google.dev/gemini-api/docs/rate-limits"
}
, retry_delay {
  seconds: 12
}
]
During task with name 'agent' and id '44a209a2-c062-65ea-5aa9-c3a071abb996'
2025-09-15 05:20:43,063 - DEBUG - Start async tracer
2025-09-15 05:20:43,063 - DEBUG - TaskManager initialized with task_id: None, context_id: None
2025-09-15 05:20:43,063 - DEBUG - task_id is not set, cannot get task.
2025-09-15 05:20:43,063 - DEBUG - Start async tracer
2025-09-15 05:20:43,064 - DEBUG - EventQueue initialized.
2025-09-15 05:20:43,064 - DEBUG - Start async tracer
2025-09-15 05:20:43,064 - DEBUG - EventConsumer initialized
2025-09-15 05:20:43,064 - DEBUG - Starting to consume all events from the queue.
2025-09-15 05:20:43,064 - DEBUG - Start async tracer
2025-09-15 05:20:43,064 - DEBUG - Attempting to dequeue event (waiting).
2025-09-15 05:20:43,065 - DEBUG - Start async tracer
2025-09-15 05:20:43,065 - DEBUG - Start async tracer
2025-09-15 05:20:43,065 - DEBUG - Enqueuing event of type: <class 'a2a.types.TaskStatusUpdateEvent'>
2025-09-15 05:20:43,065 - DEBUG - Start async tracer
2025-09-15 05:20:43,065 - DEBUG - Enqueuing event of type: <class 'a2a.types.TaskStatusUpdateEvent'>
2025-09-15 05:20:43,077 - DEBUG - Dequeued event (waited) of type: <class 'a2a.types.TaskStatusUpdateEvent'>
2025-09-15 05:20:43,077 - DEBUG - Dequeued event of type: <class 'a2a.types.TaskStatusUpdateEvent'> in consume_all.
2025-09-15 05:20:43,077 - DEBUG - Marking task as done in EventQueue.
2025-09-15 05:20:43,077 - DEBUG - Marked task as done in event queue in consume_all
2025-09-15 05:20:43,077 - DEBUG - Processing save of task event of type TaskStatusUpdateEvent for task_id: fc35ab7f-21c8-47a3-bb9b-a4a54552b31c
2025-09-15 05:20:43,078 - DEBUG - Attempting to retrieve existing task with id: fc35ab7f-21c8-47a3-bb9b-a4a54552b31c
2025-09-15 05:20:43,078 - DEBUG - Attempting to get task with id: fc35ab7f-21c8-47a3-bb9b-a4a54552b31c
2025-09-15 05:20:43,078 - DEBUG - Task fc35ab7f-21c8-47a3-bb9b-a4a54552b31c not found in store.
2025-09-15 05:20:43,078 - INFO - Task not found or task_id not set. Creating new task for event (task_id: fc35ab7f-21c8-47a3-bb9b-a4a54552b31c, context_id: e31a2e8f-4608-4041-a14b-2ce993f4fe49).
2025-09-15 05:20:43,078 - DEBUG - Initializing new Task object with task_id: fc35ab7f-21c8-47a3-bb9b-a4a54552b31c, context_id: e31a2e8f-4608-4041-a14b-2ce993f4fe49
2025-09-15 05:20:43,078 - DEBUG - Saving task with id: fc35ab7f-21c8-47a3-bb9b-a4a54552b31c
2025-09-15 05:20:43,079 - DEBUG - Task fc35ab7f-21c8-47a3-bb9b-a4a54552b31c saved successfully.
2025-09-15 05:20:43,079 - DEBUG - Updating task fc35ab7f-21c8-47a3-bb9b-a4a54552b31c status to: TaskState.submitted
2025-09-15 05:20:43,079 - DEBUG - Saving task with id: fc35ab7f-21c8-47a3-bb9b-a4a54552b31c
2025-09-15 05:20:43,079 - DEBUG - Task fc35ab7f-21c8-47a3-bb9b-a4a54552b31c saved successfully.
2025-09-15 05:20:43,079 - DEBUG - Start async tracer
2025-09-15 05:20:43,079 - DEBUG - chunk: b'data: {"id":"a5f1b1cb-b3d9-473b-8281-a1810d108faf","jsonrpc":"2.0","result":{"contextId":"e31a2e8f-4608-4041-a14b-2ce993f4fe49","final":false,"kind":"status-update","status":{"state":"submitted","timestamp":"2025-09-14T22:20:43.065431+00:00"},"taskId":"fc35ab7f-21c8-47a3-bb9b-a4a54552b31c"}}\r\n\r\n'
2025-09-15 05:20:43,079 - DEBUG - Start async tracer
2025-09-15 05:20:43,080 - DEBUG - Attempting to dequeue event (waiting).
2025-09-15 05:20:43,080 - DEBUG - Dequeued event (waited) of type: <class 'a2a.types.TaskStatusUpdateEvent'>
2025-09-15 05:20:43,080 - DEBUG - Dequeued event of type: <class 'a2a.types.TaskStatusUpdateEvent'> in consume_all.
2025-09-15 05:20:43,080 - DEBUG - Marking task as done in EventQueue.
2025-09-15 05:20:43,080 - DEBUG - Marked task as done in event queue in consume_all
2025-09-15 05:20:43,081 - DEBUG - Processing save of task event of type TaskStatusUpdateEvent for task_id: fc35ab7f-21c8-47a3-bb9b-a4a54552b31c
2025-09-15 05:20:43,081 - DEBUG - Updating task fc35ab7f-21c8-47a3-bb9b-a4a54552b31c status to: TaskState.working
2025-09-15 05:20:43,081 - DEBUG - Saving task with id: fc35ab7f-21c8-47a3-bb9b-a4a54552b31c
2025-09-15 05:20:43,081 - DEBUG - Task fc35ab7f-21c8-47a3-bb9b-a4a54552b31c saved successfully.
2025-09-15 05:20:43,081 - DEBUG - Start async tracer
2025-09-15 05:20:43,081 - DEBUG - chunk: b'data: {"id":"a5f1b1cb-b3d9-473b-8281-a1810d108faf","jsonrpc":"2.0","result":{"contextId":"e31a2e8f-4608-4041-a14b-2ce993f4fe49","final":false,"kind":"status-update","status":{"state":"working","timestamp":"2025-09-14T22:20:43.065431+00:00"},"taskId":"fc35ab7f-21c8-47a3-bb9b-a4a54552b31c"}}\r\n\r\n'
2025-09-15 05:20:43,082 - DEBUG - Start async tracer
2025-09-15 05:20:43,082 - DEBUG - Attempting to dequeue event (waiting).
2025-09-15 05:20:43,083 - ERROR - CostAgentExecutor error: 'dict' object has no attribute 'data'
2025-09-15 05:20:43,083 - DEBUG - Start async tracer
2025-09-15 05:20:43,083 - DEBUG - Enqueuing event of type: <class 'a2a.types.TaskStatusUpdateEvent'>
2025-09-15 05:20:43,083 - DEBUG - Start async tracer
2025-09-15 05:20:43,083 - DEBUG - Closing EventQueue.
2025-09-15 05:20:43,083 - DEBUG - Dequeued event (waited) of type: <class 'a2a.types.TaskStatusUpdateEvent'>
2025-09-15 05:20:43,083 - DEBUG - Dequeued event of type: <class 'a2a.types.TaskStatusUpdateEvent'> in consume_all.
2025-09-15 05:20:43,083 - DEBUG - Marking task as done in EventQueue.
2025-09-15 05:20:43,083 - DEBUG - Marked task as done in event queue in consume_all
2025-09-15 05:20:43,083 - DEBUG - Stopping event consumption in consume_all.
2025-09-15 05:20:43,083 - DEBUG - Start async tracer
2025-09-15 05:20:43,083 - DEBUG - Closing EventQueue.
2025-09-15 05:20:43,085 - DEBUG - Processing save of task event of type TaskStatusUpdateEvent for task_id: fc35ab7f-21c8-47a3-bb9b-a4a54552b31c
2025-09-15 05:20:43,085 - DEBUG - Updating task fc35ab7f-21c8-47a3-bb9b-a4a54552b31c status to: TaskState.failed
2025-09-15 05:20:43,085 - DEBUG - Saving task with id: fc35ab7f-21c8-47a3-bb9b-a4a54552b31c
2025-09-15 05:20:43,085 - DEBUG - Task fc35ab7f-21c8-47a3-bb9b-a4a54552b31c saved successfully.
2025-09-15 05:20:43,085 - DEBUG - Start async tracer
2025-09-15 05:20:43,085 - DEBUG - chunk: b'data: {"id":"a5f1b1cb-b3d9-473b-8281-a1810d108faf","jsonrpc":"2.0","result":{"contextId":"e31a2e8f-4608-4041-a14b-2ce993f4fe49","final":true,"kind":"status-update","status":{"state":"failed","timestamp":"2025-09-14T22:20:43.083702+00:00"},"taskId":"fc35ab7f-21c8-47a3-bb9b-a4a54552b31c"}}\r\n\r\n'
2025-09-15 05:20:43,085 - DEBUG - Start async tracer
2025-09-15 05:20:43,088 - DEBUG - Agent task callback triggered.
2025-09-15 05:20:43,089 - DEBUG - Start async tracer
2025-09-15 05:20:43,089 - DEBUG - Start async tracer
2025-09-15 05:20:43,089 - DEBUG - Closing EventQueue.
2025-09-15 05:20:43,090 - DEBUG - Got event: http.disconnect. Stop streaming.
2025-09-15 05:20:44,095 - WARNING - Retrying langchain_google_genai.chat_models._achat_with_retry.<locals>._achat_with_retry in 2.0 seconds as it raised ResourceExhausted: 429 You exceeded your current quota, please check your plan and billing details. For more information on this error, head to: https://ai.google.dev/gemini-api/docs/rate-limits. [violations {
  quota_metric: "generativelanguage.googleapis.com/generate_content_free_tier_requests"
  quota_id: "GenerateRequestsPerDayPerProjectPerModel-FreeTier"
  quota_dimensions {
    key: "model"
    value: "gemini-1.5-flash"
  }
  quota_dimensions {
    key: "location"
    value: "global"
  }
  quota_value: 50
}
, links {
  description: "Learn more about Gemini API quotas"
  url: "https://ai.google.dev/gemini-api/docs/rate-limits"
}
, retry_delay {
  seconds: 15
}
].
2025-09-15 05:20:46,419 - ERROR - Task exception was never retrieved
future: <Task finished name='Task-640' coro=<<async_generator_athrow without __name__>()> exception=ResourceExhausted('You exceeded your current quota, please check your plan and billing details. For more information on this error, head to: https://ai.google.dev/gemini-api/docs/rate-limits.')>
Traceback (most recent call last):
  File "D:\DEMO CHAT BOT\.venv\Lib\site-packages\langchain_core\tracers\log_stream.py", line 706, in _astream_log_implementation
    await task
  File "D:\DEMO CHAT BOT\.venv\Lib\site-packages\langchain_core\tracers\log_stream.py", line 658, in consume_astream
    async for chunk in runnable.astream(value, config, **kwargs):
  File "D:\DEMO CHAT BOT\.venv\Lib\site-packages\langgraph\pregel\main.py", line 2928, in astream
    async for _ in runner.atick(
  File "D:\DEMO CHAT BOT\.venv\Lib\site-packages\langgraph\pregel\_runner.py", line 295, in atick
    await arun_with_retry(
  File "D:\DEMO CHAT BOT\.venv\Lib\site-packages\langgraph\pregel\_retry.py", line 132, in arun_with_retry
    async for _ in task.proc.astream(task.input, config):
  File "D:\DEMO CHAT BOT\.venv\Lib\site-packages\langgraph\_internal\_runnable.py", line 840, in astream
    output = await asyncio.create_task(
             ^^^^^^^^^^^^^^^^^^^^^^^^^^
  File "D:\DEMO CHAT BOT\.venv\Lib\site-packages\langgraph\_internal\_runnable.py", line 905, in _consume_aiter
    async for chunk in it:
  File "D:\DEMO CHAT BOT\.venv\Lib\site-packages\langchain_core\tracers\log_stream.py", line 283, in tap_output_aiter
    async for chunk in output:
  File "D:\DEMO CHAT BOT\.venv\Lib\site-packages\langchain_core\runnables\base.py", line 1470, in atransform
    async for ichunk in input:
  File "D:\DEMO CHAT BOT\.venv\Lib\site-packages\langchain_core\runnables\base.py", line 1470, in atransform
    async for ichunk in input:
  File "D:\DEMO CHAT BOT\.venv\Lib\site-packages\langchain_core\runnables\base.py", line 1034, in astream
    yield await self.ainvoke(input, config, **kwargs)
          ^^^^^^^^^^^^^^^^^^^^^^^^^^^^^^^^^^^^^^^^^^^
  File "D:\DEMO CHAT BOT\.venv\Lib\site-packages\langgraph\_internal\_runnable.py", line 465, in ainvoke
    ret = await asyncio.create_task(coro, context=context)
          ^^^^^^^^^^^^^^^^^^^^^^^^^^^^^^^^^^^^^^^^^^^^^^^^
  File "D:\DEMO CHAT BOT\.venv\Lib\site-packages\langgraph\prebuilt\chat_agent_executor.py", line 651, in acall_model
    response = cast(AIMessage, await static_model.ainvoke(model_input, config))  # type: ignore[union-attr]
                               ^^^^^^^^^^^^^^^^^^^^^^^^^^^^^^^^^^^^^^^^^^^^^^^
  File "D:\DEMO CHAT BOT\.venv\Lib\site-packages\langchain_core\runnables\base.py", line 3088, in ainvoke
    input_ = await coro_with_context(part(), context, create_task=True)
             ^^^^^^^^^^^^^^^^^^^^^^^^^^^^^^^^^^^^^^^^^^^^^^^^^^^^^^^^^^
  File "D:\DEMO CHAT BOT\.venv\Lib\site-packages\langchain_core\runnables\base.py", line 5447, in ainvoke
    return await self.bound.ainvoke(
           ^^^^^^^^^^^^^^^^^^^^^^^^^
  File "D:\DEMO CHAT BOT\.venv\Lib\site-packages\langchain_core\language_models\chat_models.py", line 417, in ainvoke
    llm_result = await self.agenerate_prompt(
                 ^^^^^^^^^^^^^^^^^^^^^^^^^^^^
  File "D:\DEMO CHAT BOT\.venv\Lib\site-packages\langchain_core\language_models\chat_models.py", line 991, in agenerate_prompt
    return await self.agenerate(
           ^^^^^^^^^^^^^^^^^^^^^
  File "D:\DEMO CHAT BOT\.venv\Lib\site-packages\langchain_core\language_models\chat_models.py", line 949, in agenerate
    raise exceptions[0]
  File "D:\DEMO CHAT BOT\.venv\Lib\site-packages\langchain_core\language_models\chat_models.py", line 1106, in _agenerate_with_cache
    async for chunk in self._astream(messages, stop=stop, **kwargs):
  File "D:\DEMO CHAT BOT\.venv\Lib\site-packages\langchain_google_genai\chat_models.py", line 1595, in _astream
    async for chunk in await _achat_with_retry(
                       ^^^^^^^^^^^^^^^^^^^^^^^^
  File "D:\DEMO CHAT BOT\.venv\Lib\site-packages\langchain_google_genai\chat_models.py", line 271, in _achat_with_retry
    return await _achat_with_retry(**params)
           ^^^^^^^^^^^^^^^^^^^^^^^^^^^^^^^^^
  File "D:\DEMO CHAT BOT\.venv\Lib\site-packages\tenacity\asyncio\__init__.py", line 189, in async_wrapped
    return await copy(fn, *args, **kwargs)
           ^^^^^^^^^^^^^^^^^^^^^^^^^^^^^^^
  File "D:\DEMO CHAT BOT\.venv\Lib\site-packages\tenacity\asyncio\__init__.py", line 111, in __call__
    do = await self.iter(retry_state=retry_state)
         ^^^^^^^^^^^^^^^^^^^^^^^^^^^^^^^^^^^^^^^^
  File "D:\DEMO CHAT BOT\.venv\Lib\site-packages\tenacity\asyncio\__init__.py", line 153, in iter
    result = await action(retry_state)
             ^^^^^^^^^^^^^^^^^^^^^^^^^
  File "D:\DEMO CHAT BOT\.venv\Lib\site-packages\tenacity\_utils.py", line 99, in inner
    return call(*args, **kwargs)
           ^^^^^^^^^^^^^^^^^^^^^
  File "D:\DEMO CHAT BOT\.venv\Lib\site-packages\tenacity\__init__.py", line 418, in exc_check
    raise retry_exc.reraise()
          ^^^^^^^^^^^^^^^^^^^
  File "D:\DEMO CHAT BOT\.venv\Lib\site-packages\tenacity\__init__.py", line 185, in reraise
    raise self.last_attempt.result()
          ^^^^^^^^^^^^^^^^^^^^^^^^^^
  File "E:\ANACONDA\Lib\concurrent\futures\_base.py", line 449, in result
    return self.__get_result()
           ^^^^^^^^^^^^^^^^^^^
  File "E:\ANACONDA\Lib\concurrent\futures\_base.py", line 401, in __get_result
    raise self._exception
  File "D:\DEMO CHAT BOT\.venv\Lib\site-packages\tenacity\asyncio\__init__.py", line 114, in __call__
    result = await fn(*args, **kwargs)
             ^^^^^^^^^^^^^^^^^^^^^^^^^
  File "D:\DEMO CHAT BOT\.venv\Lib\site-packages\langchain_google_genai\chat_models.py", line 262, in _achat_with_retry
    raise e
  File "D:\DEMO CHAT BOT\.venv\Lib\site-packages\langchain_google_genai\chat_models.py", line 255, in _achat_with_retry
    return await generation_method(**kwargs)
           ^^^^^^^^^^^^^^^^^^^^^^^^^^^^^^^^^
  File "D:\DEMO CHAT BOT\.venv\Lib\site-packages\google\api_core\retry\retry_unary_async.py", line 231, in retry_wrapped_func
    return await retry_target(
           ^^^^^^^^^^^^^^^^^^^
  File "D:\DEMO CHAT BOT\.venv\Lib\site-packages\google\api_core\retry\retry_unary_async.py", line 163, in retry_target
    next_sleep = _retry_error_helper(
                 ^^^^^^^^^^^^^^^^^^^^
  File "D:\DEMO CHAT BOT\.venv\Lib\site-packages\google\api_core\retry\retry_base.py", line 214, in _retry_error_helper
    raise final_exc from source_exc
  File "D:\DEMO CHAT BOT\.venv\Lib\site-packages\google\api_core\retry\retry_unary_async.py", line 158, in retry_target
    return await target()
           ^^^^^^^^^^^^^^
  File "D:\DEMO CHAT BOT\.venv\Lib\site-packages\google\api_core\grpc_helpers_async.py", line 178, in error_remapped_callable
    await call.wait_for_connection()
  File "D:\DEMO CHAT BOT\.venv\Lib\site-packages\google\api_core\grpc_helpers_async.py", line 79, in wait_for_connection
    raise exceptions.from_grpc_error(rpc_error) from rpc_error
google.api_core.exceptions.ResourceExhausted: 429 You exceeded your current quota, please check your plan and billing details. For more information on this error, head to: https://ai.google.dev/gemini-api/docs/rate-limits. [violations {
  quota_metric: "generativelanguage.googleapis.com/generate_content_free_tier_requests"
  quota_id: "GenerateRequestsPerDayPerProjectPerModel-FreeTier"
  quota_dimensions {
    key: "model"
    value: "gemini-1.5-flash"
  }
  quota_dimensions {
    key: "location"
    value: "global"
  }
  quota_value: 50
}
, links {
  description: "Learn more about Gemini API quotas"
  url: "https://ai.google.dev/gemini-api/docs/rate-limits"
}
, retry_delay {
  seconds: 13
}
]
During task with name 'agent' and id 'ec642f00-2a6d-2856-79b8-9b561fc4bb04'
2025-09-15 05:47:08,209 - DEBUG - Start async tracer
2025-09-15 05:47:08,209 - DEBUG - TaskManager initialized with task_id: None, context_id: None
2025-09-15 05:47:08,209 - DEBUG - task_id is not set, cannot get task.
2025-09-15 05:47:08,209 - DEBUG - Start async tracer
2025-09-15 05:47:08,209 - DEBUG - EventQueue initialized.
2025-09-15 05:47:08,209 - DEBUG - Start async tracer
2025-09-15 05:47:08,209 - DEBUG - EventConsumer initialized
2025-09-15 05:47:08,209 - DEBUG - Starting to consume all events from the queue.
2025-09-15 05:47:08,209 - DEBUG - Start async tracer
2025-09-15 05:47:08,209 - DEBUG - Attempting to dequeue event (waiting).
2025-09-15 05:47:08,209 - DEBUG - Start async tracer
2025-09-15 05:47:08,209 - DEBUG - Start async tracer
2025-09-15 05:47:08,209 - DEBUG - Enqueuing event of type: <class 'a2a.types.TaskStatusUpdateEvent'>
2025-09-15 05:47:08,209 - DEBUG - Start async tracer
2025-09-15 05:47:08,209 - DEBUG - Enqueuing event of type: <class 'a2a.types.TaskStatusUpdateEvent'>
2025-09-15 05:47:08,224 - DEBUG - Dequeued event (waited) of type: <class 'a2a.types.TaskStatusUpdateEvent'>
2025-09-15 05:47:08,224 - DEBUG - Dequeued event of type: <class 'a2a.types.TaskStatusUpdateEvent'> in consume_all.
2025-09-15 05:47:08,224 - DEBUG - Marking task as done in EventQueue.
2025-09-15 05:47:08,224 - DEBUG - Marked task as done in event queue in consume_all
2025-09-15 05:47:08,224 - DEBUG - Processing save of task event of type TaskStatusUpdateEvent for task_id: f1c944a6-75b0-4cd5-9f77-1ba6a07fbf78
2025-09-15 05:47:08,224 - DEBUG - Attempting to retrieve existing task with id: f1c944a6-75b0-4cd5-9f77-1ba6a07fbf78
2025-09-15 05:47:08,224 - DEBUG - Attempting to get task with id: f1c944a6-75b0-4cd5-9f77-1ba6a07fbf78
2025-09-15 05:47:08,224 - DEBUG - Task f1c944a6-75b0-4cd5-9f77-1ba6a07fbf78 not found in store.
2025-09-15 05:47:08,224 - INFO - Task not found or task_id not set. Creating new task for event (task_id: f1c944a6-75b0-4cd5-9f77-1ba6a07fbf78, context_id: 3a4f1d16-3c65-4ad1-a7a8-2331ed639078).
2025-09-15 05:47:08,224 - DEBUG - Initializing new Task object with task_id: f1c944a6-75b0-4cd5-9f77-1ba6a07fbf78, context_id: 3a4f1d16-3c65-4ad1-a7a8-2331ed639078
2025-09-15 05:47:08,224 - DEBUG - Saving task with id: f1c944a6-75b0-4cd5-9f77-1ba6a07fbf78
2025-09-15 05:47:08,224 - DEBUG - Task f1c944a6-75b0-4cd5-9f77-1ba6a07fbf78 saved successfully.
2025-09-15 05:47:08,224 - DEBUG - Updating task f1c944a6-75b0-4cd5-9f77-1ba6a07fbf78 status to: TaskState.submitted
2025-09-15 05:47:08,229 - DEBUG - Saving task with id: f1c944a6-75b0-4cd5-9f77-1ba6a07fbf78
2025-09-15 05:47:08,229 - DEBUG - Task f1c944a6-75b0-4cd5-9f77-1ba6a07fbf78 saved successfully.
2025-09-15 05:47:08,229 - DEBUG - Start async tracer
2025-09-15 05:47:08,229 - DEBUG - chunk: b'data: {"id":"59633e98-a35d-463c-afde-be211f696b9b","jsonrpc":"2.0","result":{"contextId":"3a4f1d16-3c65-4ad1-a7a8-2331ed639078","final":false,"kind":"status-update","status":{"state":"submitted","timestamp":"2025-09-14T22:47:08.209193+00:00"},"taskId":"f1c944a6-75b0-4cd5-9f77-1ba6a07fbf78"}}\r\n\r\n'
2025-09-15 05:47:08,229 - DEBUG - Start async tracer
2025-09-15 05:47:08,229 - DEBUG - Attempting to dequeue event (waiting).
2025-09-15 05:47:08,229 - DEBUG - Dequeued event (waited) of type: <class 'a2a.types.TaskStatusUpdateEvent'>
2025-09-15 05:47:08,229 - DEBUG - Dequeued event of type: <class 'a2a.types.TaskStatusUpdateEvent'> in consume_all.
2025-09-15 05:47:08,229 - DEBUG - Marking task as done in EventQueue.
2025-09-15 05:47:08,229 - DEBUG - Marked task as done in event queue in consume_all
2025-09-15 05:47:08,229 - DEBUG - Processing save of task event of type TaskStatusUpdateEvent for task_id: f1c944a6-75b0-4cd5-9f77-1ba6a07fbf78
2025-09-15 05:47:08,229 - DEBUG - Updating task f1c944a6-75b0-4cd5-9f77-1ba6a07fbf78 status to: TaskState.working
2025-09-15 05:47:08,229 - DEBUG - Saving task with id: f1c944a6-75b0-4cd5-9f77-1ba6a07fbf78
2025-09-15 05:47:08,229 - DEBUG - Task f1c944a6-75b0-4cd5-9f77-1ba6a07fbf78 saved successfully.
2025-09-15 05:47:08,229 - DEBUG - Start async tracer
2025-09-15 05:47:08,229 - DEBUG - chunk: b'data: {"id":"59633e98-a35d-463c-afde-be211f696b9b","jsonrpc":"2.0","result":{"contextId":"3a4f1d16-3c65-4ad1-a7a8-2331ed639078","final":false,"kind":"status-update","status":{"state":"working","timestamp":"2025-09-14T22:47:08.209193+00:00"},"taskId":"f1c944a6-75b0-4cd5-9f77-1ba6a07fbf78"}}\r\n\r\n'
2025-09-15 05:47:08,229 - DEBUG - Start async tracer
2025-09-15 05:47:08,229 - DEBUG - Attempting to dequeue event (waiting).
2025-09-15 05:47:08,233 - ERROR - CostAgentExecutor error: 'dict' object has no attribute 'data'
2025-09-15 05:47:08,233 - DEBUG - Start async tracer
2025-09-15 05:47:08,233 - DEBUG - Enqueuing event of type: <class 'a2a.types.TaskStatusUpdateEvent'>
2025-09-15 05:47:08,233 - DEBUG - Start async tracer
2025-09-15 05:47:08,233 - DEBUG - Closing EventQueue.
2025-09-15 05:47:08,233 - DEBUG - Dequeued event (waited) of type: <class 'a2a.types.TaskStatusUpdateEvent'>
2025-09-15 05:47:08,233 - DEBUG - Dequeued event of type: <class 'a2a.types.TaskStatusUpdateEvent'> in consume_all.
2025-09-15 05:47:08,233 - DEBUG - Marking task as done in EventQueue.
2025-09-15 05:47:08,235 - DEBUG - Marked task as done in event queue in consume_all
2025-09-15 05:47:08,235 - DEBUG - Stopping event consumption in consume_all.
2025-09-15 05:47:08,235 - DEBUG - Start async tracer
2025-09-15 05:47:08,235 - DEBUG - Closing EventQueue.
2025-09-15 05:47:08,235 - DEBUG - Processing save of task event of type TaskStatusUpdateEvent for task_id: f1c944a6-75b0-4cd5-9f77-1ba6a07fbf78
2025-09-15 05:47:08,235 - DEBUG - Updating task f1c944a6-75b0-4cd5-9f77-1ba6a07fbf78 status to: TaskState.failed
2025-09-15 05:47:08,235 - DEBUG - Saving task with id: f1c944a6-75b0-4cd5-9f77-1ba6a07fbf78
2025-09-15 05:47:08,235 - DEBUG - Task f1c944a6-75b0-4cd5-9f77-1ba6a07fbf78 saved successfully.
2025-09-15 05:47:08,235 - DEBUG - Start async tracer
2025-09-15 05:47:08,235 - DEBUG - chunk: b'data: {"id":"59633e98-a35d-463c-afde-be211f696b9b","jsonrpc":"2.0","result":{"contextId":"3a4f1d16-3c65-4ad1-a7a8-2331ed639078","final":true,"kind":"status-update","status":{"state":"failed","timestamp":"2025-09-14T22:47:08.233345+00:00"},"taskId":"f1c944a6-75b0-4cd5-9f77-1ba6a07fbf78"}}\r\n\r\n'
2025-09-15 05:47:08,235 - DEBUG - Start async tracer
2025-09-15 05:47:08,239 - DEBUG - Agent task callback triggered.
2025-09-15 05:47:08,239 - DEBUG - Start async tracer
2025-09-15 05:47:08,239 - DEBUG - Start async tracer
2025-09-15 05:47:08,239 - DEBUG - Closing EventQueue.
2025-09-15 05:47:08,241 - DEBUG - Got event: http.disconnect. Stop streaming.
2025-09-15 05:47:09,594 - WARNING - Retrying langchain_google_genai.chat_models._achat_with_retry.<locals>._achat_with_retry in 2.0 seconds as it raised ResourceExhausted: 429 You exceeded your current quota, please check your plan and billing details. For more information on this error, head to: https://ai.google.dev/gemini-api/docs/rate-limits. [violations {
  quota_metric: "generativelanguage.googleapis.com/generate_content_free_tier_requests"
  quota_id: "GenerateRequestsPerDayPerProjectPerModel-FreeTier"
  quota_dimensions {
    key: "model"
    value: "gemini-1.5-flash"
  }
  quota_dimensions {
    key: "location"
    value: "global"
  }
  quota_value: 50
}
, links {
  description: "Learn more about Gemini API quotas"
  url: "https://ai.google.dev/gemini-api/docs/rate-limits"
}
, retry_delay {
  seconds: 50
}
].
2025-09-15 05:47:11,844 - ERROR - Task exception was never retrieved
future: <Task finished name='Task-683' coro=<<async_generator_athrow without __name__>()> exception=ResourceExhausted('You exceeded your current quota, please check your plan and billing details. For more information on this error, head to: https://ai.google.dev/gemini-api/docs/rate-limits.')>
Traceback (most recent call last):
  File "D:\DEMO CHAT BOT\.venv\Lib\site-packages\langchain_core\tracers\log_stream.py", line 706, in _astream_log_implementation
    await task
  File "D:\DEMO CHAT BOT\.venv\Lib\site-packages\langchain_core\tracers\log_stream.py", line 658, in consume_astream
    async for chunk in runnable.astream(value, config, **kwargs):
  File "D:\DEMO CHAT BOT\.venv\Lib\site-packages\langgraph\pregel\main.py", line 2928, in astream
    async for _ in runner.atick(
  File "D:\DEMO CHAT BOT\.venv\Lib\site-packages\langgraph\pregel\_runner.py", line 295, in atick
    await arun_with_retry(
  File "D:\DEMO CHAT BOT\.venv\Lib\site-packages\langgraph\pregel\_retry.py", line 132, in arun_with_retry
    async for _ in task.proc.astream(task.input, config):
  File "D:\DEMO CHAT BOT\.venv\Lib\site-packages\langgraph\_internal\_runnable.py", line 840, in astream
    output = await asyncio.create_task(
             ^^^^^^^^^^^^^^^^^^^^^^^^^^
  File "D:\DEMO CHAT BOT\.venv\Lib\site-packages\langgraph\_internal\_runnable.py", line 905, in _consume_aiter
    async for chunk in it:
  File "D:\DEMO CHAT BOT\.venv\Lib\site-packages\langchain_core\tracers\log_stream.py", line 283, in tap_output_aiter
    async for chunk in output:
  File "D:\DEMO CHAT BOT\.venv\Lib\site-packages\langchain_core\runnables\base.py", line 1470, in atransform
    async for ichunk in input:
  File "D:\DEMO CHAT BOT\.venv\Lib\site-packages\langchain_core\runnables\base.py", line 1034, in astream
    yield await self.ainvoke(input, config, **kwargs)
          ^^^^^^^^^^^^^^^^^^^^^^^^^^^^^^^^^^^^^^^^^^^
  File "D:\DEMO CHAT BOT\.venv\Lib\site-packages\langgraph\_internal\_runnable.py", line 465, in ainvoke
    ret = await asyncio.create_task(coro, context=context)
          ^^^^^^^^^^^^^^^^^^^^^^^^^^^^^^^^^^^^^^^^^^^^^^^^
  File "D:\DEMO CHAT BOT\.venv\Lib\site-packages\langgraph\prebuilt\chat_agent_executor.py", line 728, in agenerate_structured_response
    response = await model_with_structured_output.ainvoke(messages, config)
               ^^^^^^^^^^^^^^^^^^^^^^^^^^^^^^^^^^^^^^^^^^^^^^^^^^^^^^^^^^^^
  File "D:\DEMO CHAT BOT\.venv\Lib\site-packages\langchain_core\runnables\base.py", line 3088, in ainvoke
    input_ = await coro_with_context(part(), context, create_task=True)
             ^^^^^^^^^^^^^^^^^^^^^^^^^^^^^^^^^^^^^^^^^^^^^^^^^^^^^^^^^^
  File "D:\DEMO CHAT BOT\.venv\Lib\site-packages\langchain_core\runnables\base.py", line 5447, in ainvoke
    return await self.bound.ainvoke(
           ^^^^^^^^^^^^^^^^^^^^^^^^^
  File "D:\DEMO CHAT BOT\.venv\Lib\site-packages\langchain_core\language_models\chat_models.py", line 417, in ainvoke
    llm_result = await self.agenerate_prompt(
                 ^^^^^^^^^^^^^^^^^^^^^^^^^^^^
  File "D:\DEMO CHAT BOT\.venv\Lib\site-packages\langchain_core\language_models\chat_models.py", line 991, in agenerate_prompt
    return await self.agenerate(
           ^^^^^^^^^^^^^^^^^^^^^
  File "D:\DEMO CHAT BOT\.venv\Lib\site-packages\langchain_core\language_models\chat_models.py", line 949, in agenerate
    raise exceptions[0]
  File "D:\DEMO CHAT BOT\.venv\Lib\site-packages\langchain_core\language_models\chat_models.py", line 1106, in _agenerate_with_cache
    async for chunk in self._astream(messages, stop=stop, **kwargs):
  File "D:\DEMO CHAT BOT\.venv\Lib\site-packages\langchain_google_genai\chat_models.py", line 1595, in _astream
    async for chunk in await _achat_with_retry(
                       ^^^^^^^^^^^^^^^^^^^^^^^^
  File "D:\DEMO CHAT BOT\.venv\Lib\site-packages\langchain_google_genai\chat_models.py", line 271, in _achat_with_retry
    return await _achat_with_retry(**params)
           ^^^^^^^^^^^^^^^^^^^^^^^^^^^^^^^^^
  File "D:\DEMO CHAT BOT\.venv\Lib\site-packages\tenacity\asyncio\__init__.py", line 189, in async_wrapped
    return await copy(fn, *args, **kwargs)
           ^^^^^^^^^^^^^^^^^^^^^^^^^^^^^^^
  File "D:\DEMO CHAT BOT\.venv\Lib\site-packages\tenacity\asyncio\__init__.py", line 111, in __call__
    do = await self.iter(retry_state=retry_state)
         ^^^^^^^^^^^^^^^^^^^^^^^^^^^^^^^^^^^^^^^^
  File "D:\DEMO CHAT BOT\.venv\Lib\site-packages\tenacity\asyncio\__init__.py", line 153, in iter
    result = await action(retry_state)
             ^^^^^^^^^^^^^^^^^^^^^^^^^
  File "D:\DEMO CHAT BOT\.venv\Lib\site-packages\tenacity\_utils.py", line 99, in inner
    return call(*args, **kwargs)
           ^^^^^^^^^^^^^^^^^^^^^
  File "D:\DEMO CHAT BOT\.venv\Lib\site-packages\tenacity\__init__.py", line 418, in exc_check
    raise retry_exc.reraise()
          ^^^^^^^^^^^^^^^^^^^
  File "D:\DEMO CHAT BOT\.venv\Lib\site-packages\tenacity\__init__.py", line 185, in reraise
    raise self.last_attempt.result()
          ^^^^^^^^^^^^^^^^^^^^^^^^^^
  File "E:\ANACONDA\Lib\concurrent\futures\_base.py", line 449, in result
    return self.__get_result()
           ^^^^^^^^^^^^^^^^^^^
  File "E:\ANACONDA\Lib\concurrent\futures\_base.py", line 401, in __get_result
    raise self._exception
  File "D:\DEMO CHAT BOT\.venv\Lib\site-packages\tenacity\asyncio\__init__.py", line 114, in __call__
    result = await fn(*args, **kwargs)
             ^^^^^^^^^^^^^^^^^^^^^^^^^
  File "D:\DEMO CHAT BOT\.venv\Lib\site-packages\langchain_google_genai\chat_models.py", line 262, in _achat_with_retry
    raise e
  File "D:\DEMO CHAT BOT\.venv\Lib\site-packages\langchain_google_genai\chat_models.py", line 255, in _achat_with_retry
    return await generation_method(**kwargs)
           ^^^^^^^^^^^^^^^^^^^^^^^^^^^^^^^^^
  File "D:\DEMO CHAT BOT\.venv\Lib\site-packages\google\api_core\retry\retry_unary_async.py", line 231, in retry_wrapped_func
    return await retry_target(
           ^^^^^^^^^^^^^^^^^^^
  File "D:\DEMO CHAT BOT\.venv\Lib\site-packages\google\api_core\retry\retry_unary_async.py", line 163, in retry_target
    next_sleep = _retry_error_helper(
                 ^^^^^^^^^^^^^^^^^^^^
  File "D:\DEMO CHAT BOT\.venv\Lib\site-packages\google\api_core\retry\retry_base.py", line 214, in _retry_error_helper
    raise final_exc from source_exc
  File "D:\DEMO CHAT BOT\.venv\Lib\site-packages\google\api_core\retry\retry_unary_async.py", line 158, in retry_target
    return await target()
           ^^^^^^^^^^^^^^
  File "D:\DEMO CHAT BOT\.venv\Lib\site-packages\google\api_core\grpc_helpers_async.py", line 178, in error_remapped_callable
    await call.wait_for_connection()
  File "D:\DEMO CHAT BOT\.venv\Lib\site-packages\google\api_core\grpc_helpers_async.py", line 79, in wait_for_connection
    raise exceptions.from_grpc_error(rpc_error) from rpc_error
google.api_core.exceptions.ResourceExhausted: 429 You exceeded your current quota, please check your plan and billing details. For more information on this error, head to: https://ai.google.dev/gemini-api/docs/rate-limits. [violations {
  quota_metric: "generativelanguage.googleapis.com/generate_content_free_tier_requests"
  quota_id: "GenerateRequestsPerDayPerProjectPerModel-FreeTier"
  quota_dimensions {
    key: "model"
    value: "gemini-1.5-flash"
  }
  quota_dimensions {
    key: "location"
    value: "global"
  }
  quota_value: 50
}
, links {
  description: "Learn more about Gemini API quotas"
  url: "https://ai.google.dev/gemini-api/docs/rate-limits"
}
, retry_delay {
  seconds: 48
}
]
During task with name 'generate_structured_response' and id '527de2c3-6229-a60c-e477-294c1c08df37'
2025-09-15 05:48:42,428 - INFO - Use pytorch device_name: cpu
2025-09-15 05:48:42,429 - INFO - Load pretrained SentenceTransformer: paraphrase-multilingual-MiniLM-L12-v2
2025-09-15 05:48:42,431 - DEBUG - Starting new HTTPS connection (1): huggingface.co:443
2025-09-15 05:48:50,289 - DEBUG - https://huggingface.co:443 "HEAD /sentence-transformers/paraphrase-multilingual-MiniLM-L12-v2/resolve/main/modules.json HTTP/1.1" 307 0
2025-09-15 05:48:50,301 - DEBUG - https://huggingface.co:443 "HEAD /api/resolve-cache/models/sentence-transformers/paraphrase-multilingual-MiniLM-L12-v2/86741b4e3f5cb7765a600d3a3d55a0f6a6cb443d/modules.json HTTP/1.1" 200 0
2025-09-15 05:48:50,569 - DEBUG - https://huggingface.co:443 "HEAD /sentence-transformers/paraphrase-multilingual-MiniLM-L12-v2/resolve/main/config_sentence_transformers.json HTTP/1.1" 307 0
2025-09-15 05:48:50,589 - DEBUG - https://huggingface.co:443 "HEAD /api/resolve-cache/models/sentence-transformers/paraphrase-multilingual-MiniLM-L12-v2/86741b4e3f5cb7765a600d3a3d55a0f6a6cb443d/config_sentence_transformers.json HTTP/1.1" 200 0
2025-09-15 05:48:50,879 - DEBUG - https://huggingface.co:443 "HEAD /sentence-transformers/paraphrase-multilingual-MiniLM-L12-v2/resolve/main/config_sentence_transformers.json HTTP/1.1" 307 0
2025-09-15 05:48:50,889 - DEBUG - https://huggingface.co:443 "HEAD /api/resolve-cache/models/sentence-transformers/paraphrase-multilingual-MiniLM-L12-v2/86741b4e3f5cb7765a600d3a3d55a0f6a6cb443d/config_sentence_transformers.json HTTP/1.1" 200 0
2025-09-15 05:48:51,151 - DEBUG - https://huggingface.co:443 "HEAD /sentence-transformers/paraphrase-multilingual-MiniLM-L12-v2/resolve/main/README.md HTTP/1.1" 307 0
2025-09-15 05:48:51,165 - DEBUG - https://huggingface.co:443 "HEAD /api/resolve-cache/models/sentence-transformers/paraphrase-multilingual-MiniLM-L12-v2/86741b4e3f5cb7765a600d3a3d55a0f6a6cb443d/README.md HTTP/1.1" 200 0
2025-09-15 05:48:51,439 - DEBUG - https://huggingface.co:443 "HEAD /sentence-transformers/paraphrase-multilingual-MiniLM-L12-v2/resolve/main/modules.json HTTP/1.1" 307 0
2025-09-15 05:48:51,439 - DEBUG - https://huggingface.co:443 "HEAD /api/resolve-cache/models/sentence-transformers/paraphrase-multilingual-MiniLM-L12-v2/86741b4e3f5cb7765a600d3a3d55a0f6a6cb443d/modules.json HTTP/1.1" 200 0
2025-09-15 05:48:51,727 - DEBUG - https://huggingface.co:443 "HEAD /sentence-transformers/paraphrase-multilingual-MiniLM-L12-v2/resolve/main/sentence_bert_config.json HTTP/1.1" 307 0
2025-09-15 05:48:51,729 - DEBUG - https://huggingface.co:443 "HEAD /api/resolve-cache/models/sentence-transformers/paraphrase-multilingual-MiniLM-L12-v2/86741b4e3f5cb7765a600d3a3d55a0f6a6cb443d/sentence_bert_config.json HTTP/1.1" 200 0
2025-09-15 05:48:52,038 - DEBUG - https://huggingface.co:443 "HEAD /sentence-transformers/paraphrase-multilingual-MiniLM-L12-v2/resolve/main/adapter_config.json HTTP/1.1" 404 0
2025-09-15 05:48:52,299 - DEBUG - https://huggingface.co:443 "HEAD /sentence-transformers/paraphrase-multilingual-MiniLM-L12-v2/resolve/main/config.json HTTP/1.1" 307 0
2025-09-15 05:48:52,319 - DEBUG - https://huggingface.co:443 "HEAD /api/resolve-cache/models/sentence-transformers/paraphrase-multilingual-MiniLM-L12-v2/86741b4e3f5cb7765a600d3a3d55a0f6a6cb443d/config.json HTTP/1.1" 200 0
2025-09-15 05:48:52,679 - DEBUG - https://huggingface.co:443 "HEAD /sentence-transformers/paraphrase-multilingual-MiniLM-L12-v2/resolve/main/tokenizer_config.json HTTP/1.1" 307 0
2025-09-15 05:48:52,688 - DEBUG - https://huggingface.co:443 "HEAD /api/resolve-cache/models/sentence-transformers/paraphrase-multilingual-MiniLM-L12-v2/86741b4e3f5cb7765a600d3a3d55a0f6a6cb443d/tokenizer_config.json HTTP/1.1" 200 0
2025-09-15 05:48:54,809 - DEBUG - https://huggingface.co:443 "GET /api/models/sentence-transformers/paraphrase-multilingual-MiniLM-L12-v2/tree/main/additional_chat_templates?recursive=False&expand=False HTTP/1.1" 404 64
2025-09-15 05:48:55,792 - DEBUG - https://huggingface.co:443 "HEAD /sentence-transformers/paraphrase-multilingual-MiniLM-L12-v2/resolve/main/1_Pooling/config.json HTTP/1.1" 307 0
2025-09-15 05:48:55,798 - DEBUG - https://huggingface.co:443 "HEAD /api/resolve-cache/models/sentence-transformers/paraphrase-multilingual-MiniLM-L12-v2/86741b4e3f5cb7765a600d3a3d55a0f6a6cb443d/1_Pooling%2Fconfig.json HTTP/1.1" 200 0
2025-09-15 05:48:56,091 - DEBUG - https://huggingface.co:443 "GET /api/models/sentence-transformers/paraphrase-multilingual-MiniLM-L12-v2 HTTP/1.1" 200 6132
2025-09-15 05:48:56,096 - DEBUG - Đã load model embedding: paraphrase-multilingual-MiniLM-L12-v2
2025-09-15 05:48:56,097 - DEBUG - Đang đọc file disease_specialty.json
2025-09-15 05:48:56,098 - DEBUG - Đang đọc file specialty_package.json
2025-09-15 05:48:56,100 - DEBUG - Đang đọc file package_cost.json
2025-09-15 05:48:56,101 - DEBUG - Hợp nhất các biến thể bệnh
2025-09-15 05:48:56,101 - DEBUG - Đã tạo index: 65 bệnh, 5 chuyên khoa, 10 gói
2025-09-15 05:48:56,349 - DEBUG - Using proactor: IocpProactor
2025-09-15 05:48:57,908 - DEBUG - Initializing InMemoryTaskStore
2025-09-15 05:50:09,349 - DEBUG - Start async tracer
2025-09-15 05:50:09,350 - DEBUG - TaskManager initialized with task_id: None, context_id: None
2025-09-15 05:50:09,350 - DEBUG - task_id is not set, cannot get task.
2025-09-15 05:50:09,350 - DEBUG - Start async tracer
2025-09-15 05:50:09,350 - DEBUG - EventQueue initialized.
2025-09-15 05:50:09,350 - DEBUG - Start async tracer
2025-09-15 05:50:09,352 - DEBUG - EventConsumer initialized
2025-09-15 05:50:09,352 - DEBUG - Starting to consume all events from the queue.
2025-09-15 05:50:09,352 - DEBUG - Start async tracer
2025-09-15 05:50:09,352 - DEBUG - Attempting to dequeue event (waiting).
2025-09-15 05:50:09,352 - DEBUG - Start async tracer
2025-09-15 05:50:09,352 - DEBUG - Start async tracer
2025-09-15 05:50:09,352 - DEBUG - Enqueuing event of type: <class 'a2a.types.TaskStatusUpdateEvent'>
2025-09-15 05:50:09,352 - DEBUG - Start async tracer
2025-09-15 05:50:09,353 - DEBUG - Enqueuing event of type: <class 'a2a.types.TaskStatusUpdateEvent'>
2025-09-15 05:50:09,378 - DEBUG - Dequeued event (waited) of type: <class 'a2a.types.TaskStatusUpdateEvent'>
2025-09-15 05:50:09,378 - DEBUG - Dequeued event of type: <class 'a2a.types.TaskStatusUpdateEvent'> in consume_all.
2025-09-15 05:50:09,378 - DEBUG - Marking task as done in EventQueue.
2025-09-15 05:50:09,378 - DEBUG - Marked task as done in event queue in consume_all
2025-09-15 05:50:09,378 - DEBUG - Processing save of task event of type TaskStatusUpdateEvent for task_id: 6cb01872-f90e-4acd-8f4b-a9b2a3264640
2025-09-15 05:50:09,378 - DEBUG - Attempting to retrieve existing task with id: 6cb01872-f90e-4acd-8f4b-a9b2a3264640
2025-09-15 05:50:09,378 - DEBUG - Attempting to get task with id: 6cb01872-f90e-4acd-8f4b-a9b2a3264640
2025-09-15 05:50:09,378 - DEBUG - Task 6cb01872-f90e-4acd-8f4b-a9b2a3264640 not found in store.
2025-09-15 05:50:09,378 - INFO - Task not found or task_id not set. Creating new task for event (task_id: 6cb01872-f90e-4acd-8f4b-a9b2a3264640, context_id: 90b62a3c-d024-48de-ba2c-ba55932b25e1).
2025-09-15 05:50:09,378 - DEBUG - Initializing new Task object with task_id: 6cb01872-f90e-4acd-8f4b-a9b2a3264640, context_id: 90b62a3c-d024-48de-ba2c-ba55932b25e1
2025-09-15 05:50:09,378 - DEBUG - Saving task with id: 6cb01872-f90e-4acd-8f4b-a9b2a3264640
2025-09-15 05:50:09,378 - DEBUG - Task 6cb01872-f90e-4acd-8f4b-a9b2a3264640 saved successfully.
2025-09-15 05:50:09,386 - DEBUG - Updating task 6cb01872-f90e-4acd-8f4b-a9b2a3264640 status to: TaskState.submitted
2025-09-15 05:50:09,386 - DEBUG - Saving task with id: 6cb01872-f90e-4acd-8f4b-a9b2a3264640
2025-09-15 05:50:09,386 - DEBUG - Task 6cb01872-f90e-4acd-8f4b-a9b2a3264640 saved successfully.
2025-09-15 05:50:09,386 - DEBUG - Start async tracer
2025-09-15 05:50:09,388 - DEBUG - chunk: b'data: {"id":"ff77ef92-39db-4980-b921-8fd6ce471af1","jsonrpc":"2.0","result":{"contextId":"90b62a3c-d024-48de-ba2c-ba55932b25e1","final":false,"kind":"status-update","status":{"state":"submitted","timestamp":"2025-09-14T22:50:09.352438+00:00"},"taskId":"6cb01872-f90e-4acd-8f4b-a9b2a3264640"}}\r\n\r\n'
2025-09-15 05:50:09,388 - DEBUG - Start async tracer
2025-09-15 05:50:09,388 - DEBUG - Attempting to dequeue event (waiting).
2025-09-15 05:50:09,388 - DEBUG - Dequeued event (waited) of type: <class 'a2a.types.TaskStatusUpdateEvent'>
2025-09-15 05:50:09,388 - DEBUG - Dequeued event of type: <class 'a2a.types.TaskStatusUpdateEvent'> in consume_all.
2025-09-15 05:50:09,388 - DEBUG - Marking task as done in EventQueue.
2025-09-15 05:50:09,388 - DEBUG - Marked task as done in event queue in consume_all
2025-09-15 05:50:09,388 - DEBUG - Processing save of task event of type TaskStatusUpdateEvent for task_id: 6cb01872-f90e-4acd-8f4b-a9b2a3264640
2025-09-15 05:50:09,388 - DEBUG - Updating task 6cb01872-f90e-4acd-8f4b-a9b2a3264640 status to: TaskState.working
2025-09-15 05:50:09,388 - DEBUG - Saving task with id: 6cb01872-f90e-4acd-8f4b-a9b2a3264640
2025-09-15 05:50:09,388 - DEBUG - Task 6cb01872-f90e-4acd-8f4b-a9b2a3264640 saved successfully.
2025-09-15 05:50:09,388 - DEBUG - Start async tracer
2025-09-15 05:50:09,388 - DEBUG - chunk: b'data: {"id":"ff77ef92-39db-4980-b921-8fd6ce471af1","jsonrpc":"2.0","result":{"contextId":"90b62a3c-d024-48de-ba2c-ba55932b25e1","final":false,"kind":"status-update","status":{"state":"working","timestamp":"2025-09-14T22:50:09.352438+00:00"},"taskId":"6cb01872-f90e-4acd-8f4b-a9b2a3264640"}}\r\n\r\n'
2025-09-15 05:50:09,388 - DEBUG - Start async tracer
2025-09-15 05:50:09,388 - DEBUG - Attempting to dequeue event (waiting).
2025-09-15 05:50:09,388 - ERROR - CostAgentExecutor error: 'dict' object has no attribute 'data'
2025-09-15 05:50:09,388 - DEBUG - Start async tracer
2025-09-15 05:50:09,388 - DEBUG - Enqueuing event of type: <class 'a2a.types.TaskStatusUpdateEvent'>
2025-09-15 05:50:09,388 - DEBUG - Start async tracer
2025-09-15 05:50:09,388 - DEBUG - Closing EventQueue.
2025-09-15 05:50:09,388 - DEBUG - Dequeued event (waited) of type: <class 'a2a.types.TaskStatusUpdateEvent'>
2025-09-15 05:50:09,388 - DEBUG - Dequeued event of type: <class 'a2a.types.TaskStatusUpdateEvent'> in consume_all.
2025-09-15 05:50:09,388 - DEBUG - Marking task as done in EventQueue.
2025-09-15 05:50:09,388 - DEBUG - Marked task as done in event queue in consume_all
2025-09-15 05:50:09,388 - DEBUG - Stopping event consumption in consume_all.
2025-09-15 05:50:09,388 - DEBUG - Start async tracer
2025-09-15 05:50:09,388 - DEBUG - Closing EventQueue.
2025-09-15 05:50:09,388 - DEBUG - Processing save of task event of type TaskStatusUpdateEvent for task_id: 6cb01872-f90e-4acd-8f4b-a9b2a3264640
2025-09-15 05:50:09,388 - DEBUG - Updating task 6cb01872-f90e-4acd-8f4b-a9b2a3264640 status to: TaskState.failed
2025-09-15 05:50:09,388 - DEBUG - Saving task with id: 6cb01872-f90e-4acd-8f4b-a9b2a3264640
2025-09-15 05:50:09,388 - DEBUG - Task 6cb01872-f90e-4acd-8f4b-a9b2a3264640 saved successfully.
2025-09-15 05:50:09,388 - DEBUG - Start async tracer
2025-09-15 05:50:09,388 - DEBUG - chunk: b'data: {"id":"ff77ef92-39db-4980-b921-8fd6ce471af1","jsonrpc":"2.0","result":{"contextId":"90b62a3c-d024-48de-ba2c-ba55932b25e1","final":true,"kind":"status-update","status":{"state":"failed","timestamp":"2025-09-14T22:50:09.388810+00:00"},"taskId":"6cb01872-f90e-4acd-8f4b-a9b2a3264640"}}\r\n\r\n'
2025-09-15 05:50:09,388 - DEBUG - Start async tracer
2025-09-15 05:50:09,398 - DEBUG - Agent task callback triggered.
2025-09-15 05:50:09,398 - DEBUG - Start async tracer
2025-09-15 05:50:09,398 - DEBUG - Start async tracer
2025-09-15 05:50:09,398 - DEBUG - Closing EventQueue.
2025-09-15 05:50:09,398 - DEBUG - Got event: http.disconnect. Stop streaming.
2025-09-15 05:50:09,408 - DEBUG - Using AsyncIOEngine.POLLER as I/O engine
2025-09-15 05:50:10,683 - ERROR - Task exception was never retrieved
future: <Task finished name='Task-26' coro=<<async_generator_athrow without __name__>()> exception=ChatGoogleGenerativeAIError('Invalid argument provided to Gemini: 400 API key not valid. Please pass a valid API key. [reason: "API_KEY_INVALID"\ndomain: "googleapis.com"\nmetadata {\n  key: "service"\n  value: "generativelanguage.googleapis.com"\n}\n, locale: "en-US"\nmessage: "API key not valid. Please pass a valid API key."\n]')>
Traceback (most recent call last):
  File "D:\DEMO CHAT BOT\.venv\Lib\site-packages\langchain_google_genai\chat_models.py", line 255, in _achat_with_retry
    return await generation_method(**kwargs)
           ^^^^^^^^^^^^^^^^^^^^^^^^^^^^^^^^^
  File "D:\DEMO CHAT BOT\.venv\Lib\site-packages\google\api_core\retry\retry_unary_async.py", line 231, in retry_wrapped_func
    return await retry_target(
           ^^^^^^^^^^^^^^^^^^^
  File "D:\DEMO CHAT BOT\.venv\Lib\site-packages\google\api_core\retry\retry_unary_async.py", line 163, in retry_target
    next_sleep = _retry_error_helper(
                 ^^^^^^^^^^^^^^^^^^^^
  File "D:\DEMO CHAT BOT\.venv\Lib\site-packages\google\api_core\retry\retry_base.py", line 214, in _retry_error_helper
    raise final_exc from source_exc
  File "D:\DEMO CHAT BOT\.venv\Lib\site-packages\google\api_core\retry\retry_unary_async.py", line 158, in retry_target
    return await target()
           ^^^^^^^^^^^^^^
  File "D:\DEMO CHAT BOT\.venv\Lib\site-packages\google\api_core\grpc_helpers_async.py", line 178, in error_remapped_callable
    await call.wait_for_connection()
  File "D:\DEMO CHAT BOT\.venv\Lib\site-packages\google\api_core\grpc_helpers_async.py", line 79, in wait_for_connection
    raise exceptions.from_grpc_error(rpc_error) from rpc_error
google.api_core.exceptions.InvalidArgument: 400 API key not valid. Please pass a valid API key. [reason: "API_KEY_INVALID"
domain: "googleapis.com"
metadata {
  key: "service"
  value: "generativelanguage.googleapis.com"
}
, locale: "en-US"
message: "API key not valid. Please pass a valid API key."
]

The above exception was the direct cause of the following exception:

Traceback (most recent call last):
  File "D:\DEMO CHAT BOT\.venv\Lib\site-packages\langchain_core\tracers\log_stream.py", line 706, in _astream_log_implementation
    await task
  File "D:\DEMO CHAT BOT\.venv\Lib\site-packages\langchain_core\tracers\log_stream.py", line 658, in consume_astream
    async for chunk in runnable.astream(value, config, **kwargs):
  File "D:\DEMO CHAT BOT\.venv\Lib\site-packages\langgraph\pregel\main.py", line 2928, in astream
    async for _ in runner.atick(
  File "D:\DEMO CHAT BOT\.venv\Lib\site-packages\langgraph\pregel\_runner.py", line 295, in atick
    await arun_with_retry(
  File "D:\DEMO CHAT BOT\.venv\Lib\site-packages\langgraph\pregel\_retry.py", line 132, in arun_with_retry
    async for _ in task.proc.astream(task.input, config):
  File "D:\DEMO CHAT BOT\.venv\Lib\site-packages\langgraph\_internal\_runnable.py", line 840, in astream
    output = await asyncio.create_task(
             ^^^^^^^^^^^^^^^^^^^^^^^^^^
  File "D:\DEMO CHAT BOT\.venv\Lib\site-packages\langgraph\_internal\_runnable.py", line 905, in _consume_aiter
    async for chunk in it:
  File "D:\DEMO CHAT BOT\.venv\Lib\site-packages\langchain_core\tracers\log_stream.py", line 283, in tap_output_aiter
    async for chunk in output:
  File "D:\DEMO CHAT BOT\.venv\Lib\site-packages\langchain_core\runnables\base.py", line 1470, in atransform
    async for ichunk in input:
  File "D:\DEMO CHAT BOT\.venv\Lib\site-packages\langchain_core\runnables\base.py", line 1470, in atransform
    async for ichunk in input:
  File "D:\DEMO CHAT BOT\.venv\Lib\site-packages\langchain_core\runnables\base.py", line 1034, in astream
    yield await self.ainvoke(input, config, **kwargs)
          ^^^^^^^^^^^^^^^^^^^^^^^^^^^^^^^^^^^^^^^^^^^
  File "D:\DEMO CHAT BOT\.venv\Lib\site-packages\langgraph\_internal\_runnable.py", line 465, in ainvoke
    ret = await asyncio.create_task(coro, context=context)
          ^^^^^^^^^^^^^^^^^^^^^^^^^^^^^^^^^^^^^^^^^^^^^^^^
  File "D:\DEMO CHAT BOT\.venv\Lib\site-packages\langgraph\prebuilt\chat_agent_executor.py", line 651, in acall_model
    response = cast(AIMessage, await static_model.ainvoke(model_input, config))  # type: ignore[union-attr]
                               ^^^^^^^^^^^^^^^^^^^^^^^^^^^^^^^^^^^^^^^^^^^^^^^
  File "D:\DEMO CHAT BOT\.venv\Lib\site-packages\langchain_core\runnables\base.py", line 3088, in ainvoke
    input_ = await coro_with_context(part(), context, create_task=True)
             ^^^^^^^^^^^^^^^^^^^^^^^^^^^^^^^^^^^^^^^^^^^^^^^^^^^^^^^^^^
  File "D:\DEMO CHAT BOT\.venv\Lib\site-packages\langchain_core\runnables\base.py", line 5447, in ainvoke
    return await self.bound.ainvoke(
           ^^^^^^^^^^^^^^^^^^^^^^^^^
  File "D:\DEMO CHAT BOT\.venv\Lib\site-packages\langchain_core\language_models\chat_models.py", line 417, in ainvoke
    llm_result = await self.agenerate_prompt(
                 ^^^^^^^^^^^^^^^^^^^^^^^^^^^^
  File "D:\DEMO CHAT BOT\.venv\Lib\site-packages\langchain_core\language_models\chat_models.py", line 991, in agenerate_prompt
    return await self.agenerate(
           ^^^^^^^^^^^^^^^^^^^^^
  File "D:\DEMO CHAT BOT\.venv\Lib\site-packages\langchain_core\language_models\chat_models.py", line 949, in agenerate
    raise exceptions[0]
  File "D:\DEMO CHAT BOT\.venv\Lib\site-packages\langchain_core\language_models\chat_models.py", line 1106, in _agenerate_with_cache
    async for chunk in self._astream(messages, stop=stop, **kwargs):
  File "D:\DEMO CHAT BOT\.venv\Lib\site-packages\langchain_google_genai\chat_models.py", line 1595, in _astream
    async for chunk in await _achat_with_retry(
                       ^^^^^^^^^^^^^^^^^^^^^^^^
  File "D:\DEMO CHAT BOT\.venv\Lib\site-packages\langchain_google_genai\chat_models.py", line 271, in _achat_with_retry
    return await _achat_with_retry(**params)
           ^^^^^^^^^^^^^^^^^^^^^^^^^^^^^^^^^
  File "D:\DEMO CHAT BOT\.venv\Lib\site-packages\tenacity\asyncio\__init__.py", line 189, in async_wrapped
    return await copy(fn, *args, **kwargs)
           ^^^^^^^^^^^^^^^^^^^^^^^^^^^^^^^
  File "D:\DEMO CHAT BOT\.venv\Lib\site-packages\tenacity\asyncio\__init__.py", line 111, in __call__
    do = await self.iter(retry_state=retry_state)
         ^^^^^^^^^^^^^^^^^^^^^^^^^^^^^^^^^^^^^^^^
  File "D:\DEMO CHAT BOT\.venv\Lib\site-packages\tenacity\asyncio\__init__.py", line 153, in iter
    result = await action(retry_state)
             ^^^^^^^^^^^^^^^^^^^^^^^^^
  File "D:\DEMO CHAT BOT\.venv\Lib\site-packages\tenacity\_utils.py", line 99, in inner
    return call(*args, **kwargs)
           ^^^^^^^^^^^^^^^^^^^^^
  File "D:\DEMO CHAT BOT\.venv\Lib\site-packages\tenacity\__init__.py", line 398, in <lambda>
    self._add_action_func(lambda rs: rs.outcome.result())
                                     ^^^^^^^^^^^^^^^^^^^
  File "E:\ANACONDA\Lib\concurrent\futures\_base.py", line 449, in result
    return self.__get_result()
           ^^^^^^^^^^^^^^^^^^^
  File "E:\ANACONDA\Lib\concurrent\futures\_base.py", line 401, in __get_result
    raise self._exception
  File "D:\DEMO CHAT BOT\.venv\Lib\site-packages\tenacity\asyncio\__init__.py", line 114, in __call__
    result = await fn(*args, **kwargs)
             ^^^^^^^^^^^^^^^^^^^^^^^^^
  File "D:\DEMO CHAT BOT\.venv\Lib\site-packages\langchain_google_genai\chat_models.py", line 258, in _achat_with_retry
    raise ChatGoogleGenerativeAIError(
langchain_google_genai.chat_models.ChatGoogleGenerativeAIError: Invalid argument provided to Gemini: 400 API key not valid. Please pass a valid API key. [reason: "API_KEY_INVALID"
domain: "googleapis.com"
metadata {
  key: "service"
  value: "generativelanguage.googleapis.com"
}
, locale: "en-US"
message: "API key not valid. Please pass a valid API key."
]
During task with name 'agent' and id 'f8e62073-830e-28d5-bb6e-214e70533eaf'
2025-09-15 05:54:22,772 - INFO - Use pytorch device_name: cpu
2025-09-15 05:54:22,777 - INFO - Load pretrained SentenceTransformer: paraphrase-multilingual-MiniLM-L12-v2
2025-09-15 05:54:22,779 - DEBUG - Starting new HTTPS connection (1): huggingface.co:443
2025-09-15 05:54:23,207 - DEBUG - https://huggingface.co:443 "HEAD /sentence-transformers/paraphrase-multilingual-MiniLM-L12-v2/resolve/main/modules.json HTTP/1.1" 307 0
2025-09-15 05:54:23,257 - DEBUG - https://huggingface.co:443 "HEAD /api/resolve-cache/models/sentence-transformers/paraphrase-multilingual-MiniLM-L12-v2/86741b4e3f5cb7765a600d3a3d55a0f6a6cb443d/modules.json HTTP/1.1" 200 0
2025-09-15 05:54:23,534 - DEBUG - https://huggingface.co:443 "HEAD /sentence-transformers/paraphrase-multilingual-MiniLM-L12-v2/resolve/main/config_sentence_transformers.json HTTP/1.1" 307 0
2025-09-15 05:54:23,588 - DEBUG - https://huggingface.co:443 "HEAD /api/resolve-cache/models/sentence-transformers/paraphrase-multilingual-MiniLM-L12-v2/86741b4e3f5cb7765a600d3a3d55a0f6a6cb443d/config_sentence_transformers.json HTTP/1.1" 200 0
2025-09-15 05:54:23,858 - DEBUG - https://huggingface.co:443 "HEAD /sentence-transformers/paraphrase-multilingual-MiniLM-L12-v2/resolve/main/config_sentence_transformers.json HTTP/1.1" 307 0
2025-09-15 05:54:23,907 - DEBUG - https://huggingface.co:443 "HEAD /api/resolve-cache/models/sentence-transformers/paraphrase-multilingual-MiniLM-L12-v2/86741b4e3f5cb7765a600d3a3d55a0f6a6cb443d/config_sentence_transformers.json HTTP/1.1" 200 0
2025-09-15 05:54:24,178 - DEBUG - https://huggingface.co:443 "HEAD /sentence-transformers/paraphrase-multilingual-MiniLM-L12-v2/resolve/main/README.md HTTP/1.1" 307 0
2025-09-15 05:54:24,230 - DEBUG - https://huggingface.co:443 "HEAD /api/resolve-cache/models/sentence-transformers/paraphrase-multilingual-MiniLM-L12-v2/86741b4e3f5cb7765a600d3a3d55a0f6a6cb443d/README.md HTTP/1.1" 200 0
2025-09-15 05:54:24,508 - DEBUG - https://huggingface.co:443 "HEAD /sentence-transformers/paraphrase-multilingual-MiniLM-L12-v2/resolve/main/modules.json HTTP/1.1" 307 0
2025-09-15 05:54:24,557 - DEBUG - https://huggingface.co:443 "HEAD /api/resolve-cache/models/sentence-transformers/paraphrase-multilingual-MiniLM-L12-v2/86741b4e3f5cb7765a600d3a3d55a0f6a6cb443d/modules.json HTTP/1.1" 200 0
2025-09-15 05:54:24,832 - DEBUG - https://huggingface.co:443 "HEAD /sentence-transformers/paraphrase-multilingual-MiniLM-L12-v2/resolve/main/sentence_bert_config.json HTTP/1.1" 307 0
2025-09-15 05:54:24,883 - DEBUG - https://huggingface.co:443 "HEAD /api/resolve-cache/models/sentence-transformers/paraphrase-multilingual-MiniLM-L12-v2/86741b4e3f5cb7765a600d3a3d55a0f6a6cb443d/sentence_bert_config.json HTTP/1.1" 200 0
2025-09-15 05:54:25,158 - DEBUG - https://huggingface.co:443 "HEAD /sentence-transformers/paraphrase-multilingual-MiniLM-L12-v2/resolve/main/adapter_config.json HTTP/1.1" 404 0
2025-09-15 05:54:25,447 - DEBUG - https://huggingface.co:443 "HEAD /sentence-transformers/paraphrase-multilingual-MiniLM-L12-v2/resolve/main/config.json HTTP/1.1" 307 0
2025-09-15 05:54:25,498 - DEBUG - https://huggingface.co:443 "HEAD /api/resolve-cache/models/sentence-transformers/paraphrase-multilingual-MiniLM-L12-v2/86741b4e3f5cb7765a600d3a3d55a0f6a6cb443d/config.json HTTP/1.1" 200 0
2025-09-15 05:54:25,874 - DEBUG - https://huggingface.co:443 "HEAD /sentence-transformers/paraphrase-multilingual-MiniLM-L12-v2/resolve/main/tokenizer_config.json HTTP/1.1" 307 0
2025-09-15 05:54:25,922 - DEBUG - https://huggingface.co:443 "HEAD /api/resolve-cache/models/sentence-transformers/paraphrase-multilingual-MiniLM-L12-v2/86741b4e3f5cb7765a600d3a3d55a0f6a6cb443d/tokenizer_config.json HTTP/1.1" 200 0
2025-09-15 05:54:26,193 - DEBUG - https://huggingface.co:443 "GET /api/models/sentence-transformers/paraphrase-multilingual-MiniLM-L12-v2/tree/main/additional_chat_templates?recursive=False&expand=False HTTP/1.1" 404 64
2025-09-15 05:54:27,152 - DEBUG - https://huggingface.co:443 "HEAD /sentence-transformers/paraphrase-multilingual-MiniLM-L12-v2/resolve/main/1_Pooling/config.json HTTP/1.1" 307 0
2025-09-15 05:54:27,202 - DEBUG - https://huggingface.co:443 "HEAD /api/resolve-cache/models/sentence-transformers/paraphrase-multilingual-MiniLM-L12-v2/86741b4e3f5cb7765a600d3a3d55a0f6a6cb443d/1_Pooling%2Fconfig.json HTTP/1.1" 200 0
2025-09-15 05:54:27,477 - DEBUG - https://huggingface.co:443 "GET /api/models/sentence-transformers/paraphrase-multilingual-MiniLM-L12-v2 HTTP/1.1" 200 6132
2025-09-15 05:54:27,482 - DEBUG - Đã load model embedding: paraphrase-multilingual-MiniLM-L12-v2
2025-09-15 05:54:27,482 - DEBUG - Đang đọc file disease_specialty.json
2025-09-15 05:54:27,482 - DEBUG - Đang đọc file specialty_package.json
2025-09-15 05:54:27,482 - DEBUG - Đang đọc file package_cost.json
2025-09-15 05:54:27,482 - DEBUG - Hợp nhất các biến thể bệnh
2025-09-15 05:54:27,482 - DEBUG - Đã tạo index: 65 bệnh, 5 chuyên khoa, 10 gói
2025-09-15 05:54:51,072 - INFO - Use pytorch device_name: cpu
2025-09-15 05:54:51,072 - INFO - Load pretrained SentenceTransformer: paraphrase-multilingual-MiniLM-L12-v2
2025-09-15 05:54:51,072 - DEBUG - Starting new HTTPS connection (1): huggingface.co:443
2025-09-15 05:54:51,412 - DEBUG - https://huggingface.co:443 "HEAD /sentence-transformers/paraphrase-multilingual-MiniLM-L12-v2/resolve/main/modules.json HTTP/1.1" 307 0
2025-09-15 05:54:51,417 - DEBUG - https://huggingface.co:443 "HEAD /api/resolve-cache/models/sentence-transformers/paraphrase-multilingual-MiniLM-L12-v2/86741b4e3f5cb7765a600d3a3d55a0f6a6cb443d/modules.json HTTP/1.1" 200 0
2025-09-15 05:54:51,697 - DEBUG - https://huggingface.co:443 "HEAD /sentence-transformers/paraphrase-multilingual-MiniLM-L12-v2/resolve/main/config_sentence_transformers.json HTTP/1.1" 307 0
2025-09-15 05:54:51,697 - DEBUG - https://huggingface.co:443 "HEAD /api/resolve-cache/models/sentence-transformers/paraphrase-multilingual-MiniLM-L12-v2/86741b4e3f5cb7765a600d3a3d55a0f6a6cb443d/config_sentence_transformers.json HTTP/1.1" 200 0
2025-09-15 05:54:51,958 - DEBUG - https://huggingface.co:443 "HEAD /sentence-transformers/paraphrase-multilingual-MiniLM-L12-v2/resolve/main/config_sentence_transformers.json HTTP/1.1" 307 0
2025-09-15 05:54:51,967 - DEBUG - https://huggingface.co:443 "HEAD /api/resolve-cache/models/sentence-transformers/paraphrase-multilingual-MiniLM-L12-v2/86741b4e3f5cb7765a600d3a3d55a0f6a6cb443d/config_sentence_transformers.json HTTP/1.1" 200 0
2025-09-15 05:54:52,270 - DEBUG - https://huggingface.co:443 "HEAD /sentence-transformers/paraphrase-multilingual-MiniLM-L12-v2/resolve/main/README.md HTTP/1.1" 307 0
2025-09-15 05:54:52,279 - DEBUG - https://huggingface.co:443 "HEAD /api/resolve-cache/models/sentence-transformers/paraphrase-multilingual-MiniLM-L12-v2/86741b4e3f5cb7765a600d3a3d55a0f6a6cb443d/README.md HTTP/1.1" 200 0
2025-09-15 05:54:52,552 - DEBUG - https://huggingface.co:443 "HEAD /sentence-transformers/paraphrase-multilingual-MiniLM-L12-v2/resolve/main/modules.json HTTP/1.1" 307 0
2025-09-15 05:54:52,563 - DEBUG - https://huggingface.co:443 "HEAD /api/resolve-cache/models/sentence-transformers/paraphrase-multilingual-MiniLM-L12-v2/86741b4e3f5cb7765a600d3a3d55a0f6a6cb443d/modules.json HTTP/1.1" 200 0
2025-09-15 05:54:52,827 - DEBUG - https://huggingface.co:443 "HEAD /sentence-transformers/paraphrase-multilingual-MiniLM-L12-v2/resolve/main/sentence_bert_config.json HTTP/1.1" 307 0
2025-09-15 05:54:52,837 - DEBUG - https://huggingface.co:443 "HEAD /api/resolve-cache/models/sentence-transformers/paraphrase-multilingual-MiniLM-L12-v2/86741b4e3f5cb7765a600d3a3d55a0f6a6cb443d/sentence_bert_config.json HTTP/1.1" 200 0
2025-09-15 05:54:53,098 - DEBUG - https://huggingface.co:443 "HEAD /sentence-transformers/paraphrase-multilingual-MiniLM-L12-v2/resolve/main/adapter_config.json HTTP/1.1" 404 0
2025-09-15 05:54:53,357 - DEBUG - https://huggingface.co:443 "HEAD /sentence-transformers/paraphrase-multilingual-MiniLM-L12-v2/resolve/main/config.json HTTP/1.1" 307 0
2025-09-15 05:54:53,368 - DEBUG - https://huggingface.co:443 "HEAD /api/resolve-cache/models/sentence-transformers/paraphrase-multilingual-MiniLM-L12-v2/86741b4e3f5cb7765a600d3a3d55a0f6a6cb443d/config.json HTTP/1.1" 200 0
2025-09-15 05:54:53,738 - DEBUG - https://huggingface.co:443 "HEAD /sentence-transformers/paraphrase-multilingual-MiniLM-L12-v2/resolve/main/tokenizer_config.json HTTP/1.1" 307 0
2025-09-15 05:54:53,747 - DEBUG - https://huggingface.co:443 "HEAD /api/resolve-cache/models/sentence-transformers/paraphrase-multilingual-MiniLM-L12-v2/86741b4e3f5cb7765a600d3a3d55a0f6a6cb443d/tokenizer_config.json HTTP/1.1" 200 0
2025-09-15 05:54:54,058 - DEBUG - https://huggingface.co:443 "GET /api/models/sentence-transformers/paraphrase-multilingual-MiniLM-L12-v2/tree/main/additional_chat_templates?recursive=False&expand=False HTTP/1.1" 404 64
2025-09-15 05:54:55,017 - DEBUG - https://huggingface.co:443 "HEAD /sentence-transformers/paraphrase-multilingual-MiniLM-L12-v2/resolve/main/1_Pooling/config.json HTTP/1.1" 307 0
2025-09-15 05:54:55,017 - DEBUG - https://huggingface.co:443 "HEAD /api/resolve-cache/models/sentence-transformers/paraphrase-multilingual-MiniLM-L12-v2/86741b4e3f5cb7765a600d3a3d55a0f6a6cb443d/1_Pooling%2Fconfig.json HTTP/1.1" 200 0
2025-09-15 05:54:55,297 - DEBUG - https://huggingface.co:443 "GET /api/models/sentence-transformers/paraphrase-multilingual-MiniLM-L12-v2 HTTP/1.1" 200 6132
2025-09-15 05:54:55,305 - DEBUG - Đã load model embedding: paraphrase-multilingual-MiniLM-L12-v2
2025-09-15 05:54:55,307 - DEBUG - Đang đọc file disease_specialty.json
2025-09-15 05:54:55,307 - DEBUG - Đang đọc file specialty_package.json
2025-09-15 05:54:55,307 - DEBUG - Đang đọc file package_cost.json
2025-09-15 05:54:55,307 - DEBUG - Hợp nhất các biến thể bệnh
2025-09-15 05:54:55,307 - DEBUG - Đã tạo index: 65 bệnh, 5 chuyên khoa, 10 gói
2025-09-15 05:54:55,562 - DEBUG - Using proactor: IocpProactor
2025-09-15 05:54:58,558 - DEBUG - Initializing InMemoryTaskStore
2025-09-15 05:55:44,739 - DEBUG - Start async tracer
2025-09-15 05:55:44,739 - DEBUG - TaskManager initialized with task_id: None, context_id: None
2025-09-15 05:55:44,740 - DEBUG - task_id is not set, cannot get task.
2025-09-15 05:55:44,740 - DEBUG - Start async tracer
2025-09-15 05:55:44,740 - DEBUG - EventQueue initialized.
2025-09-15 05:55:44,740 - DEBUG - Start async tracer
2025-09-15 05:55:44,740 - DEBUG - EventConsumer initialized
2025-09-15 05:55:44,740 - DEBUG - Starting to consume all events from the queue.
2025-09-15 05:55:44,740 - DEBUG - Start async tracer
2025-09-15 05:55:44,740 - DEBUG - Attempting to dequeue event (waiting).
2025-09-15 05:55:44,740 - DEBUG - Start async tracer
2025-09-15 05:55:44,742 - DEBUG - Start async tracer
2025-09-15 05:55:44,742 - DEBUG - Enqueuing event of type: <class 'a2a.types.TaskStatusUpdateEvent'>
2025-09-15 05:55:44,742 - DEBUG - Start async tracer
2025-09-15 05:55:44,742 - DEBUG - Enqueuing event of type: <class 'a2a.types.TaskStatusUpdateEvent'>
2025-09-15 05:55:44,771 - DEBUG - Dequeued event (waited) of type: <class 'a2a.types.TaskStatusUpdateEvent'>
2025-09-15 05:55:44,771 - DEBUG - Dequeued event of type: <class 'a2a.types.TaskStatusUpdateEvent'> in consume_all.
2025-09-15 05:55:44,771 - DEBUG - Marking task as done in EventQueue.
2025-09-15 05:55:44,771 - DEBUG - Marked task as done in event queue in consume_all
2025-09-15 05:55:44,771 - DEBUG - Processing save of task event of type TaskStatusUpdateEvent for task_id: f827fa59-e168-4e4f-a36f-29df3ce910f9
2025-09-15 05:55:44,771 - DEBUG - Attempting to retrieve existing task with id: f827fa59-e168-4e4f-a36f-29df3ce910f9
2025-09-15 05:55:44,771 - DEBUG - Attempting to get task with id: f827fa59-e168-4e4f-a36f-29df3ce910f9
2025-09-15 05:55:44,771 - DEBUG - Task f827fa59-e168-4e4f-a36f-29df3ce910f9 not found in store.
2025-09-15 05:55:44,777 - INFO - Task not found or task_id not set. Creating new task for event (task_id: f827fa59-e168-4e4f-a36f-29df3ce910f9, context_id: 80869a4f-8872-4b08-95f9-0600ecedb689).
2025-09-15 05:55:44,777 - DEBUG - Initializing new Task object with task_id: f827fa59-e168-4e4f-a36f-29df3ce910f9, context_id: 80869a4f-8872-4b08-95f9-0600ecedb689
2025-09-15 05:55:44,777 - DEBUG - Saving task with id: f827fa59-e168-4e4f-a36f-29df3ce910f9
2025-09-15 05:55:44,777 - DEBUG - Task f827fa59-e168-4e4f-a36f-29df3ce910f9 saved successfully.
2025-09-15 05:55:44,777 - DEBUG - Updating task f827fa59-e168-4e4f-a36f-29df3ce910f9 status to: TaskState.submitted
2025-09-15 05:55:44,778 - DEBUG - Saving task with id: f827fa59-e168-4e4f-a36f-29df3ce910f9
2025-09-15 05:55:44,778 - DEBUG - Task f827fa59-e168-4e4f-a36f-29df3ce910f9 saved successfully.
2025-09-15 05:55:44,778 - DEBUG - Start async tracer
2025-09-15 05:55:44,779 - DEBUG - chunk: b'data: {"id":"123c8acd-d07f-4d4e-b2b6-097b06d83746","jsonrpc":"2.0","result":{"contextId":"80869a4f-8872-4b08-95f9-0600ecedb689","final":false,"kind":"status-update","status":{"state":"submitted","timestamp":"2025-09-14T22:55:44.740774+00:00"},"taskId":"f827fa59-e168-4e4f-a36f-29df3ce910f9"}}\r\n\r\n'
2025-09-15 05:55:44,779 - DEBUG - Start async tracer
2025-09-15 05:55:44,779 - DEBUG - Attempting to dequeue event (waiting).
2025-09-15 05:55:44,779 - DEBUG - Dequeued event (waited) of type: <class 'a2a.types.TaskStatusUpdateEvent'>
2025-09-15 05:55:44,779 - DEBUG - Dequeued event of type: <class 'a2a.types.TaskStatusUpdateEvent'> in consume_all.
2025-09-15 05:55:44,779 - DEBUG - Marking task as done in EventQueue.
2025-09-15 05:55:44,779 - DEBUG - Marked task as done in event queue in consume_all
2025-09-15 05:55:44,779 - DEBUG - Processing save of task event of type TaskStatusUpdateEvent for task_id: f827fa59-e168-4e4f-a36f-29df3ce910f9
2025-09-15 05:55:44,779 - DEBUG - Updating task f827fa59-e168-4e4f-a36f-29df3ce910f9 status to: TaskState.working
2025-09-15 05:55:44,779 - DEBUG - Saving task with id: f827fa59-e168-4e4f-a36f-29df3ce910f9
2025-09-15 05:55:44,779 - DEBUG - Task f827fa59-e168-4e4f-a36f-29df3ce910f9 saved successfully.
2025-09-15 05:55:44,779 - DEBUG - Start async tracer
2025-09-15 05:55:44,779 - DEBUG - chunk: b'data: {"id":"123c8acd-d07f-4d4e-b2b6-097b06d83746","jsonrpc":"2.0","result":{"contextId":"80869a4f-8872-4b08-95f9-0600ecedb689","final":false,"kind":"status-update","status":{"state":"working","timestamp":"2025-09-14T22:55:44.742281+00:00"},"taskId":"f827fa59-e168-4e4f-a36f-29df3ce910f9"}}\r\n\r\n'
2025-09-15 05:55:44,782 - DEBUG - Start async tracer
2025-09-15 05:55:44,782 - DEBUG - Attempting to dequeue event (waiting).
2025-09-15 05:55:44,782 - ERROR - CostAgentExecutor error: 'dict' object has no attribute 'data'
2025-09-15 05:55:44,782 - DEBUG - Start async tracer
2025-09-15 05:55:44,782 - DEBUG - Enqueuing event of type: <class 'a2a.types.TaskStatusUpdateEvent'>
2025-09-15 05:55:44,782 - DEBUG - Start async tracer
2025-09-15 05:55:44,782 - DEBUG - Closing EventQueue.
2025-09-15 05:55:44,784 - DEBUG - Dequeued event (waited) of type: <class 'a2a.types.TaskStatusUpdateEvent'>
2025-09-15 05:55:44,784 - DEBUG - Dequeued event of type: <class 'a2a.types.TaskStatusUpdateEvent'> in consume_all.
2025-09-15 05:55:44,784 - DEBUG - Marking task as done in EventQueue.
2025-09-15 05:55:44,784 - DEBUG - Marked task as done in event queue in consume_all
2025-09-15 05:55:44,785 - DEBUG - Stopping event consumption in consume_all.
2025-09-15 05:55:44,785 - DEBUG - Start async tracer
2025-09-15 05:55:44,785 - DEBUG - Closing EventQueue.
2025-09-15 05:55:44,785 - DEBUG - Processing save of task event of type TaskStatusUpdateEvent for task_id: f827fa59-e168-4e4f-a36f-29df3ce910f9
2025-09-15 05:55:44,785 - DEBUG - Updating task f827fa59-e168-4e4f-a36f-29df3ce910f9 status to: TaskState.failed
2025-09-15 05:55:44,785 - DEBUG - Saving task with id: f827fa59-e168-4e4f-a36f-29df3ce910f9
2025-09-15 05:55:44,785 - DEBUG - Task f827fa59-e168-4e4f-a36f-29df3ce910f9 saved successfully.
2025-09-15 05:55:44,785 - DEBUG - Start async tracer
2025-09-15 05:55:44,785 - DEBUG - chunk: b'data: {"id":"123c8acd-d07f-4d4e-b2b6-097b06d83746","jsonrpc":"2.0","result":{"contextId":"80869a4f-8872-4b08-95f9-0600ecedb689","final":true,"kind":"status-update","status":{"state":"failed","timestamp":"2025-09-14T22:55:44.782100+00:00"},"taskId":"f827fa59-e168-4e4f-a36f-29df3ce910f9"}}\r\n\r\n'
2025-09-15 05:55:44,785 - DEBUG - Start async tracer
2025-09-15 05:55:44,787 - DEBUG - Agent task callback triggered.
2025-09-15 05:55:44,787 - DEBUG - Start async tracer
2025-09-15 05:55:44,787 - DEBUG - Start async tracer
2025-09-15 05:55:44,787 - DEBUG - Closing EventQueue.
2025-09-15 05:55:44,792 - DEBUG - Got event: http.disconnect. Stop streaming.
2025-09-15 05:55:44,799 - DEBUG - Using AsyncIOEngine.POLLER as I/O engine
2025-09-15 05:55:45,194 - ERROR - Task exception was never retrieved
future: <Task finished name='Task-26' coro=<<async_generator_athrow without __name__>()> exception=InvalidArgument('API key not valid. Please pass a valid API key.')>
Traceback (most recent call last):
  File "D:\DEMO CHAT BOT\.venv\Lib\site-packages\google\api_core\grpc_helpers_async.py", line 106, in _wrapped_aiter
    async for response in self._call:  # pragma: no branch
  File "D:\DEMO CHAT BOT\.venv\Lib\site-packages\grpc\aio\_call.py", line 365, in _fetch_stream_responses
    await self._raise_for_status()
  File "D:\DEMO CHAT BOT\.venv\Lib\site-packages\grpc\aio\_call.py", line 272, in _raise_for_status
    raise _create_rpc_error(
grpc.aio._call.AioRpcError: <AioRpcError of RPC that terminated with:
	status = StatusCode.INVALID_ARGUMENT
	details = "API key not valid. Please pass a valid API key."
	debug_error_string = "UNKNOWN:Error received from peer ipv4:142.250.71.234:443 {grpc_message:"API key not valid. Please pass a valid API key.", grpc_status:3}"
>

The above exception was the direct cause of the following exception:

Traceback (most recent call last):
  File "D:\DEMO CHAT BOT\.venv\Lib\site-packages\langchain_core\tracers\log_stream.py", line 706, in _astream_log_implementation
    await task
  File "D:\DEMO CHAT BOT\.venv\Lib\site-packages\langchain_core\tracers\log_stream.py", line 658, in consume_astream
    async for chunk in runnable.astream(value, config, **kwargs):
  File "D:\DEMO CHAT BOT\.venv\Lib\site-packages\langgraph\pregel\main.py", line 2928, in astream
    async for _ in runner.atick(
  File "D:\DEMO CHAT BOT\.venv\Lib\site-packages\langgraph\pregel\_runner.py", line 295, in atick
    await arun_with_retry(
  File "D:\DEMO CHAT BOT\.venv\Lib\site-packages\langgraph\pregel\_retry.py", line 132, in arun_with_retry
    async for _ in task.proc.astream(task.input, config):
  File "D:\DEMO CHAT BOT\.venv\Lib\site-packages\langgraph\_internal\_runnable.py", line 840, in astream
    output = await asyncio.create_task(
             ^^^^^^^^^^^^^^^^^^^^^^^^^^
  File "D:\DEMO CHAT BOT\.venv\Lib\site-packages\langgraph\_internal\_runnable.py", line 905, in _consume_aiter
    async for chunk in it:
  File "D:\DEMO CHAT BOT\.venv\Lib\site-packages\langchain_core\tracers\log_stream.py", line 283, in tap_output_aiter
    async for chunk in output:
  File "D:\DEMO CHAT BOT\.venv\Lib\site-packages\langchain_core\runnables\base.py", line 1470, in atransform
    async for ichunk in input:
  File "D:\DEMO CHAT BOT\.venv\Lib\site-packages\langchain_core\runnables\base.py", line 1470, in atransform
    async for ichunk in input:
  File "D:\DEMO CHAT BOT\.venv\Lib\site-packages\langchain_core\runnables\base.py", line 1034, in astream
    yield await self.ainvoke(input, config, **kwargs)
          ^^^^^^^^^^^^^^^^^^^^^^^^^^^^^^^^^^^^^^^^^^^
  File "D:\DEMO CHAT BOT\.venv\Lib\site-packages\langgraph\_internal\_runnable.py", line 465, in ainvoke
    ret = await asyncio.create_task(coro, context=context)
          ^^^^^^^^^^^^^^^^^^^^^^^^^^^^^^^^^^^^^^^^^^^^^^^^
  File "D:\DEMO CHAT BOT\.venv\Lib\site-packages\langgraph\prebuilt\chat_agent_executor.py", line 651, in acall_model
    response = cast(AIMessage, await static_model.ainvoke(model_input, config))  # type: ignore[union-attr]
                               ^^^^^^^^^^^^^^^^^^^^^^^^^^^^^^^^^^^^^^^^^^^^^^^
  File "D:\DEMO CHAT BOT\.venv\Lib\site-packages\langchain_core\runnables\base.py", line 3088, in ainvoke
    input_ = await coro_with_context(part(), context, create_task=True)
             ^^^^^^^^^^^^^^^^^^^^^^^^^^^^^^^^^^^^^^^^^^^^^^^^^^^^^^^^^^
  File "D:\DEMO CHAT BOT\.venv\Lib\site-packages\langchain_core\runnables\base.py", line 5447, in ainvoke
    return await self.bound.ainvoke(
           ^^^^^^^^^^^^^^^^^^^^^^^^^
  File "D:\DEMO CHAT BOT\.venv\Lib\site-packages\langchain_core\language_models\chat_models.py", line 417, in ainvoke
    llm_result = await self.agenerate_prompt(
                 ^^^^^^^^^^^^^^^^^^^^^^^^^^^^
  File "D:\DEMO CHAT BOT\.venv\Lib\site-packages\langchain_core\language_models\chat_models.py", line 991, in agenerate_prompt
    return await self.agenerate(
           ^^^^^^^^^^^^^^^^^^^^^
  File "D:\DEMO CHAT BOT\.venv\Lib\site-packages\langchain_core\language_models\chat_models.py", line 949, in agenerate
    raise exceptions[0]
  File "D:\DEMO CHAT BOT\.venv\Lib\site-packages\langchain_core\language_models\chat_models.py", line 1106, in _agenerate_with_cache
    async for chunk in self._astream(messages, stop=stop, **kwargs):
  File "D:\DEMO CHAT BOT\.venv\Lib\site-packages\langchain_google_genai\chat_models.py", line 1595, in _astream
    async for chunk in await _achat_with_retry(
  File "D:\DEMO CHAT BOT\.venv\Lib\site-packages\google\api_core\grpc_helpers_async.py", line 109, in _wrapped_aiter
    raise exceptions.from_grpc_error(rpc_error) from rpc_error
google.api_core.exceptions.InvalidArgument: 400 API key not valid. Please pass a valid API key. [reason: "API_KEY_INVALID"
domain: "googleapis.com"
metadata {
  key: "service"
  value: "generativelanguage.googleapis.com"
}
, locale: "en-US"
message: "API key not valid. Please pass a valid API key."
]
During task with name 'agent' and id 'cdd4e479-09bd-0b30-54ea-9c195d4133a2'
2025-09-15 05:59:56,254 - DEBUG - Start async tracer
2025-09-15 05:59:56,255 - DEBUG - TaskManager initialized with task_id: None, context_id: None
2025-09-15 05:59:56,255 - DEBUG - task_id is not set, cannot get task.
2025-09-15 05:59:56,255 - DEBUG - Start async tracer
2025-09-15 05:59:56,255 - DEBUG - EventQueue initialized.
2025-09-15 05:59:56,256 - DEBUG - Start async tracer
2025-09-15 05:59:56,256 - DEBUG - EventConsumer initialized
2025-09-15 05:59:56,256 - DEBUG - Starting to consume all events from the queue.
2025-09-15 05:59:56,256 - DEBUG - Start async tracer
2025-09-15 05:59:56,256 - DEBUG - Attempting to dequeue event (waiting).
2025-09-15 05:59:56,256 - DEBUG - Start async tracer
2025-09-15 05:59:56,257 - DEBUG - Start async tracer
2025-09-15 05:59:56,257 - DEBUG - Enqueuing event of type: <class 'a2a.types.TaskStatusUpdateEvent'>
2025-09-15 05:59:56,257 - DEBUG - Start async tracer
2025-09-15 05:59:56,257 - DEBUG - Enqueuing event of type: <class 'a2a.types.TaskStatusUpdateEvent'>
2025-09-15 05:59:56,267 - DEBUG - Dequeued event (waited) of type: <class 'a2a.types.TaskStatusUpdateEvent'>
2025-09-15 05:59:56,268 - DEBUG - Dequeued event of type: <class 'a2a.types.TaskStatusUpdateEvent'> in consume_all.
2025-09-15 05:59:56,268 - DEBUG - Marking task as done in EventQueue.
2025-09-15 05:59:56,268 - DEBUG - Marked task as done in event queue in consume_all
2025-09-15 05:59:56,268 - DEBUG - Processing save of task event of type TaskStatusUpdateEvent for task_id: e09afb20-d0f9-4448-85f1-d38b84403f96
2025-09-15 05:59:56,269 - DEBUG - Attempting to retrieve existing task with id: e09afb20-d0f9-4448-85f1-d38b84403f96
2025-09-15 05:59:56,269 - DEBUG - Attempting to get task with id: e09afb20-d0f9-4448-85f1-d38b84403f96
2025-09-15 05:59:56,269 - DEBUG - Task e09afb20-d0f9-4448-85f1-d38b84403f96 not found in store.
2025-09-15 05:59:56,269 - INFO - Task not found or task_id not set. Creating new task for event (task_id: e09afb20-d0f9-4448-85f1-d38b84403f96, context_id: ffa00e2c-7115-440d-b815-83fe7431dbfe).
2025-09-15 05:59:56,269 - DEBUG - Initializing new Task object with task_id: e09afb20-d0f9-4448-85f1-d38b84403f96, context_id: ffa00e2c-7115-440d-b815-83fe7431dbfe
2025-09-15 05:59:56,269 - DEBUG - Saving task with id: e09afb20-d0f9-4448-85f1-d38b84403f96
2025-09-15 05:59:56,270 - DEBUG - Task e09afb20-d0f9-4448-85f1-d38b84403f96 saved successfully.
2025-09-15 05:59:56,270 - DEBUG - Updating task e09afb20-d0f9-4448-85f1-d38b84403f96 status to: TaskState.submitted
2025-09-15 05:59:56,270 - DEBUG - Saving task with id: e09afb20-d0f9-4448-85f1-d38b84403f96
2025-09-15 05:59:56,270 - DEBUG - Task e09afb20-d0f9-4448-85f1-d38b84403f96 saved successfully.
2025-09-15 05:59:56,270 - DEBUG - Start async tracer
2025-09-15 05:59:56,271 - DEBUG - chunk: b'data: {"id":"ad35d8a3-d1ca-410b-b03b-fc8f95ff789b","jsonrpc":"2.0","result":{"contextId":"ffa00e2c-7115-440d-b815-83fe7431dbfe","final":false,"kind":"status-update","status":{"state":"submitted","timestamp":"2025-09-14T22:59:56.257616+00:00"},"taskId":"e09afb20-d0f9-4448-85f1-d38b84403f96"}}\r\n\r\n'
2025-09-15 05:59:56,271 - DEBUG - Start async tracer
2025-09-15 05:59:56,271 - DEBUG - Attempting to dequeue event (waiting).
2025-09-15 05:59:56,271 - DEBUG - Dequeued event (waited) of type: <class 'a2a.types.TaskStatusUpdateEvent'>
2025-09-15 05:59:56,271 - DEBUG - Dequeued event of type: <class 'a2a.types.TaskStatusUpdateEvent'> in consume_all.
2025-09-15 05:59:56,271 - DEBUG - Marking task as done in EventQueue.
2025-09-15 05:59:56,271 - DEBUG - Marked task as done in event queue in consume_all
2025-09-15 05:59:56,272 - DEBUG - Processing save of task event of type TaskStatusUpdateEvent for task_id: e09afb20-d0f9-4448-85f1-d38b84403f96
2025-09-15 05:59:56,272 - DEBUG - Updating task e09afb20-d0f9-4448-85f1-d38b84403f96 status to: TaskState.working
2025-09-15 05:59:56,272 - DEBUG - Saving task with id: e09afb20-d0f9-4448-85f1-d38b84403f96
2025-09-15 05:59:56,272 - DEBUG - Task e09afb20-d0f9-4448-85f1-d38b84403f96 saved successfully.
2025-09-15 05:59:56,272 - DEBUG - Start async tracer
2025-09-15 05:59:56,272 - DEBUG - chunk: b'data: {"id":"ad35d8a3-d1ca-410b-b03b-fc8f95ff789b","jsonrpc":"2.0","result":{"contextId":"ffa00e2c-7115-440d-b815-83fe7431dbfe","final":false,"kind":"status-update","status":{"state":"working","timestamp":"2025-09-14T22:59:56.257616+00:00"},"taskId":"e09afb20-d0f9-4448-85f1-d38b84403f96"}}\r\n\r\n'
2025-09-15 05:59:56,273 - DEBUG - Start async tracer
2025-09-15 05:59:56,273 - DEBUG - Attempting to dequeue event (waiting).
2025-09-15 05:59:56,274 - ERROR - CostAgentExecutor error: 'dict' object has no attribute 'data'
2025-09-15 05:59:56,274 - DEBUG - Start async tracer
2025-09-15 05:59:56,274 - DEBUG - Enqueuing event of type: <class 'a2a.types.TaskStatusUpdateEvent'>
2025-09-15 05:59:56,274 - DEBUG - Start async tracer
2025-09-15 05:59:56,274 - DEBUG - Closing EventQueue.
2025-09-15 05:59:56,274 - DEBUG - Dequeued event (waited) of type: <class 'a2a.types.TaskStatusUpdateEvent'>
2025-09-15 05:59:56,274 - DEBUG - Dequeued event of type: <class 'a2a.types.TaskStatusUpdateEvent'> in consume_all.
2025-09-15 05:59:56,274 - DEBUG - Marking task as done in EventQueue.
2025-09-15 05:59:56,274 - DEBUG - Marked task as done in event queue in consume_all
2025-09-15 05:59:56,274 - DEBUG - Stopping event consumption in consume_all.
2025-09-15 05:59:56,274 - DEBUG - Start async tracer
2025-09-15 05:59:56,276 - DEBUG - Closing EventQueue.
2025-09-15 05:59:56,276 - DEBUG - Processing save of task event of type TaskStatusUpdateEvent for task_id: e09afb20-d0f9-4448-85f1-d38b84403f96
2025-09-15 05:59:56,276 - DEBUG - Updating task e09afb20-d0f9-4448-85f1-d38b84403f96 status to: TaskState.failed
2025-09-15 05:59:56,276 - DEBUG - Saving task with id: e09afb20-d0f9-4448-85f1-d38b84403f96
2025-09-15 05:59:56,276 - DEBUG - Task e09afb20-d0f9-4448-85f1-d38b84403f96 saved successfully.
2025-09-15 05:59:56,276 - DEBUG - Start async tracer
2025-09-15 05:59:56,276 - DEBUG - chunk: b'data: {"id":"ad35d8a3-d1ca-410b-b03b-fc8f95ff789b","jsonrpc":"2.0","result":{"contextId":"ffa00e2c-7115-440d-b815-83fe7431dbfe","final":true,"kind":"status-update","status":{"state":"failed","timestamp":"2025-09-14T22:59:56.274555+00:00"},"taskId":"e09afb20-d0f9-4448-85f1-d38b84403f96"}}\r\n\r\n'
2025-09-15 05:59:56,277 - DEBUG - Start async tracer
2025-09-15 05:59:56,278 - DEBUG - Agent task callback triggered.
2025-09-15 05:59:56,279 - DEBUG - Start async tracer
2025-09-15 05:59:56,279 - DEBUG - Start async tracer
2025-09-15 05:59:56,279 - DEBUG - Closing EventQueue.
2025-09-15 05:59:56,280 - DEBUG - Got event: http.disconnect. Stop streaming.
2025-09-15 05:59:57,579 - ERROR - Task exception was never retrieved
future: <Task finished name='Task-71' coro=<<async_generator_athrow without __name__>()> exception=InvalidArgument('API key not valid. Please pass a valid API key.')>
Traceback (most recent call last):
  File "D:\DEMO CHAT BOT\.venv\Lib\site-packages\google\api_core\grpc_helpers_async.py", line 106, in _wrapped_aiter
    async for response in self._call:  # pragma: no branch
  File "D:\DEMO CHAT BOT\.venv\Lib\site-packages\grpc\aio\_call.py", line 365, in _fetch_stream_responses
    await self._raise_for_status()
  File "D:\DEMO CHAT BOT\.venv\Lib\site-packages\grpc\aio\_call.py", line 272, in _raise_for_status
    raise _create_rpc_error(
grpc.aio._call.AioRpcError: <AioRpcError of RPC that terminated with:
	status = StatusCode.INVALID_ARGUMENT
	details = "API key not valid. Please pass a valid API key."
	debug_error_string = "UNKNOWN:Error received from peer ipv4:142.250.71.234:443 {grpc_message:"API key not valid. Please pass a valid API key.", grpc_status:3}"
>

The above exception was the direct cause of the following exception:

Traceback (most recent call last):
  File "D:\DEMO CHAT BOT\.venv\Lib\site-packages\langchain_core\tracers\log_stream.py", line 706, in _astream_log_implementation
    await task
  File "D:\DEMO CHAT BOT\.venv\Lib\site-packages\langchain_core\tracers\log_stream.py", line 658, in consume_astream
    async for chunk in runnable.astream(value, config, **kwargs):
  File "D:\DEMO CHAT BOT\.venv\Lib\site-packages\langgraph\pregel\main.py", line 2928, in astream
    async for _ in runner.atick(
  File "D:\DEMO CHAT BOT\.venv\Lib\site-packages\langgraph\pregel\_runner.py", line 295, in atick
    await arun_with_retry(
  File "D:\DEMO CHAT BOT\.venv\Lib\site-packages\langgraph\pregel\_retry.py", line 132, in arun_with_retry
    async for _ in task.proc.astream(task.input, config):
  File "D:\DEMO CHAT BOT\.venv\Lib\site-packages\langgraph\_internal\_runnable.py", line 840, in astream
    output = await asyncio.create_task(
             ^^^^^^^^^^^^^^^^^^^^^^^^^^
  File "D:\DEMO CHAT BOT\.venv\Lib\site-packages\langgraph\_internal\_runnable.py", line 905, in _consume_aiter
    async for chunk in it:
  File "D:\DEMO CHAT BOT\.venv\Lib\site-packages\langchain_core\tracers\log_stream.py", line 283, in tap_output_aiter
    async for chunk in output:
  File "D:\DEMO CHAT BOT\.venv\Lib\site-packages\langchain_core\runnables\base.py", line 1470, in atransform
    async for ichunk in input:
  File "D:\DEMO CHAT BOT\.venv\Lib\site-packages\langchain_core\runnables\base.py", line 1470, in atransform
    async for ichunk in input:
  File "D:\DEMO CHAT BOT\.venv\Lib\site-packages\langchain_core\runnables\base.py", line 1034, in astream
    yield await self.ainvoke(input, config, **kwargs)
          ^^^^^^^^^^^^^^^^^^^^^^^^^^^^^^^^^^^^^^^^^^^
  File "D:\DEMO CHAT BOT\.venv\Lib\site-packages\langgraph\_internal\_runnable.py", line 465, in ainvoke
    ret = await asyncio.create_task(coro, context=context)
          ^^^^^^^^^^^^^^^^^^^^^^^^^^^^^^^^^^^^^^^^^^^^^^^^
  File "D:\DEMO CHAT BOT\.venv\Lib\site-packages\langgraph\prebuilt\chat_agent_executor.py", line 651, in acall_model
    response = cast(AIMessage, await static_model.ainvoke(model_input, config))  # type: ignore[union-attr]
                               ^^^^^^^^^^^^^^^^^^^^^^^^^^^^^^^^^^^^^^^^^^^^^^^
  File "D:\DEMO CHAT BOT\.venv\Lib\site-packages\langchain_core\runnables\base.py", line 3088, in ainvoke
    input_ = await coro_with_context(part(), context, create_task=True)
             ^^^^^^^^^^^^^^^^^^^^^^^^^^^^^^^^^^^^^^^^^^^^^^^^^^^^^^^^^^
  File "D:\DEMO CHAT BOT\.venv\Lib\site-packages\langchain_core\runnables\base.py", line 5447, in ainvoke
    return await self.bound.ainvoke(
           ^^^^^^^^^^^^^^^^^^^^^^^^^
  File "D:\DEMO CHAT BOT\.venv\Lib\site-packages\langchain_core\language_models\chat_models.py", line 417, in ainvoke
    llm_result = await self.agenerate_prompt(
                 ^^^^^^^^^^^^^^^^^^^^^^^^^^^^
  File "D:\DEMO CHAT BOT\.venv\Lib\site-packages\langchain_core\language_models\chat_models.py", line 991, in agenerate_prompt
    return await self.agenerate(
           ^^^^^^^^^^^^^^^^^^^^^
  File "D:\DEMO CHAT BOT\.venv\Lib\site-packages\langchain_core\language_models\chat_models.py", line 949, in agenerate
    raise exceptions[0]
  File "D:\DEMO CHAT BOT\.venv\Lib\site-packages\langchain_core\language_models\chat_models.py", line 1106, in _agenerate_with_cache
    async for chunk in self._astream(messages, stop=stop, **kwargs):
  File "D:\DEMO CHAT BOT\.venv\Lib\site-packages\langchain_google_genai\chat_models.py", line 1595, in _astream
    async for chunk in await _achat_with_retry(
  File "D:\DEMO CHAT BOT\.venv\Lib\site-packages\google\api_core\grpc_helpers_async.py", line 109, in _wrapped_aiter
    raise exceptions.from_grpc_error(rpc_error) from rpc_error
google.api_core.exceptions.InvalidArgument: 400 API key not valid. Please pass a valid API key. [reason: "API_KEY_INVALID"
domain: "googleapis.com"
metadata {
  key: "service"
  value: "generativelanguage.googleapis.com"
}
, locale: "en-US"
message: "API key not valid. Please pass a valid API key."
]
During task with name 'agent' and id '9177e61f-7aa8-6bf0-af51-d3007adba148'
2025-09-15 06:02:45,777 - INFO - Use pytorch device_name: cpu
2025-09-15 06:02:45,778 - INFO - Load pretrained SentenceTransformer: paraphrase-multilingual-MiniLM-L12-v2
2025-09-15 06:02:45,781 - DEBUG - Starting new HTTPS connection (1): huggingface.co:443
2025-09-15 06:02:46,170 - DEBUG - https://huggingface.co:443 "HEAD /sentence-transformers/paraphrase-multilingual-MiniLM-L12-v2/resolve/main/modules.json HTTP/1.1" 307 0
2025-09-15 06:02:46,206 - DEBUG - https://huggingface.co:443 "HEAD /api/resolve-cache/models/sentence-transformers/paraphrase-multilingual-MiniLM-L12-v2/86741b4e3f5cb7765a600d3a3d55a0f6a6cb443d/modules.json HTTP/1.1" 200 0
2025-09-15 06:02:46,530 - DEBUG - https://huggingface.co:443 "HEAD /sentence-transformers/paraphrase-multilingual-MiniLM-L12-v2/resolve/main/config_sentence_transformers.json HTTP/1.1" 307 0
2025-09-15 06:02:46,565 - DEBUG - https://huggingface.co:443 "HEAD /api/resolve-cache/models/sentence-transformers/paraphrase-multilingual-MiniLM-L12-v2/86741b4e3f5cb7765a600d3a3d55a0f6a6cb443d/config_sentence_transformers.json HTTP/1.1" 200 0
2025-09-15 06:02:46,835 - DEBUG - https://huggingface.co:443 "HEAD /sentence-transformers/paraphrase-multilingual-MiniLM-L12-v2/resolve/main/config_sentence_transformers.json HTTP/1.1" 307 0
2025-09-15 06:02:46,877 - DEBUG - https://huggingface.co:443 "HEAD /api/resolve-cache/models/sentence-transformers/paraphrase-multilingual-MiniLM-L12-v2/86741b4e3f5cb7765a600d3a3d55a0f6a6cb443d/config_sentence_transformers.json HTTP/1.1" 200 0
2025-09-15 06:02:47,137 - DEBUG - https://huggingface.co:443 "HEAD /sentence-transformers/paraphrase-multilingual-MiniLM-L12-v2/resolve/main/README.md HTTP/1.1" 307 0
2025-09-15 06:02:47,173 - DEBUG - https://huggingface.co:443 "HEAD /api/resolve-cache/models/sentence-transformers/paraphrase-multilingual-MiniLM-L12-v2/86741b4e3f5cb7765a600d3a3d55a0f6a6cb443d/README.md HTTP/1.1" 200 0
2025-09-15 06:02:47,436 - DEBUG - https://huggingface.co:443 "HEAD /sentence-transformers/paraphrase-multilingual-MiniLM-L12-v2/resolve/main/modules.json HTTP/1.1" 307 0
2025-09-15 06:02:47,474 - DEBUG - https://huggingface.co:443 "HEAD /api/resolve-cache/models/sentence-transformers/paraphrase-multilingual-MiniLM-L12-v2/86741b4e3f5cb7765a600d3a3d55a0f6a6cb443d/modules.json HTTP/1.1" 200 0
2025-09-15 06:02:47,746 - DEBUG - https://huggingface.co:443 "HEAD /sentence-transformers/paraphrase-multilingual-MiniLM-L12-v2/resolve/main/sentence_bert_config.json HTTP/1.1" 307 0
2025-09-15 06:02:47,785 - DEBUG - https://huggingface.co:443 "HEAD /api/resolve-cache/models/sentence-transformers/paraphrase-multilingual-MiniLM-L12-v2/86741b4e3f5cb7765a600d3a3d55a0f6a6cb443d/sentence_bert_config.json HTTP/1.1" 200 0
2025-09-15 06:02:48,060 - DEBUG - https://huggingface.co:443 "HEAD /sentence-transformers/paraphrase-multilingual-MiniLM-L12-v2/resolve/main/adapter_config.json HTTP/1.1" 404 0
2025-09-15 06:02:48,318 - DEBUG - https://huggingface.co:443 "HEAD /sentence-transformers/paraphrase-multilingual-MiniLM-L12-v2/resolve/main/config.json HTTP/1.1" 307 0
2025-09-15 06:02:48,356 - DEBUG - https://huggingface.co:443 "HEAD /api/resolve-cache/models/sentence-transformers/paraphrase-multilingual-MiniLM-L12-v2/86741b4e3f5cb7765a600d3a3d55a0f6a6cb443d/config.json HTTP/1.1" 200 0
2025-09-15 06:02:48,719 - DEBUG - https://huggingface.co:443 "HEAD /sentence-transformers/paraphrase-multilingual-MiniLM-L12-v2/resolve/main/tokenizer_config.json HTTP/1.1" 307 0
2025-09-15 06:02:48,757 - DEBUG - https://huggingface.co:443 "HEAD /api/resolve-cache/models/sentence-transformers/paraphrase-multilingual-MiniLM-L12-v2/86741b4e3f5cb7765a600d3a3d55a0f6a6cb443d/tokenizer_config.json HTTP/1.1" 200 0
2025-09-15 06:02:49,091 - DEBUG - https://huggingface.co:443 "GET /api/models/sentence-transformers/paraphrase-multilingual-MiniLM-L12-v2/tree/main/additional_chat_templates?recursive=False&expand=False HTTP/1.1" 404 64
2025-09-15 06:02:50,075 - DEBUG - https://huggingface.co:443 "HEAD /sentence-transformers/paraphrase-multilingual-MiniLM-L12-v2/resolve/main/1_Pooling/config.json HTTP/1.1" 307 0
2025-09-15 06:02:50,106 - DEBUG - https://huggingface.co:443 "HEAD /api/resolve-cache/models/sentence-transformers/paraphrase-multilingual-MiniLM-L12-v2/86741b4e3f5cb7765a600d3a3d55a0f6a6cb443d/1_Pooling%2Fconfig.json HTTP/1.1" 200 0
2025-09-15 06:02:50,376 - DEBUG - https://huggingface.co:443 "GET /api/models/sentence-transformers/paraphrase-multilingual-MiniLM-L12-v2 HTTP/1.1" 200 6132
2025-09-15 06:02:50,380 - DEBUG - Đã load model embedding: paraphrase-multilingual-MiniLM-L12-v2
2025-09-15 06:02:50,380 - DEBUG - Đang đọc file disease_specialty.json
2025-09-15 06:02:50,380 - DEBUG - Đang đọc file specialty_package.json
2025-09-15 06:02:50,380 - DEBUG - Đang đọc file package_cost.json
2025-09-15 06:02:50,385 - DEBUG - Hợp nhất các biến thể bệnh
2025-09-15 06:02:50,385 - DEBUG - Đã tạo index: 65 bệnh, 5 chuyên khoa, 10 gói
2025-09-15 06:02:50,756 - DEBUG - Using proactor: IocpProactor
2025-09-15 06:02:52,365 - DEBUG - Initializing InMemoryTaskStore
2025-09-15 06:03:51,500 - DEBUG - Start async tracer
2025-09-15 06:03:51,501 - DEBUG - TaskManager initialized with task_id: None, context_id: None
2025-09-15 06:03:51,501 - DEBUG - task_id is not set, cannot get task.
2025-09-15 06:03:51,502 - DEBUG - Start async tracer
2025-09-15 06:03:51,502 - DEBUG - EventQueue initialized.
2025-09-15 06:03:51,502 - DEBUG - Start async tracer
2025-09-15 06:03:51,502 - DEBUG - EventConsumer initialized
2025-09-15 06:03:51,502 - DEBUG - Starting to consume all events from the queue.
2025-09-15 06:03:51,503 - DEBUG - Start async tracer
2025-09-15 06:03:51,503 - DEBUG - Attempting to dequeue event (waiting).
2025-09-15 06:03:51,503 - DEBUG - Start async tracer
2025-09-15 06:03:51,503 - DEBUG - Start async tracer
2025-09-15 06:03:51,503 - DEBUG - Enqueuing event of type: <class 'a2a.types.TaskStatusUpdateEvent'>
2025-09-15 06:03:51,504 - DEBUG - Start async tracer
2025-09-15 06:03:51,504 - DEBUG - Enqueuing event of type: <class 'a2a.types.TaskStatusUpdateEvent'>
2025-09-15 06:03:51,525 - DEBUG - Dequeued event (waited) of type: <class 'a2a.types.TaskStatusUpdateEvent'>
2025-09-15 06:03:51,525 - DEBUG - Dequeued event of type: <class 'a2a.types.TaskStatusUpdateEvent'> in consume_all.
2025-09-15 06:03:51,525 - DEBUG - Marking task as done in EventQueue.
2025-09-15 06:03:51,525 - DEBUG - Marked task as done in event queue in consume_all
2025-09-15 06:03:51,525 - DEBUG - Processing save of task event of type TaskStatusUpdateEvent for task_id: 481ff5a3-74a3-4247-8587-fa4f00e819b7
2025-09-15 06:03:51,525 - DEBUG - Attempting to retrieve existing task with id: 481ff5a3-74a3-4247-8587-fa4f00e819b7
2025-09-15 06:03:51,525 - DEBUG - Attempting to get task with id: 481ff5a3-74a3-4247-8587-fa4f00e819b7
2025-09-15 06:03:51,525 - DEBUG - Task 481ff5a3-74a3-4247-8587-fa4f00e819b7 not found in store.
2025-09-15 06:03:51,528 - INFO - Task not found or task_id not set. Creating new task for event (task_id: 481ff5a3-74a3-4247-8587-fa4f00e819b7, context_id: cf5b7d3c-ce0f-4ea7-9731-8ec43c57f45a).
2025-09-15 06:03:51,528 - DEBUG - Initializing new Task object with task_id: 481ff5a3-74a3-4247-8587-fa4f00e819b7, context_id: cf5b7d3c-ce0f-4ea7-9731-8ec43c57f45a
2025-09-15 06:03:51,528 - DEBUG - Saving task with id: 481ff5a3-74a3-4247-8587-fa4f00e819b7
2025-09-15 06:03:51,528 - DEBUG - Task 481ff5a3-74a3-4247-8587-fa4f00e819b7 saved successfully.
2025-09-15 06:03:51,528 - DEBUG - Updating task 481ff5a3-74a3-4247-8587-fa4f00e819b7 status to: TaskState.submitted
2025-09-15 06:03:51,529 - DEBUG - Saving task with id: 481ff5a3-74a3-4247-8587-fa4f00e819b7
2025-09-15 06:03:51,529 - DEBUG - Task 481ff5a3-74a3-4247-8587-fa4f00e819b7 saved successfully.
2025-09-15 06:03:51,529 - DEBUG - Start async tracer
2025-09-15 06:03:51,530 - DEBUG - chunk: b'data: {"id":"c4f71ceb-7f32-461f-83ef-cb097ea88e6b","jsonrpc":"2.0","result":{"contextId":"cf5b7d3c-ce0f-4ea7-9731-8ec43c57f45a","final":false,"kind":"status-update","status":{"state":"submitted","timestamp":"2025-09-14T23:03:51.503281+00:00"},"taskId":"481ff5a3-74a3-4247-8587-fa4f00e819b7"}}\r\n\r\n'
2025-09-15 06:03:51,530 - DEBUG - Start async tracer
2025-09-15 06:03:51,530 - DEBUG - Attempting to dequeue event (waiting).
2025-09-15 06:03:51,530 - DEBUG - Dequeued event (waited) of type: <class 'a2a.types.TaskStatusUpdateEvent'>
2025-09-15 06:03:51,530 - DEBUG - Dequeued event of type: <class 'a2a.types.TaskStatusUpdateEvent'> in consume_all.
2025-09-15 06:03:51,530 - DEBUG - Marking task as done in EventQueue.
2025-09-15 06:03:51,530 - DEBUG - Marked task as done in event queue in consume_all
2025-09-15 06:03:51,530 - DEBUG - Processing save of task event of type TaskStatusUpdateEvent for task_id: 481ff5a3-74a3-4247-8587-fa4f00e819b7
2025-09-15 06:03:51,530 - DEBUG - Updating task 481ff5a3-74a3-4247-8587-fa4f00e819b7 status to: TaskState.working
2025-09-15 06:03:51,530 - DEBUG - Saving task with id: 481ff5a3-74a3-4247-8587-fa4f00e819b7
2025-09-15 06:03:51,530 - DEBUG - Task 481ff5a3-74a3-4247-8587-fa4f00e819b7 saved successfully.
2025-09-15 06:03:51,530 - DEBUG - Start async tracer
2025-09-15 06:03:51,530 - DEBUG - chunk: b'data: {"id":"c4f71ceb-7f32-461f-83ef-cb097ea88e6b","jsonrpc":"2.0","result":{"contextId":"cf5b7d3c-ce0f-4ea7-9731-8ec43c57f45a","final":false,"kind":"status-update","status":{"state":"working","timestamp":"2025-09-14T23:03:51.504281+00:00"},"taskId":"481ff5a3-74a3-4247-8587-fa4f00e819b7"}}\r\n\r\n'
2025-09-15 06:03:51,530 - DEBUG - Start async tracer
2025-09-15 06:03:51,530 - DEBUG - Attempting to dequeue event (waiting).
2025-09-15 06:03:51,535 - ERROR - CostAgentExecutor error: 'dict' object has no attribute 'data'
2025-09-15 06:03:51,535 - DEBUG - Start async tracer
2025-09-15 06:03:51,536 - DEBUG - Enqueuing event of type: <class 'a2a.types.TaskStatusUpdateEvent'>
2025-09-15 06:03:51,536 - DEBUG - Start async tracer
2025-09-15 06:03:51,536 - DEBUG - Closing EventQueue.
2025-09-15 06:03:51,537 - DEBUG - Dequeued event (waited) of type: <class 'a2a.types.TaskStatusUpdateEvent'>
2025-09-15 06:03:51,537 - DEBUG - Dequeued event of type: <class 'a2a.types.TaskStatusUpdateEvent'> in consume_all.
2025-09-15 06:03:51,537 - DEBUG - Marking task as done in EventQueue.
2025-09-15 06:03:51,537 - DEBUG - Marked task as done in event queue in consume_all
2025-09-15 06:03:51,537 - DEBUG - Stopping event consumption in consume_all.
2025-09-15 06:03:51,537 - DEBUG - Start async tracer
2025-09-15 06:03:51,537 - DEBUG - Closing EventQueue.
2025-09-15 06:03:51,537 - DEBUG - Processing save of task event of type TaskStatusUpdateEvent for task_id: 481ff5a3-74a3-4247-8587-fa4f00e819b7
2025-09-15 06:03:51,537 - DEBUG - Updating task 481ff5a3-74a3-4247-8587-fa4f00e819b7 status to: TaskState.failed
2025-09-15 06:03:51,537 - DEBUG - Saving task with id: 481ff5a3-74a3-4247-8587-fa4f00e819b7
2025-09-15 06:03:51,537 - DEBUG - Task 481ff5a3-74a3-4247-8587-fa4f00e819b7 saved successfully.
2025-09-15 06:03:51,537 - DEBUG - Start async tracer
2025-09-15 06:03:51,537 - DEBUG - chunk: b'data: {"id":"c4f71ceb-7f32-461f-83ef-cb097ea88e6b","jsonrpc":"2.0","result":{"contextId":"cf5b7d3c-ce0f-4ea7-9731-8ec43c57f45a","final":true,"kind":"status-update","status":{"state":"failed","timestamp":"2025-09-14T23:03:51.535167+00:00"},"taskId":"481ff5a3-74a3-4247-8587-fa4f00e819b7"}}\r\n\r\n'
2025-09-15 06:03:51,537 - DEBUG - Start async tracer
2025-09-15 06:03:51,542 - DEBUG - Agent task callback triggered.
2025-09-15 06:03:51,542 - DEBUG - Start async tracer
2025-09-15 06:03:51,543 - DEBUG - Start async tracer
2025-09-15 06:03:51,543 - DEBUG - Closing EventQueue.
2025-09-15 06:03:51,545 - DEBUG - Got event: http.disconnect. Stop streaming.
2025-09-15 06:03:51,558 - DEBUG - Starting new HTTPS connection (1): integrate.api.nvidia.com:443
2025-09-15 06:03:51,873 - DEBUG - https://integrate.api.nvidia.com:443 "POST /v1/chat/completions HTTP/1.1" 401 70
2025-09-15 06:03:51,889 - ERROR - Task exception was never retrieved
future: <Task finished name='Task-26' coro=<<async_generator_athrow without __name__>()> exception=Exception('[401] Unauthorized\nAuthentication failed\nPlease check or regenerate your API key.')>
Traceback (most recent call last):
  File "D:\DEMO CHAT BOT\.venv\Lib\site-packages\langchain_core\tracers\log_stream.py", line 706, in _astream_log_implementation
    await task
  File "D:\DEMO CHAT BOT\.venv\Lib\site-packages\langchain_core\tracers\log_stream.py", line 658, in consume_astream
    async for chunk in runnable.astream(value, config, **kwargs):
  File "D:\DEMO CHAT BOT\.venv\Lib\site-packages\langgraph\pregel\main.py", line 2928, in astream
    async for _ in runner.atick(
  File "D:\DEMO CHAT BOT\.venv\Lib\site-packages\langgraph\pregel\_runner.py", line 295, in atick
    await arun_with_retry(
  File "D:\DEMO CHAT BOT\.venv\Lib\site-packages\langgraph\pregel\_retry.py", line 132, in arun_with_retry
    async for _ in task.proc.astream(task.input, config):
  File "D:\DEMO CHAT BOT\.venv\Lib\site-packages\langgraph\_internal\_runnable.py", line 840, in astream
    output = await asyncio.create_task(
             ^^^^^^^^^^^^^^^^^^^^^^^^^^
  File "D:\DEMO CHAT BOT\.venv\Lib\site-packages\langgraph\_internal\_runnable.py", line 905, in _consume_aiter
    async for chunk in it:
  File "D:\DEMO CHAT BOT\.venv\Lib\site-packages\langchain_core\tracers\log_stream.py", line 283, in tap_output_aiter
    async for chunk in output:
  File "D:\DEMO CHAT BOT\.venv\Lib\site-packages\langchain_core\runnables\base.py", line 1470, in atransform
    async for ichunk in input:
  File "D:\DEMO CHAT BOT\.venv\Lib\site-packages\langchain_core\runnables\base.py", line 1470, in atransform
    async for ichunk in input:
  File "D:\DEMO CHAT BOT\.venv\Lib\site-packages\langchain_core\runnables\base.py", line 1034, in astream
    yield await self.ainvoke(input, config, **kwargs)
          ^^^^^^^^^^^^^^^^^^^^^^^^^^^^^^^^^^^^^^^^^^^
  File "D:\DEMO CHAT BOT\.venv\Lib\site-packages\langgraph\_internal\_runnable.py", line 465, in ainvoke
    ret = await asyncio.create_task(coro, context=context)
          ^^^^^^^^^^^^^^^^^^^^^^^^^^^^^^^^^^^^^^^^^^^^^^^^
  File "D:\DEMO CHAT BOT\.venv\Lib\site-packages\langgraph\prebuilt\chat_agent_executor.py", line 651, in acall_model
    response = cast(AIMessage, await static_model.ainvoke(model_input, config))  # type: ignore[union-attr]
                               ^^^^^^^^^^^^^^^^^^^^^^^^^^^^^^^^^^^^^^^^^^^^^^^
  File "D:\DEMO CHAT BOT\.venv\Lib\site-packages\langchain_core\runnables\base.py", line 3088, in ainvoke
    input_ = await coro_with_context(part(), context, create_task=True)
             ^^^^^^^^^^^^^^^^^^^^^^^^^^^^^^^^^^^^^^^^^^^^^^^^^^^^^^^^^^
  File "D:\DEMO CHAT BOT\.venv\Lib\site-packages\langchain_core\runnables\base.py", line 5447, in ainvoke
    return await self.bound.ainvoke(
           ^^^^^^^^^^^^^^^^^^^^^^^^^
  File "D:\DEMO CHAT BOT\.venv\Lib\site-packages\langchain_core\language_models\chat_models.py", line 417, in ainvoke
    llm_result = await self.agenerate_prompt(
                 ^^^^^^^^^^^^^^^^^^^^^^^^^^^^
  File "D:\DEMO CHAT BOT\.venv\Lib\site-packages\langchain_core\language_models\chat_models.py", line 991, in agenerate_prompt
    return await self.agenerate(
           ^^^^^^^^^^^^^^^^^^^^^
  File "D:\DEMO CHAT BOT\.venv\Lib\site-packages\langchain_core\language_models\chat_models.py", line 949, in agenerate
    raise exceptions[0]
  File "D:\DEMO CHAT BOT\.venv\Lib\site-packages\langchain_core\language_models\chat_models.py", line 1106, in _agenerate_with_cache
    async for chunk in self._astream(messages, stop=stop, **kwargs):
  File "D:\DEMO CHAT BOT\.venv\Lib\site-packages\langchain_core\language_models\chat_models.py", line 1192, in _astream
    item = await run_in_executor(
           ^^^^^^^^^^^^^^^^^^^^^^
  File "D:\DEMO CHAT BOT\.venv\Lib\site-packages\langchain_core\runnables\config.py", line 617, in run_in_executor
    return await asyncio.get_running_loop().run_in_executor(
           ^^^^^^^^^^^^^^^^^^^^^^^^^^^^^^^^^^^^^^^^^^^^^^^^^
  File "E:\ANACONDA\Lib\concurrent\futures\thread.py", line 58, in run
    result = self.fn(*self.args, **self.kwargs)
             ^^^^^^^^^^^^^^^^^^^^^^^^^^^^^^^^^^
  File "D:\DEMO CHAT BOT\.venv\Lib\site-packages\langchain_core\runnables\config.py", line 608, in wrapper
    return func(*args, **kwargs)
           ^^^^^^^^^^^^^^^^^^^^^
  File "D:\DEMO CHAT BOT\.venv\Lib\site-packages\langchain_nvidia_ai_endpoints\chat_models.py", line 529, in _stream
    for response in self._client.get_req_stream(
                    ^^^^^^^^^^^^^^^^^^^^^^^^^^^^
  File "D:\DEMO CHAT BOT\.venv\Lib\site-packages\langchain_nvidia_ai_endpoints\_common.py", line 590, in get_req_stream
    self._try_raise(response)
  File "D:\DEMO CHAT BOT\.venv\Lib\site-packages\langchain_nvidia_ai_endpoints\_common.py", line 489, in _try_raise
    raise Exception(f"{header}\n{body}") from None
Exception: [401] Unauthorized
Authentication failed
Please check or regenerate your API key.
During task with name 'agent' and id 'ec6165aa-b119-94ca-c589-27b5db937499'
2025-09-15 20:34:41,639 - INFO - Use pytorch device_name: cpu
2025-09-15 20:34:41,639 - INFO - Load pretrained SentenceTransformer: paraphrase-multilingual-MiniLM-L12-v2
2025-09-15 20:34:41,645 - DEBUG - Starting new HTTPS connection (1): huggingface.co:443
2025-09-15 20:34:42,372 - DEBUG - https://huggingface.co:443 "HEAD /sentence-transformers/paraphrase-multilingual-MiniLM-L12-v2/resolve/main/modules.json HTTP/1.1" 307 0
2025-09-15 20:34:42,485 - DEBUG - https://huggingface.co:443 "HEAD /api/resolve-cache/models/sentence-transformers/paraphrase-multilingual-MiniLM-L12-v2/86741b4e3f5cb7765a600d3a3d55a0f6a6cb443d/modules.json HTTP/1.1" 200 0
2025-09-15 20:34:42,835 - DEBUG - https://huggingface.co:443 "HEAD /sentence-transformers/paraphrase-multilingual-MiniLM-L12-v2/resolve/main/config_sentence_transformers.json HTTP/1.1" 307 0
2025-09-15 20:34:42,940 - DEBUG - https://huggingface.co:443 "HEAD /api/resolve-cache/models/sentence-transformers/paraphrase-multilingual-MiniLM-L12-v2/86741b4e3f5cb7765a600d3a3d55a0f6a6cb443d/config_sentence_transformers.json HTTP/1.1" 200 0
2025-09-15 20:34:43,245 - DEBUG - https://huggingface.co:443 "HEAD /sentence-transformers/paraphrase-multilingual-MiniLM-L12-v2/resolve/main/config_sentence_transformers.json HTTP/1.1" 307 0
2025-09-15 20:34:43,324 - DEBUG - https://huggingface.co:443 "HEAD /api/resolve-cache/models/sentence-transformers/paraphrase-multilingual-MiniLM-L12-v2/86741b4e3f5cb7765a600d3a3d55a0f6a6cb443d/config_sentence_transformers.json HTTP/1.1" 200 0
2025-09-15 20:34:43,705 - DEBUG - https://huggingface.co:443 "HEAD /sentence-transformers/paraphrase-multilingual-MiniLM-L12-v2/resolve/main/README.md HTTP/1.1" 307 0
2025-09-15 20:34:43,775 - DEBUG - https://huggingface.co:443 "HEAD /api/resolve-cache/models/sentence-transformers/paraphrase-multilingual-MiniLM-L12-v2/86741b4e3f5cb7765a600d3a3d55a0f6a6cb443d/README.md HTTP/1.1" 200 0
2025-09-15 20:34:44,096 - DEBUG - https://huggingface.co:443 "HEAD /sentence-transformers/paraphrase-multilingual-MiniLM-L12-v2/resolve/main/modules.json HTTP/1.1" 307 0
2025-09-15 20:34:44,175 - DEBUG - https://huggingface.co:443 "HEAD /api/resolve-cache/models/sentence-transformers/paraphrase-multilingual-MiniLM-L12-v2/86741b4e3f5cb7765a600d3a3d55a0f6a6cb443d/modules.json HTTP/1.1" 200 0
2025-09-15 20:34:44,491 - DEBUG - https://huggingface.co:443 "HEAD /sentence-transformers/paraphrase-multilingual-MiniLM-L12-v2/resolve/main/sentence_bert_config.json HTTP/1.1" 307 0
2025-09-15 20:34:44,565 - DEBUG - https://huggingface.co:443 "HEAD /api/resolve-cache/models/sentence-transformers/paraphrase-multilingual-MiniLM-L12-v2/86741b4e3f5cb7765a600d3a3d55a0f6a6cb443d/sentence_bert_config.json HTTP/1.1" 200 0
2025-09-15 20:34:44,895 - DEBUG - https://huggingface.co:443 "HEAD /sentence-transformers/paraphrase-multilingual-MiniLM-L12-v2/resolve/main/adapter_config.json HTTP/1.1" 404 0
2025-09-15 20:34:45,205 - DEBUG - https://huggingface.co:443 "HEAD /sentence-transformers/paraphrase-multilingual-MiniLM-L12-v2/resolve/main/config.json HTTP/1.1" 307 0
2025-09-15 20:34:45,296 - DEBUG - https://huggingface.co:443 "HEAD /api/resolve-cache/models/sentence-transformers/paraphrase-multilingual-MiniLM-L12-v2/86741b4e3f5cb7765a600d3a3d55a0f6a6cb443d/config.json HTTP/1.1" 200 0
2025-09-15 20:34:45,827 - DEBUG - https://huggingface.co:443 "HEAD /sentence-transformers/paraphrase-multilingual-MiniLM-L12-v2/resolve/main/tokenizer_config.json HTTP/1.1" 307 0
2025-09-15 20:34:45,888 - DEBUG - https://huggingface.co:443 "HEAD /api/resolve-cache/models/sentence-transformers/paraphrase-multilingual-MiniLM-L12-v2/86741b4e3f5cb7765a600d3a3d55a0f6a6cb443d/tokenizer_config.json HTTP/1.1" 200 0
2025-09-15 20:34:46,211 - DEBUG - https://huggingface.co:443 "GET /api/models/sentence-transformers/paraphrase-multilingual-MiniLM-L12-v2/tree/main/additional_chat_templates?recursive=False&expand=False HTTP/1.1" 404 64
2025-09-15 20:34:47,275 - DEBUG - https://huggingface.co:443 "HEAD /sentence-transformers/paraphrase-multilingual-MiniLM-L12-v2/resolve/main/1_Pooling/config.json HTTP/1.1" 307 0
2025-09-15 20:34:47,375 - DEBUG - https://huggingface.co:443 "HEAD /api/resolve-cache/models/sentence-transformers/paraphrase-multilingual-MiniLM-L12-v2/86741b4e3f5cb7765a600d3a3d55a0f6a6cb443d/1_Pooling%2Fconfig.json HTTP/1.1" 200 0
2025-09-15 20:34:47,725 - DEBUG - https://huggingface.co:443 "GET /api/models/sentence-transformers/paraphrase-multilingual-MiniLM-L12-v2 HTTP/1.1" 200 6123
2025-09-15 20:34:47,736 - DEBUG - Đã load model embedding: paraphrase-multilingual-MiniLM-L12-v2
2025-09-15 20:34:47,736 - DEBUG - Đang đọc file disease_specialty.json
2025-09-15 20:34:47,739 - DEBUG - Đang đọc file specialty_package.json
2025-09-15 20:34:47,739 - DEBUG - Đang đọc file package_cost.json
2025-09-15 20:34:47,739 - DEBUG - Hợp nhất các biến thể bệnh
2025-09-15 20:34:47,739 - DEBUG - Đã tạo index: 65 bệnh, 5 chuyên khoa, 10 gói
2025-09-15 20:34:48,115 - DEBUG - Using proactor: IocpProactor
2025-09-15 20:34:50,138 - DEBUG - Initializing InMemoryTaskStore
2025-09-15 20:35:56,439 - DEBUG - Start async tracer
2025-09-15 20:35:56,444 - DEBUG - TaskManager initialized with task_id: None, context_id: None
2025-09-15 20:35:56,444 - DEBUG - task_id is not set, cannot get task.
2025-09-15 20:35:56,444 - DEBUG - Start async tracer
2025-09-15 20:35:56,444 - DEBUG - EventQueue initialized.
2025-09-15 20:35:56,444 - DEBUG - Start async tracer
2025-09-15 20:35:56,445 - DEBUG - EventConsumer initialized
2025-09-15 20:35:56,445 - DEBUG - Starting to consume all events from the queue.
2025-09-15 20:35:56,445 - DEBUG - Start async tracer
2025-09-15 20:35:56,445 - DEBUG - Attempting to dequeue event (waiting).
2025-09-15 20:35:56,445 - DEBUG - Start async tracer
2025-09-15 20:35:56,445 - DEBUG - Start async tracer
2025-09-15 20:35:56,445 - DEBUG - Enqueuing event of type: <class 'a2a.types.TaskStatusUpdateEvent'>
2025-09-15 20:35:56,445 - DEBUG - Start async tracer
2025-09-15 20:35:56,445 - DEBUG - Enqueuing event of type: <class 'a2a.types.TaskStatusUpdateEvent'>
2025-09-15 20:35:56,465 - DEBUG - Dequeued event (waited) of type: <class 'a2a.types.TaskStatusUpdateEvent'>
2025-09-15 20:35:56,465 - DEBUG - Dequeued event of type: <class 'a2a.types.TaskStatusUpdateEvent'> in consume_all.
2025-09-15 20:35:56,465 - DEBUG - Marking task as done in EventQueue.
2025-09-15 20:35:56,467 - DEBUG - Marked task as done in event queue in consume_all
2025-09-15 20:35:56,467 - DEBUG - Processing save of task event of type TaskStatusUpdateEvent for task_id: ceea526e-bd09-47e0-b8f6-08c31260f31d
2025-09-15 20:35:56,467 - DEBUG - Attempting to retrieve existing task with id: ceea526e-bd09-47e0-b8f6-08c31260f31d
2025-09-15 20:35:56,467 - DEBUG - Attempting to get task with id: ceea526e-bd09-47e0-b8f6-08c31260f31d
2025-09-15 20:35:56,467 - DEBUG - Task ceea526e-bd09-47e0-b8f6-08c31260f31d not found in store.
2025-09-15 20:35:56,467 - INFO - Task not found or task_id not set. Creating new task for event (task_id: ceea526e-bd09-47e0-b8f6-08c31260f31d, context_id: 4ba4711f-8244-4791-925f-d52ecbcddd11).
2025-09-15 20:35:56,467 - DEBUG - Initializing new Task object with task_id: ceea526e-bd09-47e0-b8f6-08c31260f31d, context_id: 4ba4711f-8244-4791-925f-d52ecbcddd11
2025-09-15 20:35:56,467 - DEBUG - Saving task with id: ceea526e-bd09-47e0-b8f6-08c31260f31d
2025-09-15 20:35:56,467 - DEBUG - Task ceea526e-bd09-47e0-b8f6-08c31260f31d saved successfully.
2025-09-15 20:35:56,467 - DEBUG - Updating task ceea526e-bd09-47e0-b8f6-08c31260f31d status to: TaskState.submitted
2025-09-15 20:35:56,467 - DEBUG - Saving task with id: ceea526e-bd09-47e0-b8f6-08c31260f31d
2025-09-15 20:35:56,467 - DEBUG - Task ceea526e-bd09-47e0-b8f6-08c31260f31d saved successfully.
2025-09-15 20:35:56,467 - DEBUG - Start async tracer
2025-09-15 20:35:56,467 - DEBUG - chunk: b'data: {"id":"7bc6817f-7549-43e2-9173-6d761c9b725b","jsonrpc":"2.0","result":{"contextId":"4ba4711f-8244-4791-925f-d52ecbcddd11","final":false,"kind":"status-update","status":{"state":"submitted","timestamp":"2025-09-15T13:35:56.445799+00:00"},"taskId":"ceea526e-bd09-47e0-b8f6-08c31260f31d"}}\r\n\r\n'
2025-09-15 20:35:56,467 - DEBUG - Start async tracer
2025-09-15 20:35:56,467 - DEBUG - Attempting to dequeue event (waiting).
2025-09-15 20:35:56,472 - DEBUG - Dequeued event (waited) of type: <class 'a2a.types.TaskStatusUpdateEvent'>
2025-09-15 20:35:56,472 - DEBUG - Dequeued event of type: <class 'a2a.types.TaskStatusUpdateEvent'> in consume_all.
2025-09-15 20:35:56,472 - DEBUG - Marking task as done in EventQueue.
2025-09-15 20:35:56,472 - DEBUG - Marked task as done in event queue in consume_all
2025-09-15 20:35:56,473 - DEBUG - Processing save of task event of type TaskStatusUpdateEvent for task_id: ceea526e-bd09-47e0-b8f6-08c31260f31d
2025-09-15 20:35:56,473 - DEBUG - Updating task ceea526e-bd09-47e0-b8f6-08c31260f31d status to: TaskState.working
2025-09-15 20:35:56,473 - DEBUG - Saving task with id: ceea526e-bd09-47e0-b8f6-08c31260f31d
2025-09-15 20:35:56,473 - DEBUG - Task ceea526e-bd09-47e0-b8f6-08c31260f31d saved successfully.
2025-09-15 20:35:56,474 - DEBUG - Start async tracer
2025-09-15 20:35:56,474 - DEBUG - chunk: b'data: {"id":"7bc6817f-7549-43e2-9173-6d761c9b725b","jsonrpc":"2.0","result":{"contextId":"4ba4711f-8244-4791-925f-d52ecbcddd11","final":false,"kind":"status-update","status":{"state":"working","timestamp":"2025-09-15T13:35:56.445799+00:00"},"taskId":"ceea526e-bd09-47e0-b8f6-08c31260f31d"}}\r\n\r\n'
2025-09-15 20:35:56,474 - DEBUG - Start async tracer
2025-09-15 20:35:56,475 - DEBUG - Attempting to dequeue event (waiting).
2025-09-15 20:35:56,475 - ERROR - CostAgentExecutor error: 'dict' object has no attribute 'data'
2025-09-15 20:35:56,475 - DEBUG - Start async tracer
2025-09-15 20:35:56,475 - DEBUG - Enqueuing event of type: <class 'a2a.types.TaskStatusUpdateEvent'>
2025-09-15 20:35:56,475 - DEBUG - Start async tracer
2025-09-15 20:35:56,475 - DEBUG - Closing EventQueue.
2025-09-15 20:35:56,475 - DEBUG - Dequeued event (waited) of type: <class 'a2a.types.TaskStatusUpdateEvent'>
2025-09-15 20:35:56,475 - DEBUG - Dequeued event of type: <class 'a2a.types.TaskStatusUpdateEvent'> in consume_all.
2025-09-15 20:35:56,475 - DEBUG - Marking task as done in EventQueue.
2025-09-15 20:35:56,475 - DEBUG - Marked task as done in event queue in consume_all
2025-09-15 20:35:56,475 - DEBUG - Stopping event consumption in consume_all.
2025-09-15 20:35:56,475 - DEBUG - Start async tracer
2025-09-15 20:35:56,475 - DEBUG - Closing EventQueue.
2025-09-15 20:35:56,475 - DEBUG - Processing save of task event of type TaskStatusUpdateEvent for task_id: ceea526e-bd09-47e0-b8f6-08c31260f31d
2025-09-15 20:35:56,475 - DEBUG - Updating task ceea526e-bd09-47e0-b8f6-08c31260f31d status to: TaskState.failed
2025-09-15 20:35:56,475 - DEBUG - Saving task with id: ceea526e-bd09-47e0-b8f6-08c31260f31d
2025-09-15 20:35:56,475 - DEBUG - Task ceea526e-bd09-47e0-b8f6-08c31260f31d saved successfully.
2025-09-15 20:35:56,479 - DEBUG - Start async tracer
2025-09-15 20:35:56,479 - DEBUG - chunk: b'data: {"id":"7bc6817f-7549-43e2-9173-6d761c9b725b","jsonrpc":"2.0","result":{"contextId":"4ba4711f-8244-4791-925f-d52ecbcddd11","final":true,"kind":"status-update","status":{"state":"failed","timestamp":"2025-09-15T13:35:56.475150+00:00"},"taskId":"ceea526e-bd09-47e0-b8f6-08c31260f31d"}}\r\n\r\n'
2025-09-15 20:35:56,479 - DEBUG - Start async tracer
2025-09-15 20:35:56,480 - DEBUG - Agent task callback triggered.
2025-09-15 20:35:56,480 - DEBUG - Start async tracer
2025-09-15 20:35:56,480 - DEBUG - Start async tracer
2025-09-15 20:35:56,480 - DEBUG - Closing EventQueue.
2025-09-15 20:35:56,480 - DEBUG - Got event: http.disconnect. Stop streaming.
2025-09-15 20:35:56,495 - DEBUG - Starting new HTTPS connection (1): integrate.api.nvidia.com:443
2025-09-15 20:35:56,920 - DEBUG - https://integrate.api.nvidia.com:443 "POST /v1/chat/completions HTTP/1.1" 401 70
2025-09-15 20:35:56,944 - ERROR - Task exception was never retrieved
future: <Task finished name='Task-30' coro=<<async_generator_athrow without __name__>()> exception=Exception('[401] Unauthorized\nAuthentication failed\nPlease check or regenerate your API key.')>
Traceback (most recent call last):
  File "D:\DEMO CHAT BOT\.venv\Lib\site-packages\langchain_core\tracers\log_stream.py", line 706, in _astream_log_implementation
    await task
  File "D:\DEMO CHAT BOT\.venv\Lib\site-packages\langchain_core\tracers\log_stream.py", line 658, in consume_astream
    async for chunk in runnable.astream(value, config, **kwargs):
  File "D:\DEMO CHAT BOT\.venv\Lib\site-packages\langgraph\pregel\main.py", line 2928, in astream
    async for _ in runner.atick(
  File "D:\DEMO CHAT BOT\.venv\Lib\site-packages\langgraph\pregel\_runner.py", line 295, in atick
    await arun_with_retry(
  File "D:\DEMO CHAT BOT\.venv\Lib\site-packages\langgraph\pregel\_retry.py", line 132, in arun_with_retry
    async for _ in task.proc.astream(task.input, config):
  File "D:\DEMO CHAT BOT\.venv\Lib\site-packages\langgraph\_internal\_runnable.py", line 840, in astream
    output = await asyncio.create_task(
             ^^^^^^^^^^^^^^^^^^^^^^^^^^
  File "D:\DEMO CHAT BOT\.venv\Lib\site-packages\langgraph\_internal\_runnable.py", line 905, in _consume_aiter
    async for chunk in it:
  File "D:\DEMO CHAT BOT\.venv\Lib\site-packages\langchain_core\tracers\log_stream.py", line 283, in tap_output_aiter
    async for chunk in output:
  File "D:\DEMO CHAT BOT\.venv\Lib\site-packages\langchain_core\runnables\base.py", line 1470, in atransform
    async for ichunk in input:
  File "D:\DEMO CHAT BOT\.venv\Lib\site-packages\langchain_core\runnables\base.py", line 1470, in atransform
    async for ichunk in input:
  File "D:\DEMO CHAT BOT\.venv\Lib\site-packages\langchain_core\runnables\base.py", line 1034, in astream
    yield await self.ainvoke(input, config, **kwargs)
          ^^^^^^^^^^^^^^^^^^^^^^^^^^^^^^^^^^^^^^^^^^^
  File "D:\DEMO CHAT BOT\.venv\Lib\site-packages\langgraph\_internal\_runnable.py", line 465, in ainvoke
    ret = await asyncio.create_task(coro, context=context)
          ^^^^^^^^^^^^^^^^^^^^^^^^^^^^^^^^^^^^^^^^^^^^^^^^
  File "D:\DEMO CHAT BOT\.venv\Lib\site-packages\langgraph\prebuilt\chat_agent_executor.py", line 651, in acall_model
    response = cast(AIMessage, await static_model.ainvoke(model_input, config))  # type: ignore[union-attr]
                               ^^^^^^^^^^^^^^^^^^^^^^^^^^^^^^^^^^^^^^^^^^^^^^^
  File "D:\DEMO CHAT BOT\.venv\Lib\site-packages\langchain_core\runnables\base.py", line 3088, in ainvoke
    input_ = await coro_with_context(part(), context, create_task=True)
             ^^^^^^^^^^^^^^^^^^^^^^^^^^^^^^^^^^^^^^^^^^^^^^^^^^^^^^^^^^
  File "D:\DEMO CHAT BOT\.venv\Lib\site-packages\langchain_core\runnables\base.py", line 5447, in ainvoke
    return await self.bound.ainvoke(
           ^^^^^^^^^^^^^^^^^^^^^^^^^
  File "D:\DEMO CHAT BOT\.venv\Lib\site-packages\langchain_core\language_models\chat_models.py", line 417, in ainvoke
    llm_result = await self.agenerate_prompt(
                 ^^^^^^^^^^^^^^^^^^^^^^^^^^^^
  File "D:\DEMO CHAT BOT\.venv\Lib\site-packages\langchain_core\language_models\chat_models.py", line 991, in agenerate_prompt
    return await self.agenerate(
           ^^^^^^^^^^^^^^^^^^^^^
  File "D:\DEMO CHAT BOT\.venv\Lib\site-packages\langchain_core\language_models\chat_models.py", line 949, in agenerate
    raise exceptions[0]
  File "D:\DEMO CHAT BOT\.venv\Lib\site-packages\langchain_core\language_models\chat_models.py", line 1106, in _agenerate_with_cache
    async for chunk in self._astream(messages, stop=stop, **kwargs):
  File "D:\DEMO CHAT BOT\.venv\Lib\site-packages\langchain_core\language_models\chat_models.py", line 1192, in _astream
    item = await run_in_executor(
           ^^^^^^^^^^^^^^^^^^^^^^
  File "D:\DEMO CHAT BOT\.venv\Lib\site-packages\langchain_core\runnables\config.py", line 617, in run_in_executor
    return await asyncio.get_running_loop().run_in_executor(
           ^^^^^^^^^^^^^^^^^^^^^^^^^^^^^^^^^^^^^^^^^^^^^^^^^
  File "E:\ANACONDA\Lib\concurrent\futures\thread.py", line 58, in run
    result = self.fn(*self.args, **self.kwargs)
             ^^^^^^^^^^^^^^^^^^^^^^^^^^^^^^^^^^
  File "D:\DEMO CHAT BOT\.venv\Lib\site-packages\langchain_core\runnables\config.py", line 608, in wrapper
    return func(*args, **kwargs)
           ^^^^^^^^^^^^^^^^^^^^^
  File "D:\DEMO CHAT BOT\.venv\Lib\site-packages\langchain_nvidia_ai_endpoints\chat_models.py", line 529, in _stream
    for response in self._client.get_req_stream(
                    ^^^^^^^^^^^^^^^^^^^^^^^^^^^^
  File "D:\DEMO CHAT BOT\.venv\Lib\site-packages\langchain_nvidia_ai_endpoints\_common.py", line 590, in get_req_stream
    self._try_raise(response)
  File "D:\DEMO CHAT BOT\.venv\Lib\site-packages\langchain_nvidia_ai_endpoints\_common.py", line 489, in _try_raise
    raise Exception(f"{header}\n{body}") from None
Exception: [401] Unauthorized
Authentication failed
Please check or regenerate your API key.
During task with name 'agent' and id 'ec17d332-ab82-4fd4-29ec-0f963934ee38'
2025-09-16 04:04:22,658 - DEBUG - Start async tracer
2025-09-16 04:04:22,658 - DEBUG - TaskManager initialized with task_id: None, context_id: None
2025-09-16 04:04:22,658 - DEBUG - task_id is not set, cannot get task.
2025-09-16 04:04:22,658 - DEBUG - Start async tracer
2025-09-16 04:04:22,658 - DEBUG - EventQueue initialized.
2025-09-16 04:04:22,658 - DEBUG - Start async tracer
2025-09-16 04:04:22,658 - DEBUG - EventConsumer initialized
2025-09-16 04:04:22,658 - DEBUG - Starting to consume all events from the queue.
2025-09-16 04:04:22,658 - DEBUG - Start async tracer
2025-09-16 04:04:22,658 - DEBUG - Attempting to dequeue event (waiting).
2025-09-16 04:04:22,664 - DEBUG - Start async tracer
2025-09-16 04:04:22,664 - DEBUG - Start async tracer
2025-09-16 04:04:22,664 - DEBUG - Enqueuing event of type: <class 'a2a.types.TaskStatusUpdateEvent'>
2025-09-16 04:04:22,664 - DEBUG - Start async tracer
2025-09-16 04:04:22,664 - DEBUG - Enqueuing event of type: <class 'a2a.types.TaskStatusUpdateEvent'>
2025-09-16 04:04:22,672 - DEBUG - Dequeued event (waited) of type: <class 'a2a.types.TaskStatusUpdateEvent'>
2025-09-16 04:04:22,672 - DEBUG - Dequeued event of type: <class 'a2a.types.TaskStatusUpdateEvent'> in consume_all.
2025-09-16 04:04:22,672 - DEBUG - Marking task as done in EventQueue.
2025-09-16 04:04:22,672 - DEBUG - Marked task as done in event queue in consume_all
2025-09-16 04:04:22,672 - DEBUG - Processing save of task event of type TaskStatusUpdateEvent for task_id: 5049a170-2610-4bc5-afb1-c7155f88b727
2025-09-16 04:04:22,672 - DEBUG - Attempting to retrieve existing task with id: 5049a170-2610-4bc5-afb1-c7155f88b727
2025-09-16 04:04:22,672 - DEBUG - Attempting to get task with id: 5049a170-2610-4bc5-afb1-c7155f88b727
2025-09-16 04:04:22,672 - DEBUG - Task 5049a170-2610-4bc5-afb1-c7155f88b727 not found in store.
2025-09-16 04:04:22,672 - INFO - Task not found or task_id not set. Creating new task for event (task_id: 5049a170-2610-4bc5-afb1-c7155f88b727, context_id: c36d9d76-2ae2-4866-87e6-3223f8d2f342).
2025-09-16 04:04:22,672 - DEBUG - Initializing new Task object with task_id: 5049a170-2610-4bc5-afb1-c7155f88b727, context_id: c36d9d76-2ae2-4866-87e6-3223f8d2f342
2025-09-16 04:04:22,672 - DEBUG - Saving task with id: 5049a170-2610-4bc5-afb1-c7155f88b727
2025-09-16 04:04:22,672 - DEBUG - Task 5049a170-2610-4bc5-afb1-c7155f88b727 saved successfully.
2025-09-16 04:04:22,672 - DEBUG - Updating task 5049a170-2610-4bc5-afb1-c7155f88b727 status to: TaskState.submitted
2025-09-16 04:04:22,672 - DEBUG - Saving task with id: 5049a170-2610-4bc5-afb1-c7155f88b727
2025-09-16 04:04:22,672 - DEBUG - Task 5049a170-2610-4bc5-afb1-c7155f88b727 saved successfully.
2025-09-16 04:04:22,672 - DEBUG - Start async tracer
2025-09-16 04:04:22,672 - DEBUG - chunk: b'data: {"id":"4e7c1f49-f657-459d-8075-f9925aae1552","jsonrpc":"2.0","result":{"contextId":"c36d9d76-2ae2-4866-87e6-3223f8d2f342","final":false,"kind":"status-update","status":{"state":"submitted","timestamp":"2025-09-15T21:04:22.664663+00:00"},"taskId":"5049a170-2610-4bc5-afb1-c7155f88b727"}}\r\n\r\n'
2025-09-16 04:04:22,672 - DEBUG - Start async tracer
2025-09-16 04:04:22,672 - DEBUG - Attempting to dequeue event (waiting).
2025-09-16 04:04:22,672 - DEBUG - Dequeued event (waited) of type: <class 'a2a.types.TaskStatusUpdateEvent'>
2025-09-16 04:04:22,672 - DEBUG - Dequeued event of type: <class 'a2a.types.TaskStatusUpdateEvent'> in consume_all.
2025-09-16 04:04:22,672 - DEBUG - Marking task as done in EventQueue.
2025-09-16 04:04:22,672 - DEBUG - Marked task as done in event queue in consume_all
2025-09-16 04:04:22,672 - DEBUG - Processing save of task event of type TaskStatusUpdateEvent for task_id: 5049a170-2610-4bc5-afb1-c7155f88b727
2025-09-16 04:04:22,672 - DEBUG - Updating task 5049a170-2610-4bc5-afb1-c7155f88b727 status to: TaskState.working
2025-09-16 04:04:22,676 - DEBUG - Saving task with id: 5049a170-2610-4bc5-afb1-c7155f88b727
2025-09-16 04:04:22,676 - DEBUG - Task 5049a170-2610-4bc5-afb1-c7155f88b727 saved successfully.
2025-09-16 04:04:22,676 - DEBUG - Start async tracer
2025-09-16 04:04:22,676 - DEBUG - chunk: b'data: {"id":"4e7c1f49-f657-459d-8075-f9925aae1552","jsonrpc":"2.0","result":{"contextId":"c36d9d76-2ae2-4866-87e6-3223f8d2f342","final":false,"kind":"status-update","status":{"state":"working","timestamp":"2025-09-15T21:04:22.664663+00:00"},"taskId":"5049a170-2610-4bc5-afb1-c7155f88b727"}}\r\n\r\n'
2025-09-16 04:04:22,676 - DEBUG - Start async tracer
2025-09-16 04:04:22,676 - DEBUG - Attempting to dequeue event (waiting).
2025-09-16 04:04:22,676 - ERROR - CostAgentExecutor error: 'dict' object has no attribute 'data'
2025-09-16 04:04:22,676 - DEBUG - Start async tracer
2025-09-16 04:04:22,676 - DEBUG - Enqueuing event of type: <class 'a2a.types.TaskStatusUpdateEvent'>
2025-09-16 04:04:22,676 - DEBUG - Start async tracer
2025-09-16 04:04:22,676 - DEBUG - Closing EventQueue.
2025-09-16 04:04:22,676 - DEBUG - Dequeued event (waited) of type: <class 'a2a.types.TaskStatusUpdateEvent'>
2025-09-16 04:04:22,676 - DEBUG - Dequeued event of type: <class 'a2a.types.TaskStatusUpdateEvent'> in consume_all.
2025-09-16 04:04:22,676 - DEBUG - Marking task as done in EventQueue.
2025-09-16 04:04:22,676 - DEBUG - Marked task as done in event queue in consume_all
2025-09-16 04:04:22,676 - DEBUG - Stopping event consumption in consume_all.
2025-09-16 04:04:22,676 - DEBUG - Start async tracer
2025-09-16 04:04:22,676 - DEBUG - Closing EventQueue.
2025-09-16 04:04:22,676 - DEBUG - Processing save of task event of type TaskStatusUpdateEvent for task_id: 5049a170-2610-4bc5-afb1-c7155f88b727
2025-09-16 04:04:22,676 - DEBUG - Updating task 5049a170-2610-4bc5-afb1-c7155f88b727 status to: TaskState.failed
2025-09-16 04:04:22,676 - DEBUG - Saving task with id: 5049a170-2610-4bc5-afb1-c7155f88b727
2025-09-16 04:04:22,676 - DEBUG - Task 5049a170-2610-4bc5-afb1-c7155f88b727 saved successfully.
2025-09-16 04:04:22,676 - DEBUG - Start async tracer
2025-09-16 04:04:22,676 - DEBUG - chunk: b'data: {"id":"4e7c1f49-f657-459d-8075-f9925aae1552","jsonrpc":"2.0","result":{"contextId":"c36d9d76-2ae2-4866-87e6-3223f8d2f342","final":true,"kind":"status-update","status":{"state":"failed","timestamp":"2025-09-15T21:04:22.676455+00:00"},"taskId":"5049a170-2610-4bc5-afb1-c7155f88b727"}}\r\n\r\n'
2025-09-16 04:04:22,676 - DEBUG - Start async tracer
2025-09-16 04:04:22,676 - DEBUG - Agent task callback triggered.
2025-09-16 04:04:22,676 - DEBUG - Start async tracer
2025-09-16 04:04:22,676 - DEBUG - Start async tracer
2025-09-16 04:04:22,676 - DEBUG - Closing EventQueue.
2025-09-16 04:04:22,676 - DEBUG - Got event: http.disconnect. Stop streaming.
2025-09-16 04:04:22,688 - DEBUG - Starting new HTTPS connection (1): integrate.api.nvidia.com:443
2025-09-16 04:04:23,064 - DEBUG - https://integrate.api.nvidia.com:443 "POST /v1/chat/completions HTTP/1.1" 401 70
2025-09-16 04:04:23,075 - ERROR - Task exception was never retrieved
future: <Task finished name='Task-69' coro=<<async_generator_athrow without __name__>()> exception=Exception('[401] Unauthorized\nAuthentication failed\nPlease check or regenerate your API key.')>
Traceback (most recent call last):
  File "D:\DEMO CHAT BOT\.venv\Lib\site-packages\langchain_core\tracers\log_stream.py", line 706, in _astream_log_implementation
    await task
  File "D:\DEMO CHAT BOT\.venv\Lib\site-packages\langchain_core\tracers\log_stream.py", line 658, in consume_astream
    async for chunk in runnable.astream(value, config, **kwargs):
  File "D:\DEMO CHAT BOT\.venv\Lib\site-packages\langgraph\pregel\main.py", line 2928, in astream
    async for _ in runner.atick(
  File "D:\DEMO CHAT BOT\.venv\Lib\site-packages\langgraph\pregel\_runner.py", line 295, in atick
    await arun_with_retry(
  File "D:\DEMO CHAT BOT\.venv\Lib\site-packages\langgraph\pregel\_retry.py", line 132, in arun_with_retry
    async for _ in task.proc.astream(task.input, config):
  File "D:\DEMO CHAT BOT\.venv\Lib\site-packages\langgraph\_internal\_runnable.py", line 840, in astream
    output = await asyncio.create_task(
             ^^^^^^^^^^^^^^^^^^^^^^^^^^
  File "D:\DEMO CHAT BOT\.venv\Lib\site-packages\langgraph\_internal\_runnable.py", line 905, in _consume_aiter
    async for chunk in it:
  File "D:\DEMO CHAT BOT\.venv\Lib\site-packages\langchain_core\tracers\log_stream.py", line 283, in tap_output_aiter
    async for chunk in output:
  File "D:\DEMO CHAT BOT\.venv\Lib\site-packages\langchain_core\runnables\base.py", line 1470, in atransform
    async for ichunk in input:
  File "D:\DEMO CHAT BOT\.venv\Lib\site-packages\langchain_core\runnables\base.py", line 1470, in atransform
    async for ichunk in input:
  File "D:\DEMO CHAT BOT\.venv\Lib\site-packages\langchain_core\runnables\base.py", line 1034, in astream
    yield await self.ainvoke(input, config, **kwargs)
          ^^^^^^^^^^^^^^^^^^^^^^^^^^^^^^^^^^^^^^^^^^^
  File "D:\DEMO CHAT BOT\.venv\Lib\site-packages\langgraph\_internal\_runnable.py", line 465, in ainvoke
    ret = await asyncio.create_task(coro, context=context)
          ^^^^^^^^^^^^^^^^^^^^^^^^^^^^^^^^^^^^^^^^^^^^^^^^
  File "D:\DEMO CHAT BOT\.venv\Lib\site-packages\langgraph\prebuilt\chat_agent_executor.py", line 651, in acall_model
    response = cast(AIMessage, await static_model.ainvoke(model_input, config))  # type: ignore[union-attr]
                               ^^^^^^^^^^^^^^^^^^^^^^^^^^^^^^^^^^^^^^^^^^^^^^^
  File "D:\DEMO CHAT BOT\.venv\Lib\site-packages\langchain_core\runnables\base.py", line 3088, in ainvoke
    input_ = await coro_with_context(part(), context, create_task=True)
             ^^^^^^^^^^^^^^^^^^^^^^^^^^^^^^^^^^^^^^^^^^^^^^^^^^^^^^^^^^
  File "D:\DEMO CHAT BOT\.venv\Lib\site-packages\langchain_core\runnables\base.py", line 5447, in ainvoke
    return await self.bound.ainvoke(
           ^^^^^^^^^^^^^^^^^^^^^^^^^
  File "D:\DEMO CHAT BOT\.venv\Lib\site-packages\langchain_core\language_models\chat_models.py", line 417, in ainvoke
    llm_result = await self.agenerate_prompt(
                 ^^^^^^^^^^^^^^^^^^^^^^^^^^^^
  File "D:\DEMO CHAT BOT\.venv\Lib\site-packages\langchain_core\language_models\chat_models.py", line 991, in agenerate_prompt
    return await self.agenerate(
           ^^^^^^^^^^^^^^^^^^^^^
  File "D:\DEMO CHAT BOT\.venv\Lib\site-packages\langchain_core\language_models\chat_models.py", line 949, in agenerate
    raise exceptions[0]
  File "D:\DEMO CHAT BOT\.venv\Lib\site-packages\langchain_core\language_models\chat_models.py", line 1106, in _agenerate_with_cache
    async for chunk in self._astream(messages, stop=stop, **kwargs):
  File "D:\DEMO CHAT BOT\.venv\Lib\site-packages\langchain_core\language_models\chat_models.py", line 1192, in _astream
    item = await run_in_executor(
           ^^^^^^^^^^^^^^^^^^^^^^
  File "D:\DEMO CHAT BOT\.venv\Lib\site-packages\langchain_core\runnables\config.py", line 617, in run_in_executor
    return await asyncio.get_running_loop().run_in_executor(
           ^^^^^^^^^^^^^^^^^^^^^^^^^^^^^^^^^^^^^^^^^^^^^^^^^
  File "E:\ANACONDA\Lib\concurrent\futures\thread.py", line 58, in run
    result = self.fn(*self.args, **self.kwargs)
             ^^^^^^^^^^^^^^^^^^^^^^^^^^^^^^^^^^
  File "D:\DEMO CHAT BOT\.venv\Lib\site-packages\langchain_core\runnables\config.py", line 608, in wrapper
    return func(*args, **kwargs)
           ^^^^^^^^^^^^^^^^^^^^^
  File "D:\DEMO CHAT BOT\.venv\Lib\site-packages\langchain_nvidia_ai_endpoints\chat_models.py", line 529, in _stream
    for response in self._client.get_req_stream(
                    ^^^^^^^^^^^^^^^^^^^^^^^^^^^^
  File "D:\DEMO CHAT BOT\.venv\Lib\site-packages\langchain_nvidia_ai_endpoints\_common.py", line 590, in get_req_stream
    self._try_raise(response)
  File "D:\DEMO CHAT BOT\.venv\Lib\site-packages\langchain_nvidia_ai_endpoints\_common.py", line 489, in _try_raise
    raise Exception(f"{header}\n{body}") from None
Exception: [401] Unauthorized
Authentication failed
Please check or regenerate your API key.
During task with name 'agent' and id '2832faa8-c5fc-db3f-ed49-c631b3b0219f'
2025-09-16 04:06:46,156 - INFO - Use pytorch device_name: cpu
2025-09-16 04:06:46,156 - INFO - Load pretrained SentenceTransformer: paraphrase-multilingual-MiniLM-L12-v2
2025-09-16 04:06:46,156 - DEBUG - Starting new HTTPS connection (1): huggingface.co:443
2025-09-16 04:06:47,106 - DEBUG - https://huggingface.co:443 "HEAD /sentence-transformers/paraphrase-multilingual-MiniLM-L12-v2/resolve/main/modules.json HTTP/1.1" 307 0
2025-09-16 04:06:47,231 - DEBUG - https://huggingface.co:443 "HEAD /api/resolve-cache/models/sentence-transformers/paraphrase-multilingual-MiniLM-L12-v2/86741b4e3f5cb7765a600d3a3d55a0f6a6cb443d/modules.json HTTP/1.1" 200 0
2025-09-16 04:06:47,666 - DEBUG - https://huggingface.co:443 "HEAD /sentence-transformers/paraphrase-multilingual-MiniLM-L12-v2/resolve/main/config_sentence_transformers.json HTTP/1.1" 307 0
2025-09-16 04:06:47,746 - DEBUG - https://huggingface.co:443 "HEAD /api/resolve-cache/models/sentence-transformers/paraphrase-multilingual-MiniLM-L12-v2/86741b4e3f5cb7765a600d3a3d55a0f6a6cb443d/config_sentence_transformers.json HTTP/1.1" 200 0
2025-09-16 04:06:48,072 - DEBUG - https://huggingface.co:443 "HEAD /sentence-transformers/paraphrase-multilingual-MiniLM-L12-v2/resolve/main/config_sentence_transformers.json HTTP/1.1" 307 0
2025-09-16 04:06:48,140 - DEBUG - https://huggingface.co:443 "HEAD /api/resolve-cache/models/sentence-transformers/paraphrase-multilingual-MiniLM-L12-v2/86741b4e3f5cb7765a600d3a3d55a0f6a6cb443d/config_sentence_transformers.json HTTP/1.1" 200 0
2025-09-16 04:06:48,446 - DEBUG - https://huggingface.co:443 "HEAD /sentence-transformers/paraphrase-multilingual-MiniLM-L12-v2/resolve/main/README.md HTTP/1.1" 307 0
2025-09-16 04:06:48,529 - DEBUG - https://huggingface.co:443 "HEAD /api/resolve-cache/models/sentence-transformers/paraphrase-multilingual-MiniLM-L12-v2/86741b4e3f5cb7765a600d3a3d55a0f6a6cb443d/README.md HTTP/1.1" 200 0
2025-09-16 04:06:48,839 - DEBUG - https://huggingface.co:443 "HEAD /sentence-transformers/paraphrase-multilingual-MiniLM-L12-v2/resolve/main/modules.json HTTP/1.1" 307 0
2025-09-16 04:06:48,906 - DEBUG - https://huggingface.co:443 "HEAD /api/resolve-cache/models/sentence-transformers/paraphrase-multilingual-MiniLM-L12-v2/86741b4e3f5cb7765a600d3a3d55a0f6a6cb443d/modules.json HTTP/1.1" 200 0
2025-09-16 04:06:49,218 - DEBUG - https://huggingface.co:443 "HEAD /sentence-transformers/paraphrase-multilingual-MiniLM-L12-v2/resolve/main/sentence_bert_config.json HTTP/1.1" 307 0
2025-09-16 04:06:49,426 - DEBUG - https://huggingface.co:443 "HEAD /api/resolve-cache/models/sentence-transformers/paraphrase-multilingual-MiniLM-L12-v2/86741b4e3f5cb7765a600d3a3d55a0f6a6cb443d/sentence_bert_config.json HTTP/1.1" 200 0
2025-09-16 04:06:49,806 - DEBUG - https://huggingface.co:443 "HEAD /sentence-transformers/paraphrase-multilingual-MiniLM-L12-v2/resolve/main/adapter_config.json HTTP/1.1" 404 0
2025-09-16 04:06:50,134 - DEBUG - https://huggingface.co:443 "HEAD /sentence-transformers/paraphrase-multilingual-MiniLM-L12-v2/resolve/main/config.json HTTP/1.1" 307 0
2025-09-16 04:06:50,213 - DEBUG - https://huggingface.co:443 "HEAD /api/resolve-cache/models/sentence-transformers/paraphrase-multilingual-MiniLM-L12-v2/86741b4e3f5cb7765a600d3a3d55a0f6a6cb443d/config.json HTTP/1.1" 200 0
2025-09-16 04:06:50,638 - DEBUG - https://huggingface.co:443 "HEAD /sentence-transformers/paraphrase-multilingual-MiniLM-L12-v2/resolve/main/tokenizer_config.json HTTP/1.1" 307 0
2025-09-16 04:06:50,696 - DEBUG - https://huggingface.co:443 "HEAD /api/resolve-cache/models/sentence-transformers/paraphrase-multilingual-MiniLM-L12-v2/86741b4e3f5cb7765a600d3a3d55a0f6a6cb443d/tokenizer_config.json HTTP/1.1" 200 0
2025-09-16 04:06:51,116 - DEBUG - https://huggingface.co:443 "GET /api/models/sentence-transformers/paraphrase-multilingual-MiniLM-L12-v2/tree/main/additional_chat_templates?recursive=False&expand=False HTTP/1.1" 404 64
2025-09-16 04:06:52,227 - DEBUG - https://huggingface.co:443 "HEAD /sentence-transformers/paraphrase-multilingual-MiniLM-L12-v2/resolve/main/1_Pooling/config.json HTTP/1.1" 307 0
2025-09-16 04:06:52,355 - DEBUG - https://huggingface.co:443 "HEAD /api/resolve-cache/models/sentence-transformers/paraphrase-multilingual-MiniLM-L12-v2/86741b4e3f5cb7765a600d3a3d55a0f6a6cb443d/1_Pooling%2Fconfig.json HTTP/1.1" 200 0
2025-09-16 04:06:52,770 - DEBUG - https://huggingface.co:443 "GET /api/models/sentence-transformers/paraphrase-multilingual-MiniLM-L12-v2 HTTP/1.1" 200 6123
2025-09-16 04:06:52,775 - DEBUG - Đã load model embedding: paraphrase-multilingual-MiniLM-L12-v2
2025-09-16 04:06:52,778 - DEBUG - Đang đọc file disease_specialty.json
2025-09-16 04:06:52,784 - DEBUG - Đang đọc file specialty_package.json
2025-09-16 04:06:52,788 - DEBUG - Đang đọc file package_cost.json
2025-09-16 04:06:52,792 - DEBUG - Hợp nhất các biến thể bệnh
2025-09-16 04:06:52,793 - DEBUG - Đã tạo index: 65 bệnh, 5 chuyên khoa, 10 gói
2025-09-16 04:06:53,040 - DEBUG - Using proactor: IocpProactor
2025-09-16 04:06:54,925 - DEBUG - Initializing InMemoryTaskStore
2025-09-16 04:08:09,155 - DEBUG - Start async tracer
2025-09-16 04:08:09,156 - DEBUG - TaskManager initialized with task_id: None, context_id: None
2025-09-16 04:08:09,157 - DEBUG - task_id is not set, cannot get task.
2025-09-16 04:08:09,157 - DEBUG - Start async tracer
2025-09-16 04:08:09,157 - DEBUG - EventQueue initialized.
2025-09-16 04:08:09,157 - DEBUG - Start async tracer
2025-09-16 04:08:09,157 - DEBUG - EventConsumer initialized
2025-09-16 04:08:09,157 - DEBUG - Starting to consume all events from the queue.
2025-09-16 04:08:09,158 - DEBUG - Start async tracer
2025-09-16 04:08:09,158 - DEBUG - Attempting to dequeue event (waiting).
2025-09-16 04:08:09,158 - DEBUG - Start async tracer
2025-09-16 04:08:09,158 - DEBUG - Start async tracer
2025-09-16 04:08:09,158 - DEBUG - Enqueuing event of type: <class 'a2a.types.TaskStatusUpdateEvent'>
2025-09-16 04:08:09,158 - DEBUG - Start async tracer
2025-09-16 04:08:09,159 - DEBUG - Enqueuing event of type: <class 'a2a.types.TaskStatusUpdateEvent'>
2025-09-16 04:08:09,177 - DEBUG - Dequeued event (waited) of type: <class 'a2a.types.TaskStatusUpdateEvent'>
2025-09-16 04:08:09,177 - DEBUG - Dequeued event of type: <class 'a2a.types.TaskStatusUpdateEvent'> in consume_all.
2025-09-16 04:08:09,177 - DEBUG - Marking task as done in EventQueue.
2025-09-16 04:08:09,177 - DEBUG - Marked task as done in event queue in consume_all
2025-09-16 04:08:09,177 - DEBUG - Processing save of task event of type TaskStatusUpdateEvent for task_id: 1b21dcb1-4fa6-4df3-a41e-36f9cf545ebe
2025-09-16 04:08:09,179 - DEBUG - Attempting to retrieve existing task with id: 1b21dcb1-4fa6-4df3-a41e-36f9cf545ebe
2025-09-16 04:08:09,179 - DEBUG - Attempting to get task with id: 1b21dcb1-4fa6-4df3-a41e-36f9cf545ebe
2025-09-16 04:08:09,179 - DEBUG - Task 1b21dcb1-4fa6-4df3-a41e-36f9cf545ebe not found in store.
2025-09-16 04:08:09,179 - INFO - Task not found or task_id not set. Creating new task for event (task_id: 1b21dcb1-4fa6-4df3-a41e-36f9cf545ebe, context_id: 03eb1a96-2bed-4e03-bd59-9fd8b9c75573).
2025-09-16 04:08:09,179 - DEBUG - Initializing new Task object with task_id: 1b21dcb1-4fa6-4df3-a41e-36f9cf545ebe, context_id: 03eb1a96-2bed-4e03-bd59-9fd8b9c75573
2025-09-16 04:08:09,180 - DEBUG - Saving task with id: 1b21dcb1-4fa6-4df3-a41e-36f9cf545ebe
2025-09-16 04:08:09,180 - DEBUG - Task 1b21dcb1-4fa6-4df3-a41e-36f9cf545ebe saved successfully.
2025-09-16 04:08:09,180 - DEBUG - Updating task 1b21dcb1-4fa6-4df3-a41e-36f9cf545ebe status to: TaskState.submitted
2025-09-16 04:08:09,180 - DEBUG - Saving task with id: 1b21dcb1-4fa6-4df3-a41e-36f9cf545ebe
2025-09-16 04:08:09,180 - DEBUG - Task 1b21dcb1-4fa6-4df3-a41e-36f9cf545ebe saved successfully.
2025-09-16 04:08:09,180 - DEBUG - Start async tracer
2025-09-16 04:08:09,181 - DEBUG - chunk: b'data: {"id":"4f5f7374-2865-4070-9140-cb1c01d7a57d","jsonrpc":"2.0","result":{"contextId":"03eb1a96-2bed-4e03-bd59-9fd8b9c75573","final":false,"kind":"status-update","status":{"state":"submitted","timestamp":"2025-09-15T21:08:09.158935+00:00"},"taskId":"1b21dcb1-4fa6-4df3-a41e-36f9cf545ebe"}}\r\n\r\n'
2025-09-16 04:08:09,182 - DEBUG - Start async tracer
2025-09-16 04:08:09,182 - DEBUG - Attempting to dequeue event (waiting).
2025-09-16 04:08:09,182 - DEBUG - Dequeued event (waited) of type: <class 'a2a.types.TaskStatusUpdateEvent'>
2025-09-16 04:08:09,182 - DEBUG - Dequeued event of type: <class 'a2a.types.TaskStatusUpdateEvent'> in consume_all.
2025-09-16 04:08:09,182 - DEBUG - Marking task as done in EventQueue.
2025-09-16 04:08:09,182 - DEBUG - Marked task as done in event queue in consume_all
2025-09-16 04:08:09,182 - DEBUG - Processing save of task event of type TaskStatusUpdateEvent for task_id: 1b21dcb1-4fa6-4df3-a41e-36f9cf545ebe
2025-09-16 04:08:09,182 - DEBUG - Updating task 1b21dcb1-4fa6-4df3-a41e-36f9cf545ebe status to: TaskState.working
2025-09-16 04:08:09,183 - DEBUG - Saving task with id: 1b21dcb1-4fa6-4df3-a41e-36f9cf545ebe
2025-09-16 04:08:09,183 - DEBUG - Task 1b21dcb1-4fa6-4df3-a41e-36f9cf545ebe saved successfully.
2025-09-16 04:08:09,183 - DEBUG - Start async tracer
2025-09-16 04:08:09,184 - DEBUG - chunk: b'data: {"id":"4f5f7374-2865-4070-9140-cb1c01d7a57d","jsonrpc":"2.0","result":{"contextId":"03eb1a96-2bed-4e03-bd59-9fd8b9c75573","final":false,"kind":"status-update","status":{"state":"working","timestamp":"2025-09-15T21:08:09.158935+00:00"},"taskId":"1b21dcb1-4fa6-4df3-a41e-36f9cf545ebe"}}\r\n\r\n'
2025-09-16 04:08:09,184 - DEBUG - Start async tracer
2025-09-16 04:08:09,184 - DEBUG - Attempting to dequeue event (waiting).
2025-09-16 04:08:09,185 - ERROR - CostAgentExecutor error: 'dict' object has no attribute 'data'
2025-09-16 04:08:09,185 - DEBUG - Start async tracer
2025-09-16 04:08:09,185 - DEBUG - Enqueuing event of type: <class 'a2a.types.TaskStatusUpdateEvent'>
2025-09-16 04:08:09,185 - DEBUG - Start async tracer
2025-09-16 04:08:09,185 - DEBUG - Closing EventQueue.
2025-09-16 04:08:09,185 - DEBUG - Dequeued event (waited) of type: <class 'a2a.types.TaskStatusUpdateEvent'>
2025-09-16 04:08:09,185 - DEBUG - Dequeued event of type: <class 'a2a.types.TaskStatusUpdateEvent'> in consume_all.
2025-09-16 04:08:09,185 - DEBUG - Marking task as done in EventQueue.
2025-09-16 04:08:09,185 - DEBUG - Marked task as done in event queue in consume_all
2025-09-16 04:08:09,185 - DEBUG - Stopping event consumption in consume_all.
2025-09-16 04:08:09,185 - DEBUG - Start async tracer
2025-09-16 04:08:09,185 - DEBUG - Closing EventQueue.
2025-09-16 04:08:09,185 - DEBUG - Processing save of task event of type TaskStatusUpdateEvent for task_id: 1b21dcb1-4fa6-4df3-a41e-36f9cf545ebe
2025-09-16 04:08:09,185 - DEBUG - Updating task 1b21dcb1-4fa6-4df3-a41e-36f9cf545ebe status to: TaskState.failed
2025-09-16 04:08:09,185 - DEBUG - Saving task with id: 1b21dcb1-4fa6-4df3-a41e-36f9cf545ebe
2025-09-16 04:08:09,185 - DEBUG - Task 1b21dcb1-4fa6-4df3-a41e-36f9cf545ebe saved successfully.
2025-09-16 04:08:09,185 - DEBUG - Start async tracer
2025-09-16 04:08:09,190 - DEBUG - chunk: b'data: {"id":"4f5f7374-2865-4070-9140-cb1c01d7a57d","jsonrpc":"2.0","result":{"contextId":"03eb1a96-2bed-4e03-bd59-9fd8b9c75573","final":true,"kind":"status-update","status":{"state":"failed","timestamp":"2025-09-15T21:08:09.185589+00:00"},"taskId":"1b21dcb1-4fa6-4df3-a41e-36f9cf545ebe"}}\r\n\r\n'
2025-09-16 04:08:09,191 - DEBUG - Start async tracer
2025-09-16 04:08:09,191 - DEBUG - Agent task callback triggered.
2025-09-16 04:08:09,191 - DEBUG - Start async tracer
2025-09-16 04:08:09,191 - DEBUG - Start async tracer
2025-09-16 04:08:09,191 - DEBUG - Closing EventQueue.
2025-09-16 04:08:09,191 - DEBUG - Got event: http.disconnect. Stop streaming.
2025-09-16 04:08:09,205 - DEBUG - Using AsyncIOEngine.POLLER as I/O engine
2025-09-16 04:17:49,977 - DEBUG - Start async tracer
2025-09-16 04:17:49,977 - DEBUG - TaskManager initialized with task_id: None, context_id: None
2025-09-16 04:17:49,977 - DEBUG - task_id is not set, cannot get task.
2025-09-16 04:17:49,977 - DEBUG - Start async tracer
2025-09-16 04:17:49,977 - DEBUG - EventQueue initialized.
2025-09-16 04:17:49,977 - DEBUG - Start async tracer
2025-09-16 04:17:49,977 - DEBUG - EventConsumer initialized
2025-09-16 04:17:49,987 - DEBUG - Starting to consume all events from the queue.
2025-09-16 04:17:49,987 - DEBUG - Start async tracer
2025-09-16 04:17:49,987 - DEBUG - Attempting to dequeue event (waiting).
2025-09-16 04:17:49,987 - DEBUG - Start async tracer
2025-09-16 04:17:49,987 - DEBUG - Start async tracer
2025-09-16 04:17:49,987 - DEBUG - Enqueuing event of type: <class 'a2a.types.TaskStatusUpdateEvent'>
2025-09-16 04:17:49,987 - DEBUG - Start async tracer
2025-09-16 04:17:49,987 - DEBUG - Enqueuing event of type: <class 'a2a.types.TaskStatusUpdateEvent'>
2025-09-16 04:17:49,989 - DEBUG - Dequeued event (waited) of type: <class 'a2a.types.TaskStatusUpdateEvent'>
2025-09-16 04:17:49,997 - DEBUG - Dequeued event of type: <class 'a2a.types.TaskStatusUpdateEvent'> in consume_all.
2025-09-16 04:17:49,997 - DEBUG - Marking task as done in EventQueue.
2025-09-16 04:17:49,997 - DEBUG - Marked task as done in event queue in consume_all
2025-09-16 04:17:49,997 - DEBUG - Processing save of task event of type TaskStatusUpdateEvent for task_id: a7973e17-baaa-4a25-b057-42e3c4f34fcf
2025-09-16 04:17:49,997 - DEBUG - Attempting to retrieve existing task with id: a7973e17-baaa-4a25-b057-42e3c4f34fcf
2025-09-16 04:17:49,997 - DEBUG - Attempting to get task with id: a7973e17-baaa-4a25-b057-42e3c4f34fcf
2025-09-16 04:17:49,997 - DEBUG - Task a7973e17-baaa-4a25-b057-42e3c4f34fcf not found in store.
2025-09-16 04:17:49,997 - INFO - Task not found or task_id not set. Creating new task for event (task_id: a7973e17-baaa-4a25-b057-42e3c4f34fcf, context_id: c4c135b8-c252-4aaf-b2a9-6baec9680e21).
2025-09-16 04:17:49,997 - DEBUG - Initializing new Task object with task_id: a7973e17-baaa-4a25-b057-42e3c4f34fcf, context_id: c4c135b8-c252-4aaf-b2a9-6baec9680e21
2025-09-16 04:17:49,997 - DEBUG - Saving task with id: a7973e17-baaa-4a25-b057-42e3c4f34fcf
2025-09-16 04:17:49,997 - DEBUG - Task a7973e17-baaa-4a25-b057-42e3c4f34fcf saved successfully.
2025-09-16 04:17:49,997 - DEBUG - Updating task a7973e17-baaa-4a25-b057-42e3c4f34fcf status to: TaskState.submitted
2025-09-16 04:17:49,997 - DEBUG - Saving task with id: a7973e17-baaa-4a25-b057-42e3c4f34fcf
2025-09-16 04:17:49,997 - DEBUG - Task a7973e17-baaa-4a25-b057-42e3c4f34fcf saved successfully.
2025-09-16 04:17:49,997 - DEBUG - Start async tracer
2025-09-16 04:17:49,997 - DEBUG - chunk: b'data: {"id":"6517a24e-8360-48ba-ae0a-3ccb798fb993","jsonrpc":"2.0","result":{"contextId":"c4c135b8-c252-4aaf-b2a9-6baec9680e21","final":false,"kind":"status-update","status":{"state":"submitted","timestamp":"2025-09-15T21:17:49.987236+00:00"},"taskId":"a7973e17-baaa-4a25-b057-42e3c4f34fcf"}}\r\n\r\n'
2025-09-16 04:17:49,997 - DEBUG - Start async tracer
2025-09-16 04:17:49,997 - DEBUG - Attempting to dequeue event (waiting).
2025-09-16 04:17:49,997 - DEBUG - Dequeued event (waited) of type: <class 'a2a.types.TaskStatusUpdateEvent'>
2025-09-16 04:17:49,997 - DEBUG - Dequeued event of type: <class 'a2a.types.TaskStatusUpdateEvent'> in consume_all.
2025-09-16 04:17:49,997 - DEBUG - Marking task as done in EventQueue.
2025-09-16 04:17:49,997 - DEBUG - Marked task as done in event queue in consume_all
2025-09-16 04:17:49,997 - DEBUG - Processing save of task event of type TaskStatusUpdateEvent for task_id: a7973e17-baaa-4a25-b057-42e3c4f34fcf
2025-09-16 04:17:49,997 - DEBUG - Updating task a7973e17-baaa-4a25-b057-42e3c4f34fcf status to: TaskState.working
2025-09-16 04:17:50,003 - DEBUG - Saving task with id: a7973e17-baaa-4a25-b057-42e3c4f34fcf
2025-09-16 04:17:50,003 - DEBUG - Task a7973e17-baaa-4a25-b057-42e3c4f34fcf saved successfully.
2025-09-16 04:17:50,003 - DEBUG - Start async tracer
2025-09-16 04:17:50,003 - DEBUG - chunk: b'data: {"id":"6517a24e-8360-48ba-ae0a-3ccb798fb993","jsonrpc":"2.0","result":{"contextId":"c4c135b8-c252-4aaf-b2a9-6baec9680e21","final":false,"kind":"status-update","status":{"state":"working","timestamp":"2025-09-15T21:17:49.987236+00:00"},"taskId":"a7973e17-baaa-4a25-b057-42e3c4f34fcf"}}\r\n\r\n'
2025-09-16 04:17:50,003 - DEBUG - Start async tracer
2025-09-16 04:17:50,003 - DEBUG - Attempting to dequeue event (waiting).
2025-09-16 04:17:50,003 - ERROR - CostAgentExecutor error: 'dict' object has no attribute 'data'
2025-09-16 04:17:50,003 - DEBUG - Start async tracer
2025-09-16 04:17:50,003 - DEBUG - Enqueuing event of type: <class 'a2a.types.TaskStatusUpdateEvent'>
2025-09-16 04:17:50,003 - DEBUG - Start async tracer
2025-09-16 04:17:50,003 - DEBUG - Closing EventQueue.
2025-09-16 04:17:50,003 - DEBUG - Dequeued event (waited) of type: <class 'a2a.types.TaskStatusUpdateEvent'>
2025-09-16 04:17:50,003 - DEBUG - Dequeued event of type: <class 'a2a.types.TaskStatusUpdateEvent'> in consume_all.
2025-09-16 04:17:50,003 - DEBUG - Marking task as done in EventQueue.
2025-09-16 04:17:50,003 - DEBUG - Marked task as done in event queue in consume_all
2025-09-16 04:17:50,003 - DEBUG - Stopping event consumption in consume_all.
2025-09-16 04:17:50,003 - DEBUG - Start async tracer
2025-09-16 04:17:50,003 - DEBUG - Closing EventQueue.
2025-09-16 04:17:50,003 - DEBUG - Processing save of task event of type TaskStatusUpdateEvent for task_id: a7973e17-baaa-4a25-b057-42e3c4f34fcf
2025-09-16 04:17:50,007 - DEBUG - Updating task a7973e17-baaa-4a25-b057-42e3c4f34fcf status to: TaskState.failed
2025-09-16 04:17:50,007 - DEBUG - Saving task with id: a7973e17-baaa-4a25-b057-42e3c4f34fcf
2025-09-16 04:17:50,007 - DEBUG - Task a7973e17-baaa-4a25-b057-42e3c4f34fcf saved successfully.
2025-09-16 04:17:50,007 - DEBUG - Start async tracer
2025-09-16 04:17:50,007 - DEBUG - chunk: b'data: {"id":"6517a24e-8360-48ba-ae0a-3ccb798fb993","jsonrpc":"2.0","result":{"contextId":"c4c135b8-c252-4aaf-b2a9-6baec9680e21","final":true,"kind":"status-update","status":{"state":"failed","timestamp":"2025-09-15T21:17:50.003038+00:00"},"taskId":"a7973e17-baaa-4a25-b057-42e3c4f34fcf"}}\r\n\r\n'
2025-09-16 04:17:50,007 - DEBUG - Start async tracer
2025-09-16 04:17:50,007 - DEBUG - Agent task callback triggered.
2025-09-16 04:17:50,007 - DEBUG - Start async tracer
2025-09-16 04:17:50,007 - DEBUG - Start async tracer
2025-09-16 04:17:50,007 - DEBUG - Closing EventQueue.
2025-09-16 04:17:50,007 - DEBUG - Got event: http.disconnect. Stop streaming.
2025-09-16 05:06:59,291 - INFO - Use pytorch device_name: cpu
2025-09-16 05:06:59,291 - INFO - Load pretrained SentenceTransformer: paraphrase-multilingual-MiniLM-L12-v2
2025-09-16 05:06:59,291 - DEBUG - Starting new HTTPS connection (1): huggingface.co:443
2025-09-16 05:06:59,681 - DEBUG - https://huggingface.co:443 "HEAD /sentence-transformers/paraphrase-multilingual-MiniLM-L12-v2/resolve/main/modules.json HTTP/1.1" 307 0
2025-09-16 05:06:59,719 - DEBUG - https://huggingface.co:443 "HEAD /api/resolve-cache/models/sentence-transformers/paraphrase-multilingual-MiniLM-L12-v2/86741b4e3f5cb7765a600d3a3d55a0f6a6cb443d/modules.json HTTP/1.1" 200 0
2025-09-16 05:06:59,971 - DEBUG - https://huggingface.co:443 "HEAD /sentence-transformers/paraphrase-multilingual-MiniLM-L12-v2/resolve/main/config_sentence_transformers.json HTTP/1.1" 307 0
2025-09-16 05:07:00,013 - DEBUG - https://huggingface.co:443 "HEAD /api/resolve-cache/models/sentence-transformers/paraphrase-multilingual-MiniLM-L12-v2/86741b4e3f5cb7765a600d3a3d55a0f6a6cb443d/config_sentence_transformers.json HTTP/1.1" 200 0
2025-09-16 05:07:00,271 - DEBUG - https://huggingface.co:443 "HEAD /sentence-transformers/paraphrase-multilingual-MiniLM-L12-v2/resolve/main/config_sentence_transformers.json HTTP/1.1" 307 0
2025-09-16 05:07:00,309 - DEBUG - https://huggingface.co:443 "HEAD /api/resolve-cache/models/sentence-transformers/paraphrase-multilingual-MiniLM-L12-v2/86741b4e3f5cb7765a600d3a3d55a0f6a6cb443d/config_sentence_transformers.json HTTP/1.1" 200 0
2025-09-16 05:07:00,571 - DEBUG - https://huggingface.co:443 "HEAD /sentence-transformers/paraphrase-multilingual-MiniLM-L12-v2/resolve/main/README.md HTTP/1.1" 307 0
2025-09-16 05:07:00,601 - DEBUG - https://huggingface.co:443 "HEAD /api/resolve-cache/models/sentence-transformers/paraphrase-multilingual-MiniLM-L12-v2/86741b4e3f5cb7765a600d3a3d55a0f6a6cb443d/README.md HTTP/1.1" 200 0
2025-09-16 05:07:00,861 - DEBUG - https://huggingface.co:443 "HEAD /sentence-transformers/paraphrase-multilingual-MiniLM-L12-v2/resolve/main/modules.json HTTP/1.1" 307 0
2025-09-16 05:07:00,901 - DEBUG - https://huggingface.co:443 "HEAD /api/resolve-cache/models/sentence-transformers/paraphrase-multilingual-MiniLM-L12-v2/86741b4e3f5cb7765a600d3a3d55a0f6a6cb443d/modules.json HTTP/1.1" 200 0
2025-09-16 05:07:01,154 - DEBUG - https://huggingface.co:443 "HEAD /sentence-transformers/paraphrase-multilingual-MiniLM-L12-v2/resolve/main/sentence_bert_config.json HTTP/1.1" 307 0
2025-09-16 05:07:01,193 - DEBUG - https://huggingface.co:443 "HEAD /api/resolve-cache/models/sentence-transformers/paraphrase-multilingual-MiniLM-L12-v2/86741b4e3f5cb7765a600d3a3d55a0f6a6cb443d/sentence_bert_config.json HTTP/1.1" 200 0
2025-09-16 05:07:01,471 - DEBUG - https://huggingface.co:443 "HEAD /sentence-transformers/paraphrase-multilingual-MiniLM-L12-v2/resolve/main/adapter_config.json HTTP/1.1" 404 0
2025-09-16 05:07:01,729 - DEBUG - https://huggingface.co:443 "HEAD /sentence-transformers/paraphrase-multilingual-MiniLM-L12-v2/resolve/main/config.json HTTP/1.1" 307 0
2025-09-16 05:07:01,771 - DEBUG - https://huggingface.co:443 "HEAD /api/resolve-cache/models/sentence-transformers/paraphrase-multilingual-MiniLM-L12-v2/86741b4e3f5cb7765a600d3a3d55a0f6a6cb443d/config.json HTTP/1.1" 200 0
2025-09-16 05:07:02,131 - DEBUG - https://huggingface.co:443 "HEAD /sentence-transformers/paraphrase-multilingual-MiniLM-L12-v2/resolve/main/tokenizer_config.json HTTP/1.1" 307 0
2025-09-16 05:07:02,171 - DEBUG - https://huggingface.co:443 "HEAD /api/resolve-cache/models/sentence-transformers/paraphrase-multilingual-MiniLM-L12-v2/86741b4e3f5cb7765a600d3a3d55a0f6a6cb443d/tokenizer_config.json HTTP/1.1" 200 0
2025-09-16 05:07:02,434 - DEBUG - https://huggingface.co:443 "GET /api/models/sentence-transformers/paraphrase-multilingual-MiniLM-L12-v2/tree/main/additional_chat_templates?recursive=False&expand=False HTTP/1.1" 404 64
2025-09-16 05:07:03,391 - DEBUG - https://huggingface.co:443 "HEAD /sentence-transformers/paraphrase-multilingual-MiniLM-L12-v2/resolve/main/1_Pooling/config.json HTTP/1.1" 307 0
2025-09-16 05:07:03,429 - DEBUG - https://huggingface.co:443 "HEAD /api/resolve-cache/models/sentence-transformers/paraphrase-multilingual-MiniLM-L12-v2/86741b4e3f5cb7765a600d3a3d55a0f6a6cb443d/1_Pooling%2Fconfig.json HTTP/1.1" 200 0
2025-09-16 05:07:03,696 - DEBUG - https://huggingface.co:443 "GET /api/models/sentence-transformers/paraphrase-multilingual-MiniLM-L12-v2 HTTP/1.1" 200 6123
2025-09-16 05:07:03,701 - DEBUG - Đã load model embedding: paraphrase-multilingual-MiniLM-L12-v2
2025-09-16 05:07:03,701 - DEBUG - Đang đọc file disease_specialty.json
2025-09-16 05:07:03,701 - DEBUG - Đang đọc file specialty_package.json
2025-09-16 05:07:03,701 - DEBUG - Đang đọc file package_cost.json
2025-09-16 05:07:03,701 - DEBUG - Hợp nhất các biến thể bệnh
2025-09-16 05:07:03,701 - DEBUG - Đã tạo index: 65 bệnh, 5 chuyên khoa, 10 gói
2025-09-16 05:07:03,959 - DEBUG - Using proactor: IocpProactor
2025-09-16 05:07:05,517 - DEBUG - Initializing InMemoryTaskStore
2025-09-16 05:10:20,795 - DEBUG - Start async tracer
2025-09-16 05:10:20,795 - DEBUG - TaskManager initialized with task_id: 1f3e34da-e2eb-4349-a20e-2b139b7a46d6, context_id: None
2025-09-16 05:10:20,795 - DEBUG - Attempting to get task from store with id: 1f3e34da-e2eb-4349-a20e-2b139b7a46d6
2025-09-16 05:10:20,795 - DEBUG - Attempting to get task with id: 1f3e34da-e2eb-4349-a20e-2b139b7a46d6
2025-09-16 05:10:20,795 - DEBUG - Task 1f3e34da-e2eb-4349-a20e-2b139b7a46d6 not found in store.
2025-09-16 05:10:20,795 - DEBUG - Task 1f3e34da-e2eb-4349-a20e-2b139b7a46d6 not found.
2025-09-16 05:10:20,795 - DEBUG - chunk: b'data: {"error":{"code":-32001,"message":"Task 1f3e34da-e2eb-4349-a20e-2b139b7a46d6 was specified but does not exist"},"id":"54e821a2-b6a1-4cad-8c04-4f3683af5e17","jsonrpc":"2.0"}\r\n\r\n'
2025-09-16 05:10:20,799 - DEBUG - Got event: http.disconnect. Stop streaming.
2025-09-16 05:26:30,974 - INFO - Use pytorch device_name: cpu
2025-09-16 05:26:30,974 - INFO - Load pretrained SentenceTransformer: paraphrase-multilingual-MiniLM-L12-v2
2025-09-16 05:26:30,976 - DEBUG - Starting new HTTPS connection (1): huggingface.co:443
2025-09-16 05:26:31,336 - DEBUG - https://huggingface.co:443 "HEAD /sentence-transformers/paraphrase-multilingual-MiniLM-L12-v2/resolve/main/modules.json HTTP/1.1" 307 0
2025-09-16 05:26:31,366 - DEBUG - https://huggingface.co:443 "HEAD /api/resolve-cache/models/sentence-transformers/paraphrase-multilingual-MiniLM-L12-v2/86741b4e3f5cb7765a600d3a3d55a0f6a6cb443d/modules.json HTTP/1.1" 200 0
2025-09-16 05:26:31,616 - DEBUG - https://huggingface.co:443 "HEAD /sentence-transformers/paraphrase-multilingual-MiniLM-L12-v2/resolve/main/config_sentence_transformers.json HTTP/1.1" 307 0
2025-09-16 05:26:31,656 - DEBUG - https://huggingface.co:443 "HEAD /api/resolve-cache/models/sentence-transformers/paraphrase-multilingual-MiniLM-L12-v2/86741b4e3f5cb7765a600d3a3d55a0f6a6cb443d/config_sentence_transformers.json HTTP/1.1" 200 0
2025-09-16 05:26:31,906 - DEBUG - https://huggingface.co:443 "HEAD /sentence-transformers/paraphrase-multilingual-MiniLM-L12-v2/resolve/main/config_sentence_transformers.json HTTP/1.1" 307 0
2025-09-16 05:26:31,938 - DEBUG - https://huggingface.co:443 "HEAD /api/resolve-cache/models/sentence-transformers/paraphrase-multilingual-MiniLM-L12-v2/86741b4e3f5cb7765a600d3a3d55a0f6a6cb443d/config_sentence_transformers.json HTTP/1.1" 200 0
2025-09-16 05:26:32,190 - DEBUG - https://huggingface.co:443 "HEAD /sentence-transformers/paraphrase-multilingual-MiniLM-L12-v2/resolve/main/README.md HTTP/1.1" 307 0
2025-09-16 05:26:32,226 - DEBUG - https://huggingface.co:443 "HEAD /api/resolve-cache/models/sentence-transformers/paraphrase-multilingual-MiniLM-L12-v2/86741b4e3f5cb7765a600d3a3d55a0f6a6cb443d/README.md HTTP/1.1" 200 0
2025-09-16 05:26:32,482 - DEBUG - https://huggingface.co:443 "HEAD /sentence-transformers/paraphrase-multilingual-MiniLM-L12-v2/resolve/main/modules.json HTTP/1.1" 307 0
2025-09-16 05:26:32,516 - DEBUG - https://huggingface.co:443 "HEAD /api/resolve-cache/models/sentence-transformers/paraphrase-multilingual-MiniLM-L12-v2/86741b4e3f5cb7765a600d3a3d55a0f6a6cb443d/modules.json HTTP/1.1" 200 0
2025-09-16 05:26:32,766 - DEBUG - https://huggingface.co:443 "HEAD /sentence-transformers/paraphrase-multilingual-MiniLM-L12-v2/resolve/main/sentence_bert_config.json HTTP/1.1" 307 0
2025-09-16 05:26:32,796 - DEBUG - https://huggingface.co:443 "HEAD /api/resolve-cache/models/sentence-transformers/paraphrase-multilingual-MiniLM-L12-v2/86741b4e3f5cb7765a600d3a3d55a0f6a6cb443d/sentence_bert_config.json HTTP/1.1" 200 0
2025-09-16 05:26:33,056 - DEBUG - https://huggingface.co:443 "HEAD /sentence-transformers/paraphrase-multilingual-MiniLM-L12-v2/resolve/main/adapter_config.json HTTP/1.1" 404 0
2025-09-16 05:26:33,308 - DEBUG - https://huggingface.co:443 "HEAD /sentence-transformers/paraphrase-multilingual-MiniLM-L12-v2/resolve/main/config.json HTTP/1.1" 307 0
2025-09-16 05:26:33,340 - DEBUG - https://huggingface.co:443 "HEAD /api/resolve-cache/models/sentence-transformers/paraphrase-multilingual-MiniLM-L12-v2/86741b4e3f5cb7765a600d3a3d55a0f6a6cb443d/config.json HTTP/1.1" 200 0
2025-09-16 05:26:33,706 - DEBUG - https://huggingface.co:443 "HEAD /sentence-transformers/paraphrase-multilingual-MiniLM-L12-v2/resolve/main/tokenizer_config.json HTTP/1.1" 307 0
2025-09-16 05:26:33,736 - DEBUG - https://huggingface.co:443 "HEAD /api/resolve-cache/models/sentence-transformers/paraphrase-multilingual-MiniLM-L12-v2/86741b4e3f5cb7765a600d3a3d55a0f6a6cb443d/tokenizer_config.json HTTP/1.1" 200 0
2025-09-16 05:26:33,998 - DEBUG - https://huggingface.co:443 "GET /api/models/sentence-transformers/paraphrase-multilingual-MiniLM-L12-v2/tree/main/additional_chat_templates?recursive=False&expand=False HTTP/1.1" 404 64
2025-09-16 05:26:34,948 - DEBUG - https://huggingface.co:443 "HEAD /sentence-transformers/paraphrase-multilingual-MiniLM-L12-v2/resolve/main/1_Pooling/config.json HTTP/1.1" 307 0
2025-09-16 05:26:34,980 - DEBUG - https://huggingface.co:443 "HEAD /api/resolve-cache/models/sentence-transformers/paraphrase-multilingual-MiniLM-L12-v2/86741b4e3f5cb7765a600d3a3d55a0f6a6cb443d/1_Pooling%2Fconfig.json HTTP/1.1" 200 0
2025-09-16 05:26:35,246 - DEBUG - https://huggingface.co:443 "GET /api/models/sentence-transformers/paraphrase-multilingual-MiniLM-L12-v2 HTTP/1.1" 200 6123
2025-09-16 05:26:35,252 - DEBUG - Đã load model embedding: paraphrase-multilingual-MiniLM-L12-v2
2025-09-16 05:26:35,252 - DEBUG - Đang đọc file disease_specialty.json
2025-09-16 05:26:35,252 - DEBUG - Đang đọc file specialty_package.json
2025-09-16 05:26:35,252 - DEBUG - Đang đọc file package_cost.json
2025-09-16 05:26:35,252 - DEBUG - Hợp nhất các biến thể bệnh
2025-09-16 05:26:35,252 - DEBUG - Đã tạo index: 65 bệnh, 5 chuyên khoa, 10 gói
2025-09-16 05:26:35,503 - DEBUG - Using proactor: IocpProactor
2025-09-16 05:26:37,055 - DEBUG - Initializing InMemoryTaskStore
2025-09-16 05:27:22,124 - DEBUG - Start async tracer
2025-09-16 05:27:22,125 - DEBUG - TaskManager initialized with task_id: 8aa80ace-3447-436f-9213-e3eebc219d87, context_id: None
2025-09-16 05:27:22,125 - DEBUG - Attempting to get task from store with id: 8aa80ace-3447-436f-9213-e3eebc219d87
2025-09-16 05:27:22,125 - DEBUG - Attempting to get task with id: 8aa80ace-3447-436f-9213-e3eebc219d87
2025-09-16 05:27:22,126 - DEBUG - Task 8aa80ace-3447-436f-9213-e3eebc219d87 not found in store.
2025-09-16 05:27:22,126 - DEBUG - Task 8aa80ace-3447-436f-9213-e3eebc219d87 not found.
2025-09-16 05:27:22,126 - DEBUG - chunk: b'data: {"error":{"code":-32001,"message":"Task 8aa80ace-3447-436f-9213-e3eebc219d87 was specified but does not exist"},"id":"115f0762-e38b-4783-9d71-e042e60b1000","jsonrpc":"2.0"}\r\n\r\n'
2025-09-16 05:27:22,126 - DEBUG - Got event: http.disconnect. Stop streaming.
2025-09-16 05:37:54,734 - INFO - Use pytorch device_name: cpu
2025-09-16 05:37:54,737 - INFO - Load pretrained SentenceTransformer: paraphrase-multilingual-MiniLM-L12-v2
2025-09-16 05:37:54,739 - DEBUG - Starting new HTTPS connection (1): huggingface.co:443
2025-09-16 05:37:55,144 - DEBUG - https://huggingface.co:443 "HEAD /sentence-transformers/paraphrase-multilingual-MiniLM-L12-v2/resolve/main/modules.json HTTP/1.1" 307 0
2025-09-16 05:37:55,174 - DEBUG - https://huggingface.co:443 "HEAD /api/resolve-cache/models/sentence-transformers/paraphrase-multilingual-MiniLM-L12-v2/86741b4e3f5cb7765a600d3a3d55a0f6a6cb443d/modules.json HTTP/1.1" 200 0
2025-09-16 05:37:55,454 - DEBUG - https://huggingface.co:443 "HEAD /sentence-transformers/paraphrase-multilingual-MiniLM-L12-v2/resolve/main/config_sentence_transformers.json HTTP/1.1" 307 0
2025-09-16 05:37:55,484 - DEBUG - https://huggingface.co:443 "HEAD /api/resolve-cache/models/sentence-transformers/paraphrase-multilingual-MiniLM-L12-v2/86741b4e3f5cb7765a600d3a3d55a0f6a6cb443d/config_sentence_transformers.json HTTP/1.1" 200 0
2025-09-16 05:37:55,774 - DEBUG - https://huggingface.co:443 "HEAD /sentence-transformers/paraphrase-multilingual-MiniLM-L12-v2/resolve/main/config_sentence_transformers.json HTTP/1.1" 307 0
2025-09-16 05:37:55,794 - DEBUG - https://huggingface.co:443 "HEAD /api/resolve-cache/models/sentence-transformers/paraphrase-multilingual-MiniLM-L12-v2/86741b4e3f5cb7765a600d3a3d55a0f6a6cb443d/config_sentence_transformers.json HTTP/1.1" 200 0
2025-09-16 05:37:56,084 - DEBUG - https://huggingface.co:443 "HEAD /sentence-transformers/paraphrase-multilingual-MiniLM-L12-v2/resolve/main/README.md HTTP/1.1" 307 0
2025-09-16 05:37:56,112 - DEBUG - https://huggingface.co:443 "HEAD /api/resolve-cache/models/sentence-transformers/paraphrase-multilingual-MiniLM-L12-v2/86741b4e3f5cb7765a600d3a3d55a0f6a6cb443d/README.md HTTP/1.1" 200 0
2025-09-16 05:37:56,399 - DEBUG - https://huggingface.co:443 "HEAD /sentence-transformers/paraphrase-multilingual-MiniLM-L12-v2/resolve/main/modules.json HTTP/1.1" 307 0
2025-09-16 05:37:56,434 - DEBUG - https://huggingface.co:443 "HEAD /api/resolve-cache/models/sentence-transformers/paraphrase-multilingual-MiniLM-L12-v2/86741b4e3f5cb7765a600d3a3d55a0f6a6cb443d/modules.json HTTP/1.1" 200 0
2025-09-16 05:37:56,714 - DEBUG - https://huggingface.co:443 "HEAD /sentence-transformers/paraphrase-multilingual-MiniLM-L12-v2/resolve/main/sentence_bert_config.json HTTP/1.1" 307 0
2025-09-16 05:37:56,796 - DEBUG - https://huggingface.co:443 "HEAD /api/resolve-cache/models/sentence-transformers/paraphrase-multilingual-MiniLM-L12-v2/86741b4e3f5cb7765a600d3a3d55a0f6a6cb443d/sentence_bert_config.json HTTP/1.1" 200 0
2025-09-16 05:37:57,087 - DEBUG - https://huggingface.co:443 "HEAD /sentence-transformers/paraphrase-multilingual-MiniLM-L12-v2/resolve/main/adapter_config.json HTTP/1.1" 404 0
2025-09-16 05:37:57,375 - DEBUG - https://huggingface.co:443 "HEAD /sentence-transformers/paraphrase-multilingual-MiniLM-L12-v2/resolve/main/config.json HTTP/1.1" 307 0
2025-09-16 05:37:57,404 - DEBUG - https://huggingface.co:443 "HEAD /api/resolve-cache/models/sentence-transformers/paraphrase-multilingual-MiniLM-L12-v2/86741b4e3f5cb7765a600d3a3d55a0f6a6cb443d/config.json HTTP/1.1" 200 0
2025-09-16 05:37:57,824 - DEBUG - https://huggingface.co:443 "HEAD /sentence-transformers/paraphrase-multilingual-MiniLM-L12-v2/resolve/main/tokenizer_config.json HTTP/1.1" 307 0
2025-09-16 05:37:57,854 - DEBUG - https://huggingface.co:443 "HEAD /api/resolve-cache/models/sentence-transformers/paraphrase-multilingual-MiniLM-L12-v2/86741b4e3f5cb7765a600d3a3d55a0f6a6cb443d/tokenizer_config.json HTTP/1.1" 200 0
2025-09-16 05:37:58,144 - DEBUG - https://huggingface.co:443 "GET /api/models/sentence-transformers/paraphrase-multilingual-MiniLM-L12-v2/tree/main/additional_chat_templates?recursive=False&expand=False HTTP/1.1" 404 64
2025-09-16 05:37:59,124 - DEBUG - https://huggingface.co:443 "HEAD /sentence-transformers/paraphrase-multilingual-MiniLM-L12-v2/resolve/main/1_Pooling/config.json HTTP/1.1" 307 0
2025-09-16 05:37:59,146 - DEBUG - https://huggingface.co:443 "HEAD /api/resolve-cache/models/sentence-transformers/paraphrase-multilingual-MiniLM-L12-v2/86741b4e3f5cb7765a600d3a3d55a0f6a6cb443d/1_Pooling%2Fconfig.json HTTP/1.1" 200 0
2025-09-16 05:37:59,438 - DEBUG - https://huggingface.co:443 "GET /api/models/sentence-transformers/paraphrase-multilingual-MiniLM-L12-v2 HTTP/1.1" 200 6123
2025-09-16 05:37:59,439 - DEBUG - Đã load model embedding: paraphrase-multilingual-MiniLM-L12-v2
2025-09-16 05:37:59,439 - DEBUG - Đang đọc file disease_specialty.json
2025-09-16 05:37:59,444 - DEBUG - Đang đọc file specialty_package.json
2025-09-16 05:37:59,444 - DEBUG - Đang đọc file package_cost.json
2025-09-16 05:37:59,444 - DEBUG - Hợp nhất các biến thể bệnh
2025-09-16 05:37:59,444 - DEBUG - Đã tạo index: 65 bệnh, 5 chuyên khoa, 10 gói
2025-09-16 05:37:59,696 - DEBUG - Using proactor: IocpProactor
2025-09-16 05:38:01,237 - DEBUG - Initializing InMemoryTaskStore
2025-09-16 05:38:38,926 - DEBUG - Start async tracer
2025-09-16 05:38:38,927 - DEBUG - TaskManager initialized with task_id: d2e7dd35-9a48-4777-b7ce-3b94e45fc870, context_id: None
2025-09-16 05:38:38,927 - DEBUG - Attempting to get task from store with id: d2e7dd35-9a48-4777-b7ce-3b94e45fc870
2025-09-16 05:38:38,927 - DEBUG - Attempting to get task with id: d2e7dd35-9a48-4777-b7ce-3b94e45fc870
2025-09-16 05:38:38,928 - DEBUG - Task d2e7dd35-9a48-4777-b7ce-3b94e45fc870 not found in store.
2025-09-16 05:38:38,928 - DEBUG - Task d2e7dd35-9a48-4777-b7ce-3b94e45fc870 not found.
2025-09-16 05:38:38,928 - DEBUG - chunk: b'data: {"error":{"code":-32001,"message":"Task d2e7dd35-9a48-4777-b7ce-3b94e45fc870 was specified but does not exist"},"id":"804f5366-aa91-45d8-9db5-ccd3a5e31b62","jsonrpc":"2.0"}\r\n\r\n'
2025-09-16 05:38:38,929 - DEBUG - Got event: http.disconnect. Stop streaming.
2025-09-16 05:46:12,137 - DEBUG - Start async tracer
2025-09-16 05:46:12,137 - DEBUG - TaskManager initialized with task_id: 93c6c147-f06f-474b-b1c8-454e8044223b, context_id: None
2025-09-16 05:46:12,137 - DEBUG - Attempting to get task from store with id: 93c6c147-f06f-474b-b1c8-454e8044223b
2025-09-16 05:46:12,137 - DEBUG - Attempting to get task with id: 93c6c147-f06f-474b-b1c8-454e8044223b
2025-09-16 05:46:12,137 - DEBUG - Task 93c6c147-f06f-474b-b1c8-454e8044223b not found in store.
2025-09-16 05:46:12,137 - DEBUG - Task 93c6c147-f06f-474b-b1c8-454e8044223b not found.
2025-09-16 05:46:12,137 - DEBUG - chunk: b'data: {"error":{"code":-32001,"message":"Task 93c6c147-f06f-474b-b1c8-454e8044223b was specified but does not exist"},"id":"3a2c74f4-5dec-4a05-81b8-c95708bf19ea","jsonrpc":"2.0"}\r\n\r\n'
2025-09-16 05:46:12,143 - DEBUG - Got event: http.disconnect. Stop streaming.
2025-09-16 05:59:22,294 - DEBUG - Start async tracer
2025-09-16 05:59:22,294 - DEBUG - TaskManager initialized with task_id: ec2b9c38-0fb6-445b-8542-0643d9cdb05f, context_id: None
2025-09-16 05:59:22,294 - DEBUG - Attempting to get task from store with id: ec2b9c38-0fb6-445b-8542-0643d9cdb05f
2025-09-16 05:59:22,294 - DEBUG - Attempting to get task with id: ec2b9c38-0fb6-445b-8542-0643d9cdb05f
2025-09-16 05:59:22,294 - DEBUG - Task ec2b9c38-0fb6-445b-8542-0643d9cdb05f not found in store.
2025-09-16 05:59:22,294 - DEBUG - Task ec2b9c38-0fb6-445b-8542-0643d9cdb05f not found.
2025-09-16 05:59:22,294 - DEBUG - chunk: b'data: {"error":{"code":-32001,"message":"Task ec2b9c38-0fb6-445b-8542-0643d9cdb05f was specified but does not exist"},"id":"33e9d1f3-2c1b-401e-af55-b9a9a3c921d8","jsonrpc":"2.0"}\r\n\r\n'
2025-09-16 05:59:22,294 - DEBUG - Got event: http.disconnect. Stop streaming.
2025-09-16 17:24:37,157 - INFO - Use pytorch device_name: cpu
2025-09-16 17:24:37,157 - INFO - Load pretrained SentenceTransformer: paraphrase-multilingual-MiniLM-L12-v2
2025-09-16 17:24:37,164 - DEBUG - Starting new HTTPS connection (1): huggingface.co:443
2025-09-16 17:24:39,064 - DEBUG - https://huggingface.co:443 "HEAD /sentence-transformers/paraphrase-multilingual-MiniLM-L12-v2/resolve/main/modules.json HTTP/1.1" 307 0
2025-09-16 17:24:39,274 - DEBUG - https://huggingface.co:443 "HEAD /api/resolve-cache/models/sentence-transformers/paraphrase-multilingual-MiniLM-L12-v2/86741b4e3f5cb7765a600d3a3d55a0f6a6cb443d/modules.json HTTP/1.1" 200 0
2025-09-16 17:24:39,585 - DEBUG - https://huggingface.co:443 "HEAD /sentence-transformers/paraphrase-multilingual-MiniLM-L12-v2/resolve/main/config_sentence_transformers.json HTTP/1.1" 307 0
2025-09-16 17:24:39,644 - DEBUG - https://huggingface.co:443 "HEAD /api/resolve-cache/models/sentence-transformers/paraphrase-multilingual-MiniLM-L12-v2/86741b4e3f5cb7765a600d3a3d55a0f6a6cb443d/config_sentence_transformers.json HTTP/1.1" 200 0
2025-09-16 17:24:39,993 - DEBUG - https://huggingface.co:443 "HEAD /sentence-transformers/paraphrase-multilingual-MiniLM-L12-v2/resolve/main/config_sentence_transformers.json HTTP/1.1" 307 0
2025-09-16 17:24:40,054 - DEBUG - https://huggingface.co:443 "HEAD /api/resolve-cache/models/sentence-transformers/paraphrase-multilingual-MiniLM-L12-v2/86741b4e3f5cb7765a600d3a3d55a0f6a6cb443d/config_sentence_transformers.json HTTP/1.1" 200 0
2025-09-16 17:24:40,358 - DEBUG - https://huggingface.co:443 "HEAD /sentence-transformers/paraphrase-multilingual-MiniLM-L12-v2/resolve/main/README.md HTTP/1.1" 307 0
2025-09-16 17:24:40,417 - DEBUG - https://huggingface.co:443 "HEAD /api/resolve-cache/models/sentence-transformers/paraphrase-multilingual-MiniLM-L12-v2/86741b4e3f5cb7765a600d3a3d55a0f6a6cb443d/README.md HTTP/1.1" 200 0
2025-09-16 17:24:41,279 - DEBUG - https://huggingface.co:443 "HEAD /sentence-transformers/paraphrase-multilingual-MiniLM-L12-v2/resolve/main/modules.json HTTP/1.1" 307 0
2025-09-16 17:24:41,335 - DEBUG - https://huggingface.co:443 "HEAD /api/resolve-cache/models/sentence-transformers/paraphrase-multilingual-MiniLM-L12-v2/86741b4e3f5cb7765a600d3a3d55a0f6a6cb443d/modules.json HTTP/1.1" 200 0
2025-09-16 17:24:41,749 - DEBUG - https://huggingface.co:443 "HEAD /sentence-transformers/paraphrase-multilingual-MiniLM-L12-v2/resolve/main/sentence_bert_config.json HTTP/1.1" 307 0
2025-09-16 17:24:41,854 - DEBUG - https://huggingface.co:443 "HEAD /api/resolve-cache/models/sentence-transformers/paraphrase-multilingual-MiniLM-L12-v2/86741b4e3f5cb7765a600d3a3d55a0f6a6cb443d/sentence_bert_config.json HTTP/1.1" 200 0
2025-09-16 17:24:42,166 - DEBUG - https://huggingface.co:443 "HEAD /sentence-transformers/paraphrase-multilingual-MiniLM-L12-v2/resolve/main/adapter_config.json HTTP/1.1" 404 0
2025-09-16 17:24:42,646 - DEBUG - https://huggingface.co:443 "HEAD /sentence-transformers/paraphrase-multilingual-MiniLM-L12-v2/resolve/main/config.json HTTP/1.1" 307 0
2025-09-16 17:24:42,712 - DEBUG - https://huggingface.co:443 "HEAD /api/resolve-cache/models/sentence-transformers/paraphrase-multilingual-MiniLM-L12-v2/86741b4e3f5cb7765a600d3a3d55a0f6a6cb443d/config.json HTTP/1.1" 200 0
2025-09-16 17:24:43,124 - DEBUG - https://huggingface.co:443 "HEAD /sentence-transformers/paraphrase-multilingual-MiniLM-L12-v2/resolve/main/tokenizer_config.json HTTP/1.1" 307 0
2025-09-16 17:24:43,227 - DEBUG - https://huggingface.co:443 "HEAD /api/resolve-cache/models/sentence-transformers/paraphrase-multilingual-MiniLM-L12-v2/86741b4e3f5cb7765a600d3a3d55a0f6a6cb443d/tokenizer_config.json HTTP/1.1" 200 0
2025-09-16 17:24:43,536 - DEBUG - https://huggingface.co:443 "GET /api/models/sentence-transformers/paraphrase-multilingual-MiniLM-L12-v2/tree/main/additional_chat_templates?recursive=False&expand=False HTTP/1.1" 404 64
2025-09-16 17:24:44,624 - DEBUG - https://huggingface.co:443 "HEAD /sentence-transformers/paraphrase-multilingual-MiniLM-L12-v2/resolve/main/1_Pooling/config.json HTTP/1.1" 307 0
2025-09-16 17:24:44,704 - DEBUG - https://huggingface.co:443 "HEAD /api/resolve-cache/models/sentence-transformers/paraphrase-multilingual-MiniLM-L12-v2/86741b4e3f5cb7765a600d3a3d55a0f6a6cb443d/1_Pooling%2Fconfig.json HTTP/1.1" 200 0
2025-09-16 17:24:45,017 - DEBUG - https://huggingface.co:443 "GET /api/models/sentence-transformers/paraphrase-multilingual-MiniLM-L12-v2 HTTP/1.1" 200 6124
2025-09-16 17:24:45,024 - DEBUG - Đã load model embedding: paraphrase-multilingual-MiniLM-L12-v2
2025-09-16 17:24:45,024 - DEBUG - Đang đọc file disease_specialty.json
2025-09-16 17:24:45,024 - DEBUG - Đang đọc file specialty_package.json
2025-09-16 17:24:45,024 - DEBUG - Đang đọc file package_cost.json
2025-09-16 17:24:45,024 - DEBUG - Hợp nhất các biến thể bệnh
2025-09-16 17:24:45,024 - DEBUG - Đã tạo index: 65 bệnh, 5 chuyên khoa, 10 gói
2025-09-16 17:24:45,314 - DEBUG - Using proactor: IocpProactor
2025-09-16 17:24:47,074 - DEBUG - Initializing InMemoryTaskStore
2025-09-16 17:25:42,591 - DEBUG - Start async tracer
2025-09-16 17:25:42,591 - DEBUG - TaskManager initialized with task_id: 4f483884-5493-42cd-a3c2-db9b7e06128e, context_id: None
2025-09-16 17:25:42,591 - DEBUG - Attempting to get task from store with id: 4f483884-5493-42cd-a3c2-db9b7e06128e
2025-09-16 17:25:42,591 - DEBUG - Attempting to get task with id: 4f483884-5493-42cd-a3c2-db9b7e06128e
2025-09-16 17:25:42,591 - DEBUG - Task 4f483884-5493-42cd-a3c2-db9b7e06128e not found in store.
2025-09-16 17:25:42,591 - DEBUG - Task 4f483884-5493-42cd-a3c2-db9b7e06128e not found.
2025-09-16 17:25:42,591 - DEBUG - chunk: b'data: {"error":{"code":-32001,"message":"Task 4f483884-5493-42cd-a3c2-db9b7e06128e was specified but does not exist"},"id":"bbf4908b-7ffd-4776-9d40-ce610d43a2f3","jsonrpc":"2.0"}\r\n\r\n'
2025-09-16 17:25:42,594 - DEBUG - Got event: http.disconnect. Stop streaming.
2025-09-16 20:49:51,837 - INFO - Use pytorch device_name: cpu
2025-09-16 20:49:51,837 - INFO - Load pretrained SentenceTransformer: paraphrase-multilingual-MiniLM-L12-v2
2025-09-16 20:49:51,839 - DEBUG - Starting new HTTPS connection (1): huggingface.co:443
2025-09-16 20:49:52,556 - DEBUG - https://huggingface.co:443 "HEAD /sentence-transformers/paraphrase-multilingual-MiniLM-L12-v2/resolve/main/modules.json HTTP/1.1" 307 0
2025-09-16 20:49:52,631 - DEBUG - https://huggingface.co:443 "HEAD /api/resolve-cache/models/sentence-transformers/paraphrase-multilingual-MiniLM-L12-v2/86741b4e3f5cb7765a600d3a3d55a0f6a6cb443d/modules.json HTTP/1.1" 200 0
2025-09-16 20:49:52,948 - DEBUG - https://huggingface.co:443 "HEAD /sentence-transformers/paraphrase-multilingual-MiniLM-L12-v2/resolve/main/config_sentence_transformers.json HTTP/1.1" 307 0
2025-09-16 20:49:53,008 - DEBUG - https://huggingface.co:443 "HEAD /api/resolve-cache/models/sentence-transformers/paraphrase-multilingual-MiniLM-L12-v2/86741b4e3f5cb7765a600d3a3d55a0f6a6cb443d/config_sentence_transformers.json HTTP/1.1" 200 0
2025-09-16 20:49:53,324 - DEBUG - https://huggingface.co:443 "HEAD /sentence-transformers/paraphrase-multilingual-MiniLM-L12-v2/resolve/main/config_sentence_transformers.json HTTP/1.1" 307 0
2025-09-16 20:49:53,398 - DEBUG - https://huggingface.co:443 "HEAD /api/resolve-cache/models/sentence-transformers/paraphrase-multilingual-MiniLM-L12-v2/86741b4e3f5cb7765a600d3a3d55a0f6a6cb443d/config_sentence_transformers.json HTTP/1.1" 200 0
2025-09-16 20:49:53,780 - DEBUG - https://huggingface.co:443 "HEAD /sentence-transformers/paraphrase-multilingual-MiniLM-L12-v2/resolve/main/README.md HTTP/1.1" 307 0
2025-09-16 20:49:53,900 - DEBUG - https://huggingface.co:443 "HEAD /api/resolve-cache/models/sentence-transformers/paraphrase-multilingual-MiniLM-L12-v2/86741b4e3f5cb7765a600d3a3d55a0f6a6cb443d/README.md HTTP/1.1" 200 0
2025-09-16 20:49:54,251 - DEBUG - https://huggingface.co:443 "HEAD /sentence-transformers/paraphrase-multilingual-MiniLM-L12-v2/resolve/main/modules.json HTTP/1.1" 307 0
2025-09-16 20:49:54,310 - DEBUG - https://huggingface.co:443 "HEAD /api/resolve-cache/models/sentence-transformers/paraphrase-multilingual-MiniLM-L12-v2/86741b4e3f5cb7765a600d3a3d55a0f6a6cb443d/modules.json HTTP/1.1" 200 0
2025-09-16 20:49:54,642 - DEBUG - https://huggingface.co:443 "HEAD /sentence-transformers/paraphrase-multilingual-MiniLM-L12-v2/resolve/main/sentence_bert_config.json HTTP/1.1" 307 0
2025-09-16 20:49:54,710 - DEBUG - https://huggingface.co:443 "HEAD /api/resolve-cache/models/sentence-transformers/paraphrase-multilingual-MiniLM-L12-v2/86741b4e3f5cb7765a600d3a3d55a0f6a6cb443d/sentence_bert_config.json HTTP/1.1" 200 0
2025-09-16 20:49:55,031 - DEBUG - https://huggingface.co:443 "HEAD /sentence-transformers/paraphrase-multilingual-MiniLM-L12-v2/resolve/main/adapter_config.json HTTP/1.1" 404 0
2025-09-16 20:49:55,350 - DEBUG - https://huggingface.co:443 "HEAD /sentence-transformers/paraphrase-multilingual-MiniLM-L12-v2/resolve/main/config.json HTTP/1.1" 307 0
2025-09-16 20:49:55,441 - DEBUG - https://huggingface.co:443 "HEAD /api/resolve-cache/models/sentence-transformers/paraphrase-multilingual-MiniLM-L12-v2/86741b4e3f5cb7765a600d3a3d55a0f6a6cb443d/config.json HTTP/1.1" 200 0
2025-09-16 20:49:55,854 - DEBUG - https://huggingface.co:443 "HEAD /sentence-transformers/paraphrase-multilingual-MiniLM-L12-v2/resolve/main/tokenizer_config.json HTTP/1.1" 307 0
2025-09-16 20:49:55,950 - DEBUG - https://huggingface.co:443 "HEAD /api/resolve-cache/models/sentence-transformers/paraphrase-multilingual-MiniLM-L12-v2/86741b4e3f5cb7765a600d3a3d55a0f6a6cb443d/tokenizer_config.json HTTP/1.1" 200 0
2025-09-16 20:49:56,250 - DEBUG - https://huggingface.co:443 "GET /api/models/sentence-transformers/paraphrase-multilingual-MiniLM-L12-v2/tree/main/additional_chat_templates?recursive=False&expand=False HTTP/1.1" 404 64
2025-09-16 20:49:57,351 - DEBUG - https://huggingface.co:443 "HEAD /sentence-transformers/paraphrase-multilingual-MiniLM-L12-v2/resolve/main/1_Pooling/config.json HTTP/1.1" 307 0
2025-09-16 20:49:57,500 - DEBUG - https://huggingface.co:443 "HEAD /api/resolve-cache/models/sentence-transformers/paraphrase-multilingual-MiniLM-L12-v2/86741b4e3f5cb7765a600d3a3d55a0f6a6cb443d/1_Pooling%2Fconfig.json HTTP/1.1" 200 0
2025-09-16 20:49:57,821 - DEBUG - https://huggingface.co:443 "GET /api/models/sentence-transformers/paraphrase-multilingual-MiniLM-L12-v2 HTTP/1.1" 200 6124
2025-09-16 20:49:57,827 - DEBUG - Đã load model embedding: paraphrase-multilingual-MiniLM-L12-v2
2025-09-16 20:49:57,827 - DEBUG - Đang đọc file disease_specialty.json
2025-09-16 20:49:57,829 - DEBUG - Đang đọc file specialty_package.json
2025-09-16 20:49:57,830 - DEBUG - Đang đọc file package_cost.json
2025-09-16 20:49:57,830 - DEBUG - Hợp nhất các biến thể bệnh
2025-09-16 20:49:57,830 - DEBUG - Đã tạo index: 65 bệnh, 5 chuyên khoa, 10 gói
2025-09-16 20:49:58,091 - DEBUG - Using proactor: IocpProactor
2025-09-16 20:49:59,991 - DEBUG - Initializing InMemoryTaskStore
2025-09-16 20:50:59,495 - DEBUG - Start async tracer
2025-09-16 20:50:59,496 - DEBUG - TaskManager initialized with task_id: 5507c80c-add8-4ea0-af83-d35342bf5207, context_id: None
2025-09-16 20:50:59,496 - DEBUG - Attempting to get task from store with id: 5507c80c-add8-4ea0-af83-d35342bf5207
2025-09-16 20:50:59,496 - DEBUG - Attempting to get task with id: 5507c80c-add8-4ea0-af83-d35342bf5207
2025-09-16 20:50:59,496 - DEBUG - Task 5507c80c-add8-4ea0-af83-d35342bf5207 not found in store.
2025-09-16 20:50:59,497 - DEBUG - Task 5507c80c-add8-4ea0-af83-d35342bf5207 not found.
2025-09-16 20:50:59,497 - DEBUG - chunk: b'data: {"error":{"code":-32001,"message":"Task 5507c80c-add8-4ea0-af83-d35342bf5207 was specified but does not exist"},"id":"a5fbd309-139b-4379-8c7f-db9c14dece21","jsonrpc":"2.0"}\r\n\r\n'
2025-09-16 20:50:59,498 - DEBUG - Got event: http.disconnect. Stop streaming.
2025-09-16 21:24:54,163 - INFO - Use pytorch device_name: cpu
2025-09-16 21:24:54,164 - INFO - Load pretrained SentenceTransformer: paraphrase-multilingual-MiniLM-L12-v2
2025-09-16 21:24:54,171 - DEBUG - Starting new HTTPS connection (1): huggingface.co:443
2025-09-16 21:24:54,848 - DEBUG - https://huggingface.co:443 "HEAD /sentence-transformers/paraphrase-multilingual-MiniLM-L12-v2/resolve/main/modules.json HTTP/1.1" 307 0
2025-09-16 21:24:54,924 - DEBUG - https://huggingface.co:443 "HEAD /api/resolve-cache/models/sentence-transformers/paraphrase-multilingual-MiniLM-L12-v2/86741b4e3f5cb7765a600d3a3d55a0f6a6cb443d/modules.json HTTP/1.1" 200 0
2025-09-16 21:24:55,260 - DEBUG - https://huggingface.co:443 "HEAD /sentence-transformers/paraphrase-multilingual-MiniLM-L12-v2/resolve/main/config_sentence_transformers.json HTTP/1.1" 307 0
2025-09-16 21:24:55,312 - DEBUG - https://huggingface.co:443 "HEAD /api/resolve-cache/models/sentence-transformers/paraphrase-multilingual-MiniLM-L12-v2/86741b4e3f5cb7765a600d3a3d55a0f6a6cb443d/config_sentence_transformers.json HTTP/1.1" 200 0
2025-09-16 21:24:55,726 - DEBUG - https://huggingface.co:443 "HEAD /sentence-transformers/paraphrase-multilingual-MiniLM-L12-v2/resolve/main/config_sentence_transformers.json HTTP/1.1" 307 0
2025-09-16 21:24:55,786 - DEBUG - https://huggingface.co:443 "HEAD /api/resolve-cache/models/sentence-transformers/paraphrase-multilingual-MiniLM-L12-v2/86741b4e3f5cb7765a600d3a3d55a0f6a6cb443d/config_sentence_transformers.json HTTP/1.1" 200 0
2025-09-16 21:24:56,260 - DEBUG - https://huggingface.co:443 "HEAD /sentence-transformers/paraphrase-multilingual-MiniLM-L12-v2/resolve/main/README.md HTTP/1.1" 307 0
2025-09-16 21:24:56,333 - DEBUG - https://huggingface.co:443 "HEAD /api/resolve-cache/models/sentence-transformers/paraphrase-multilingual-MiniLM-L12-v2/86741b4e3f5cb7765a600d3a3d55a0f6a6cb443d/README.md HTTP/1.1" 200 0
2025-09-16 21:24:56,678 - DEBUG - https://huggingface.co:443 "HEAD /sentence-transformers/paraphrase-multilingual-MiniLM-L12-v2/resolve/main/modules.json HTTP/1.1" 307 0
2025-09-16 21:24:56,746 - DEBUG - https://huggingface.co:443 "HEAD /api/resolve-cache/models/sentence-transformers/paraphrase-multilingual-MiniLM-L12-v2/86741b4e3f5cb7765a600d3a3d55a0f6a6cb443d/modules.json HTTP/1.1" 200 0
2025-09-16 21:24:57,086 - DEBUG - https://huggingface.co:443 "HEAD /sentence-transformers/paraphrase-multilingual-MiniLM-L12-v2/resolve/main/sentence_bert_config.json HTTP/1.1" 307 0
2025-09-16 21:24:57,156 - DEBUG - https://huggingface.co:443 "HEAD /api/resolve-cache/models/sentence-transformers/paraphrase-multilingual-MiniLM-L12-v2/86741b4e3f5cb7765a600d3a3d55a0f6a6cb443d/sentence_bert_config.json HTTP/1.1" 200 0
2025-09-16 21:24:57,477 - DEBUG - https://huggingface.co:443 "HEAD /sentence-transformers/paraphrase-multilingual-MiniLM-L12-v2/resolve/main/adapter_config.json HTTP/1.1" 404 0
2025-09-16 21:24:57,956 - DEBUG - https://huggingface.co:443 "HEAD /sentence-transformers/paraphrase-multilingual-MiniLM-L12-v2/resolve/main/config.json HTTP/1.1" 307 0
2025-09-16 21:24:58,027 - DEBUG - https://huggingface.co:443 "HEAD /api/resolve-cache/models/sentence-transformers/paraphrase-multilingual-MiniLM-L12-v2/86741b4e3f5cb7765a600d3a3d55a0f6a6cb443d/config.json HTTP/1.1" 200 0
2025-09-16 21:24:58,536 - DEBUG - https://huggingface.co:443 "HEAD /sentence-transformers/paraphrase-multilingual-MiniLM-L12-v2/resolve/main/tokenizer_config.json HTTP/1.1" 307 0
2025-09-16 21:24:58,611 - DEBUG - https://huggingface.co:443 "HEAD /api/resolve-cache/models/sentence-transformers/paraphrase-multilingual-MiniLM-L12-v2/86741b4e3f5cb7765a600d3a3d55a0f6a6cb443d/tokenizer_config.json HTTP/1.1" 200 0
2025-09-16 21:24:59,087 - DEBUG - https://huggingface.co:443 "GET /api/models/sentence-transformers/paraphrase-multilingual-MiniLM-L12-v2/tree/main/additional_chat_templates?recursive=False&expand=False HTTP/1.1" 404 64
2025-09-16 21:25:00,296 - DEBUG - https://huggingface.co:443 "HEAD /sentence-transformers/paraphrase-multilingual-MiniLM-L12-v2/resolve/main/1_Pooling/config.json HTTP/1.1" 307 0
2025-09-16 21:25:00,359 - DEBUG - https://huggingface.co:443 "HEAD /api/resolve-cache/models/sentence-transformers/paraphrase-multilingual-MiniLM-L12-v2/86741b4e3f5cb7765a600d3a3d55a0f6a6cb443d/1_Pooling%2Fconfig.json HTTP/1.1" 200 0
2025-09-16 21:25:00,757 - DEBUG - https://huggingface.co:443 "GET /api/models/sentence-transformers/paraphrase-multilingual-MiniLM-L12-v2 HTTP/1.1" 200 6124
2025-09-16 21:25:00,760 - DEBUG - Đã load model embedding: paraphrase-multilingual-MiniLM-L12-v2
2025-09-16 21:25:00,760 - DEBUG - Đang đọc file disease_specialty.json
2025-09-16 21:25:00,767 - DEBUG - Đang đọc file specialty_package.json
2025-09-16 21:25:00,767 - DEBUG - Đang đọc file package_cost.json
2025-09-16 21:25:00,767 - DEBUG - Hợp nhất các biến thể bệnh
2025-09-16 21:25:00,767 - DEBUG - Đã tạo index: 65 bệnh, 5 chuyên khoa, 10 gói
2025-09-16 21:25:01,059 - DEBUG - Using proactor: IocpProactor
2025-09-16 21:25:03,020 - DEBUG - Initializing InMemoryTaskStore
2025-09-16 21:25:45,296 - DEBUG - Start async tracer
2025-09-16 21:25:45,297 - DEBUG - TaskManager initialized with task_id: 71e82a53-f1bc-484e-b454-2044a9455e0a, context_id: None
2025-09-16 21:25:45,297 - DEBUG - Attempting to get task from store with id: 71e82a53-f1bc-484e-b454-2044a9455e0a
2025-09-16 21:25:45,297 - DEBUG - Attempting to get task with id: 71e82a53-f1bc-484e-b454-2044a9455e0a
2025-09-16 21:25:45,297 - DEBUG - Task 71e82a53-f1bc-484e-b454-2044a9455e0a not found in store.
2025-09-16 21:25:45,297 - DEBUG - Task 71e82a53-f1bc-484e-b454-2044a9455e0a not found.
2025-09-16 21:25:45,297 - DEBUG - chunk: b'data: {"error":{"code":-32001,"message":"Task 71e82a53-f1bc-484e-b454-2044a9455e0a was specified but does not exist"},"id":"2b2f03dc-dfa2-48e7-b5ed-7f9c6f554606","jsonrpc":"2.0"}\r\n\r\n'
2025-09-16 21:25:45,297 - DEBUG - Got event: http.disconnect. Stop streaming.
2025-09-17 04:17:31,269 - INFO - Use pytorch device_name: cpu
2025-09-17 04:17:31,269 - INFO - Load pretrained SentenceTransformer: paraphrase-multilingual-MiniLM-L12-v2
2025-09-17 04:17:31,269 - DEBUG - Starting new HTTPS connection (1): huggingface.co:443
2025-09-17 04:17:31,656 - DEBUG - https://huggingface.co:443 "HEAD /sentence-transformers/paraphrase-multilingual-MiniLM-L12-v2/resolve/main/modules.json HTTP/1.1" 307 0
2025-09-17 04:17:31,698 - DEBUG - https://huggingface.co:443 "HEAD /api/resolve-cache/models/sentence-transformers/paraphrase-multilingual-MiniLM-L12-v2/86741b4e3f5cb7765a600d3a3d55a0f6a6cb443d/modules.json HTTP/1.1" 200 0
2025-09-17 04:17:31,960 - DEBUG - https://huggingface.co:443 "HEAD /sentence-transformers/paraphrase-multilingual-MiniLM-L12-v2/resolve/main/config_sentence_transformers.json HTTP/1.1" 307 0
2025-09-17 04:17:31,998 - DEBUG - https://huggingface.co:443 "HEAD /api/resolve-cache/models/sentence-transformers/paraphrase-multilingual-MiniLM-L12-v2/86741b4e3f5cb7765a600d3a3d55a0f6a6cb443d/config_sentence_transformers.json HTTP/1.1" 200 0
2025-09-17 04:17:32,258 - DEBUG - https://huggingface.co:443 "HEAD /sentence-transformers/paraphrase-multilingual-MiniLM-L12-v2/resolve/main/config_sentence_transformers.json HTTP/1.1" 307 0
2025-09-17 04:17:32,297 - DEBUG - https://huggingface.co:443 "HEAD /api/resolve-cache/models/sentence-transformers/paraphrase-multilingual-MiniLM-L12-v2/86741b4e3f5cb7765a600d3a3d55a0f6a6cb443d/config_sentence_transformers.json HTTP/1.1" 200 0
2025-09-17 04:17:32,546 - DEBUG - https://huggingface.co:443 "HEAD /sentence-transformers/paraphrase-multilingual-MiniLM-L12-v2/resolve/main/README.md HTTP/1.1" 307 0
2025-09-17 04:17:32,587 - DEBUG - https://huggingface.co:443 "HEAD /api/resolve-cache/models/sentence-transformers/paraphrase-multilingual-MiniLM-L12-v2/86741b4e3f5cb7765a600d3a3d55a0f6a6cb443d/README.md HTTP/1.1" 200 0
2025-09-17 04:17:32,847 - DEBUG - https://huggingface.co:443 "HEAD /sentence-transformers/paraphrase-multilingual-MiniLM-L12-v2/resolve/main/modules.json HTTP/1.1" 307 0
2025-09-17 04:17:32,887 - DEBUG - https://huggingface.co:443 "HEAD /api/resolve-cache/models/sentence-transformers/paraphrase-multilingual-MiniLM-L12-v2/86741b4e3f5cb7765a600d3a3d55a0f6a6cb443d/modules.json HTTP/1.1" 200 0
2025-09-17 04:17:33,548 - DEBUG - https://huggingface.co:443 "HEAD /sentence-transformers/paraphrase-multilingual-MiniLM-L12-v2/resolve/main/sentence_bert_config.json HTTP/1.1" 307 0
2025-09-17 04:17:33,583 - DEBUG - https://huggingface.co:443 "HEAD /api/resolve-cache/models/sentence-transformers/paraphrase-multilingual-MiniLM-L12-v2/86741b4e3f5cb7765a600d3a3d55a0f6a6cb443d/sentence_bert_config.json HTTP/1.1" 200 0
2025-09-17 04:17:33,846 - DEBUG - https://huggingface.co:443 "HEAD /sentence-transformers/paraphrase-multilingual-MiniLM-L12-v2/resolve/main/adapter_config.json HTTP/1.1" 404 0
2025-09-17 04:17:34,101 - DEBUG - https://huggingface.co:443 "HEAD /sentence-transformers/paraphrase-multilingual-MiniLM-L12-v2/resolve/main/config.json HTTP/1.1" 307 0
2025-09-17 04:17:34,146 - DEBUG - https://huggingface.co:443 "HEAD /api/resolve-cache/models/sentence-transformers/paraphrase-multilingual-MiniLM-L12-v2/86741b4e3f5cb7765a600d3a3d55a0f6a6cb443d/config.json HTTP/1.1" 200 0
2025-09-17 04:17:34,519 - DEBUG - https://huggingface.co:443 "HEAD /sentence-transformers/paraphrase-multilingual-MiniLM-L12-v2/resolve/main/tokenizer_config.json HTTP/1.1" 307 0
2025-09-17 04:17:34,557 - DEBUG - https://huggingface.co:443 "HEAD /api/resolve-cache/models/sentence-transformers/paraphrase-multilingual-MiniLM-L12-v2/86741b4e3f5cb7765a600d3a3d55a0f6a6cb443d/tokenizer_config.json HTTP/1.1" 200 0
2025-09-17 04:17:34,817 - DEBUG - https://huggingface.co:443 "GET /api/models/sentence-transformers/paraphrase-multilingual-MiniLM-L12-v2/tree/main/additional_chat_templates?recursive=False&expand=False HTTP/1.1" 404 64
2025-09-17 04:17:35,857 - DEBUG - https://huggingface.co:443 "HEAD /sentence-transformers/paraphrase-multilingual-MiniLM-L12-v2/resolve/main/1_Pooling/config.json HTTP/1.1" 307 0
2025-09-17 04:17:35,897 - DEBUG - https://huggingface.co:443 "HEAD /api/resolve-cache/models/sentence-transformers/paraphrase-multilingual-MiniLM-L12-v2/86741b4e3f5cb7765a600d3a3d55a0f6a6cb443d/1_Pooling%2Fconfig.json HTTP/1.1" 200 0
2025-09-17 04:17:36,161 - DEBUG - https://huggingface.co:443 "GET /api/models/sentence-transformers/paraphrase-multilingual-MiniLM-L12-v2 HTTP/1.1" 200 6118
2025-09-17 04:17:36,167 - DEBUG - Đã load model embedding: paraphrase-multilingual-MiniLM-L12-v2
2025-09-17 04:17:36,167 - DEBUG - Đang đọc file disease_specialty.json
2025-09-17 04:17:36,174 - DEBUG - Đang đọc file specialty_package.json
2025-09-17 04:17:36,179 - DEBUG - Đang đọc file package_cost.json
2025-09-17 04:17:36,179 - DEBUG - Hợp nhất các biến thể bệnh
2025-09-17 04:17:36,179 - DEBUG - Đã tạo index: 65 bệnh, 5 chuyên khoa, 10 gói
2025-09-17 04:17:36,448 - DEBUG - Using proactor: IocpProactor
2025-09-17 04:17:39,447 - DEBUG - Initializing InMemoryTaskStore
2025-09-17 04:19:44,358 - DEBUG - Start async tracer
2025-09-17 04:19:44,358 - DEBUG - TaskManager initialized with task_id: eee14b75-d045-4163-acb5-ea583e1ea8bc, context_id: None
2025-09-17 04:19:44,358 - DEBUG - Attempting to get task from store with id: eee14b75-d045-4163-acb5-ea583e1ea8bc
2025-09-17 04:19:44,358 - DEBUG - Attempting to get task with id: eee14b75-d045-4163-acb5-ea583e1ea8bc
2025-09-17 04:19:44,358 - DEBUG - Task eee14b75-d045-4163-acb5-ea583e1ea8bc not found in store.
2025-09-17 04:19:44,358 - DEBUG - Task eee14b75-d045-4163-acb5-ea583e1ea8bc not found.
2025-09-17 04:19:44,358 - DEBUG - chunk: b'data: {"error":{"code":-32001,"message":"Task eee14b75-d045-4163-acb5-ea583e1ea8bc was specified but does not exist"},"id":"475c1a59-5b91-4611-a72f-122db4530159","jsonrpc":"2.0"}\r\n\r\n'
2025-09-17 04:19:44,358 - DEBUG - Got event: http.disconnect. Stop streaming.
2025-09-17 04:36:20,455 - DEBUG - Start async tracer
2025-09-17 04:36:20,455 - DEBUG - TaskManager initialized with task_id: 5e748bd9-54a2-403d-b70d-7bf3132cdd52, context_id: None
2025-09-17 04:36:20,455 - DEBUG - Attempting to get task from store with id: 5e748bd9-54a2-403d-b70d-7bf3132cdd52
2025-09-17 04:36:20,456 - DEBUG - Attempting to get task with id: 5e748bd9-54a2-403d-b70d-7bf3132cdd52
2025-09-17 04:36:20,456 - DEBUG - Task 5e748bd9-54a2-403d-b70d-7bf3132cdd52 not found in store.
2025-09-17 04:36:20,456 - DEBUG - Task 5e748bd9-54a2-403d-b70d-7bf3132cdd52 not found.
2025-09-17 04:36:20,456 - DEBUG - chunk: b'data: {"error":{"code":-32001,"message":"Task 5e748bd9-54a2-403d-b70d-7bf3132cdd52 was specified but does not exist"},"id":"9e71a87e-fb6f-44b9-b158-c1deb224f219","jsonrpc":"2.0"}\r\n\r\n'
2025-09-17 04:36:20,456 - DEBUG - Got event: http.disconnect. Stop streaming.
2025-09-17 04:53:42,041 - DEBUG - Start async tracer
2025-09-17 04:53:42,041 - DEBUG - TaskManager initialized with task_id: 4d328eea-39cd-4a71-9e9e-4ec95f4ea4c0, context_id: None
2025-09-17 04:53:42,041 - DEBUG - Attempting to get task from store with id: 4d328eea-39cd-4a71-9e9e-4ec95f4ea4c0
2025-09-17 04:53:42,041 - DEBUG - Attempting to get task with id: 4d328eea-39cd-4a71-9e9e-4ec95f4ea4c0
2025-09-17 04:53:42,041 - DEBUG - Task 4d328eea-39cd-4a71-9e9e-4ec95f4ea4c0 not found in store.
2025-09-17 04:53:42,041 - DEBUG - Task 4d328eea-39cd-4a71-9e9e-4ec95f4ea4c0 not found.
2025-09-17 04:53:42,041 - DEBUG - chunk: b'data: {"error":{"code":-32001,"message":"Task 4d328eea-39cd-4a71-9e9e-4ec95f4ea4c0 was specified but does not exist"},"id":"5bebf2ea-4c86-4b8e-b1a0-a68068640a83","jsonrpc":"2.0"}\r\n\r\n'
2025-09-17 04:53:42,041 - DEBUG - Got event: http.disconnect. Stop streaming.
2025-09-17 04:54:34,797 - DEBUG - Start async tracer
2025-09-17 04:54:34,798 - DEBUG - TaskManager initialized with task_id: d536c01d-b4db-486e-afd2-683b2af92020, context_id: None
2025-09-17 04:54:34,798 - DEBUG - Attempting to get task from store with id: d536c01d-b4db-486e-afd2-683b2af92020
2025-09-17 04:54:34,798 - DEBUG - Attempting to get task with id: d536c01d-b4db-486e-afd2-683b2af92020
2025-09-17 04:54:34,798 - DEBUG - Task d536c01d-b4db-486e-afd2-683b2af92020 not found in store.
2025-09-17 04:54:34,798 - DEBUG - Task d536c01d-b4db-486e-afd2-683b2af92020 not found.
2025-09-17 04:54:34,798 - DEBUG - chunk: b'data: {"error":{"code":-32001,"message":"Task d536c01d-b4db-486e-afd2-683b2af92020 was specified but does not exist"},"id":"1279d17d-ef3d-4b64-8795-bb59fd3c2826","jsonrpc":"2.0"}\r\n\r\n'
2025-09-17 04:54:34,798 - DEBUG - Got event: http.disconnect. Stop streaming.
2025-09-17 04:55:37,038 - DEBUG - Start async tracer
2025-09-17 04:55:37,038 - DEBUG - TaskManager initialized with task_id: 71358d26-50fd-4551-965b-a67ff928ae2c, context_id: None
2025-09-17 04:55:37,038 - DEBUG - Attempting to get task from store with id: 71358d26-50fd-4551-965b-a67ff928ae2c
2025-09-17 04:55:37,039 - DEBUG - Attempting to get task with id: 71358d26-50fd-4551-965b-a67ff928ae2c
2025-09-17 04:55:37,039 - DEBUG - Task 71358d26-50fd-4551-965b-a67ff928ae2c not found in store.
2025-09-17 04:55:37,039 - DEBUG - Task 71358d26-50fd-4551-965b-a67ff928ae2c not found.
2025-09-17 04:55:37,040 - DEBUG - chunk: b'data: {"error":{"code":-32001,"message":"Task 71358d26-50fd-4551-965b-a67ff928ae2c was specified but does not exist"},"id":"b694f134-bf2c-4239-b884-998ab1267fa3","jsonrpc":"2.0"}\r\n\r\n'
2025-09-17 04:55:37,042 - DEBUG - Got event: http.disconnect. Stop streaming.
2025-09-17 05:23:18,463 - INFO - Use pytorch device_name: cpu
2025-09-17 05:23:18,464 - INFO - Load pretrained SentenceTransformer: paraphrase-multilingual-MiniLM-L12-v2
2025-09-17 05:23:18,467 - DEBUG - Starting new HTTPS connection (1): huggingface.co:443
2025-09-17 05:23:18,775 - WARNING - No sentence-transformers model found with name sentence-transformers/paraphrase-multilingual-MiniLM-L12-v2. Creating a new one with mean pooling.
2025-09-17 05:23:18,784 - DEBUG - Starting new HTTPS connection (2): huggingface.co:443
2025-09-17 05:24:25,029 - INFO - Use pytorch device_name: cpu
2025-09-17 05:24:25,029 - INFO - Load pretrained SentenceTransformer: paraphrase-multilingual-MiniLM-L12-v2
2025-09-17 05:24:25,034 - DEBUG - Starting new HTTPS connection (1): huggingface.co:443
2025-09-17 05:24:25,506 - DEBUG - https://huggingface.co:443 "HEAD /sentence-transformers/paraphrase-multilingual-MiniLM-L12-v2/resolve/main/modules.json HTTP/1.1" 307 0
2025-09-17 05:24:25,536 - DEBUG - https://huggingface.co:443 "HEAD /api/resolve-cache/models/sentence-transformers/paraphrase-multilingual-MiniLM-L12-v2/86741b4e3f5cb7765a600d3a3d55a0f6a6cb443d/modules.json HTTP/1.1" 200 0
2025-09-17 05:24:25,824 - DEBUG - https://huggingface.co:443 "HEAD /sentence-transformers/paraphrase-multilingual-MiniLM-L12-v2/resolve/main/config_sentence_transformers.json HTTP/1.1" 307 0
2025-09-17 05:24:25,854 - DEBUG - https://huggingface.co:443 "HEAD /api/resolve-cache/models/sentence-transformers/paraphrase-multilingual-MiniLM-L12-v2/86741b4e3f5cb7765a600d3a3d55a0f6a6cb443d/config_sentence_transformers.json HTTP/1.1" 200 0
2025-09-17 05:24:26,154 - DEBUG - https://huggingface.co:443 "HEAD /sentence-transformers/paraphrase-multilingual-MiniLM-L12-v2/resolve/main/config_sentence_transformers.json HTTP/1.1" 307 0
2025-09-17 05:24:26,192 - DEBUG - https://huggingface.co:443 "HEAD /api/resolve-cache/models/sentence-transformers/paraphrase-multilingual-MiniLM-L12-v2/86741b4e3f5cb7765a600d3a3d55a0f6a6cb443d/config_sentence_transformers.json HTTP/1.1" 200 0
2025-09-17 05:24:26,492 - DEBUG - https://huggingface.co:443 "HEAD /sentence-transformers/paraphrase-multilingual-MiniLM-L12-v2/resolve/main/README.md HTTP/1.1" 307 0
2025-09-17 05:24:26,518 - DEBUG - https://huggingface.co:443 "HEAD /api/resolve-cache/models/sentence-transformers/paraphrase-multilingual-MiniLM-L12-v2/86741b4e3f5cb7765a600d3a3d55a0f6a6cb443d/README.md HTTP/1.1" 200 0
2025-09-17 05:24:26,810 - DEBUG - https://huggingface.co:443 "HEAD /sentence-transformers/paraphrase-multilingual-MiniLM-L12-v2/resolve/main/modules.json HTTP/1.1" 307 0
2025-09-17 05:24:26,834 - DEBUG - https://huggingface.co:443 "HEAD /api/resolve-cache/models/sentence-transformers/paraphrase-multilingual-MiniLM-L12-v2/86741b4e3f5cb7765a600d3a3d55a0f6a6cb443d/modules.json HTTP/1.1" 200 0
2025-09-17 05:24:27,144 - DEBUG - https://huggingface.co:443 "HEAD /sentence-transformers/paraphrase-multilingual-MiniLM-L12-v2/resolve/main/sentence_bert_config.json HTTP/1.1" 307 0
2025-09-17 05:24:27,176 - DEBUG - https://huggingface.co:443 "HEAD /api/resolve-cache/models/sentence-transformers/paraphrase-multilingual-MiniLM-L12-v2/86741b4e3f5cb7765a600d3a3d55a0f6a6cb443d/sentence_bert_config.json HTTP/1.1" 200 0
2025-09-17 05:24:27,484 - DEBUG - https://huggingface.co:443 "HEAD /sentence-transformers/paraphrase-multilingual-MiniLM-L12-v2/resolve/main/adapter_config.json HTTP/1.1" 404 0
2025-09-17 05:24:27,796 - DEBUG - https://huggingface.co:443 "HEAD /sentence-transformers/paraphrase-multilingual-MiniLM-L12-v2/resolve/main/config.json HTTP/1.1" 307 0
2025-09-17 05:24:27,827 - DEBUG - https://huggingface.co:443 "HEAD /api/resolve-cache/models/sentence-transformers/paraphrase-multilingual-MiniLM-L12-v2/86741b4e3f5cb7765a600d3a3d55a0f6a6cb443d/config.json HTTP/1.1" 200 0
2025-09-17 05:24:28,286 - DEBUG - https://huggingface.co:443 "HEAD /sentence-transformers/paraphrase-multilingual-MiniLM-L12-v2/resolve/main/tokenizer_config.json HTTP/1.1" 307 0
2025-09-17 05:24:28,322 - DEBUG - https://huggingface.co:443 "HEAD /api/resolve-cache/models/sentence-transformers/paraphrase-multilingual-MiniLM-L12-v2/86741b4e3f5cb7765a600d3a3d55a0f6a6cb443d/tokenizer_config.json HTTP/1.1" 200 0
2025-09-17 05:24:28,636 - DEBUG - https://huggingface.co:443 "GET /api/models/sentence-transformers/paraphrase-multilingual-MiniLM-L12-v2/tree/main/additional_chat_templates?recursive=False&expand=False HTTP/1.1" 404 64
2025-09-17 05:24:29,690 - DEBUG - https://huggingface.co:443 "HEAD /sentence-transformers/paraphrase-multilingual-MiniLM-L12-v2/resolve/main/1_Pooling/config.json HTTP/1.1" 307 0
2025-09-17 05:24:29,724 - DEBUG - https://huggingface.co:443 "HEAD /api/resolve-cache/models/sentence-transformers/paraphrase-multilingual-MiniLM-L12-v2/86741b4e3f5cb7765a600d3a3d55a0f6a6cb443d/1_Pooling%2Fconfig.json HTTP/1.1" 200 0
2025-09-17 05:24:30,026 - DEBUG - https://huggingface.co:443 "GET /api/models/sentence-transformers/paraphrase-multilingual-MiniLM-L12-v2 HTTP/1.1" 200 6118
2025-09-17 05:24:30,036 - DEBUG - Đã load model embedding: paraphrase-multilingual-MiniLM-L12-v2
2025-09-17 05:24:30,036 - DEBUG - Đang đọc file disease_specialty.json
2025-09-17 05:24:30,036 - DEBUG - Đang đọc file specialty_package.json
2025-09-17 05:24:30,036 - DEBUG - Đang đọc file package_cost.json
2025-09-17 05:24:30,036 - DEBUG - Hợp nhất các biến thể bệnh
2025-09-17 05:24:30,036 - DEBUG - Đã tạo index: 65 bệnh, 5 chuyên khoa, 10 gói
2025-09-17 05:24:30,294 - DEBUG - Using proactor: IocpProactor
2025-09-17 05:24:32,124 - DEBUG - Initializing InMemoryTaskStore
2025-09-17 05:25:55,551 - DEBUG - Start async tracer
2025-09-17 05:25:55,551 - DEBUG - TaskManager initialized with task_id: 9ac6f8a8-7eef-4c00-859c-013e92d6ee2b, context_id: None
2025-09-17 05:25:55,551 - DEBUG - Attempting to get task from store with id: 9ac6f8a8-7eef-4c00-859c-013e92d6ee2b
2025-09-17 05:25:55,551 - DEBUG - Attempting to get task with id: 9ac6f8a8-7eef-4c00-859c-013e92d6ee2b
2025-09-17 05:25:55,551 - DEBUG - Task 9ac6f8a8-7eef-4c00-859c-013e92d6ee2b not found in store.
2025-09-17 05:25:55,551 - DEBUG - Task 9ac6f8a8-7eef-4c00-859c-013e92d6ee2b not found.
2025-09-17 05:25:55,551 - DEBUG - chunk: b'data: {"error":{"code":-32001,"message":"Task 9ac6f8a8-7eef-4c00-859c-013e92d6ee2b was specified but does not exist"},"id":"80d1699f-5c49-48e9-b95d-f79b174060e5","jsonrpc":"2.0"}\r\n\r\n'
2025-09-17 05:25:55,554 - DEBUG - Got event: http.disconnect. Stop streaming.
2025-09-19 04:16:12,183 - INFO - Use pytorch device_name: cpu
2025-09-19 04:16:12,183 - INFO - Load pretrained SentenceTransformer: paraphrase-multilingual-MiniLM-L12-v2
2025-09-19 04:16:12,187 - DEBUG - Starting new HTTPS connection (1): huggingface.co:443
2025-09-19 04:16:12,653 - DEBUG - https://huggingface.co:443 "HEAD /sentence-transformers/paraphrase-multilingual-MiniLM-L12-v2/resolve/main/modules.json HTTP/1.1" 307 0
2025-09-19 04:16:12,727 - DEBUG - https://huggingface.co:443 "HEAD /api/resolve-cache/models/sentence-transformers/paraphrase-multilingual-MiniLM-L12-v2/86741b4e3f5cb7765a600d3a3d55a0f6a6cb443d/modules.json HTTP/1.1" 200 0
2025-09-19 04:16:13,041 - DEBUG - https://huggingface.co:443 "HEAD /sentence-transformers/paraphrase-multilingual-MiniLM-L12-v2/resolve/main/config_sentence_transformers.json HTTP/1.1" 307 0
2025-09-19 04:16:13,110 - DEBUG - https://huggingface.co:443 "HEAD /api/resolve-cache/models/sentence-transformers/paraphrase-multilingual-MiniLM-L12-v2/86741b4e3f5cb7765a600d3a3d55a0f6a6cb443d/config_sentence_transformers.json HTTP/1.1" 200 0
2025-09-19 04:16:13,393 - DEBUG - https://huggingface.co:443 "HEAD /sentence-transformers/paraphrase-multilingual-MiniLM-L12-v2/resolve/main/config_sentence_transformers.json HTTP/1.1" 307 0
2025-09-19 04:16:13,454 - DEBUG - https://huggingface.co:443 "HEAD /api/resolve-cache/models/sentence-transformers/paraphrase-multilingual-MiniLM-L12-v2/86741b4e3f5cb7765a600d3a3d55a0f6a6cb443d/config_sentence_transformers.json HTTP/1.1" 200 0
2025-09-19 04:16:13,738 - DEBUG - https://huggingface.co:443 "HEAD /sentence-transformers/paraphrase-multilingual-MiniLM-L12-v2/resolve/main/README.md HTTP/1.1" 307 0
2025-09-19 04:16:13,808 - DEBUG - https://huggingface.co:443 "HEAD /api/resolve-cache/models/sentence-transformers/paraphrase-multilingual-MiniLM-L12-v2/86741b4e3f5cb7765a600d3a3d55a0f6a6cb443d/README.md HTTP/1.1" 200 0
2025-09-19 04:16:14,124 - DEBUG - https://huggingface.co:443 "HEAD /sentence-transformers/paraphrase-multilingual-MiniLM-L12-v2/resolve/main/modules.json HTTP/1.1" 307 0
2025-09-19 04:16:14,184 - DEBUG - https://huggingface.co:443 "HEAD /api/resolve-cache/models/sentence-transformers/paraphrase-multilingual-MiniLM-L12-v2/86741b4e3f5cb7765a600d3a3d55a0f6a6cb443d/modules.json HTTP/1.1" 200 0
2025-09-19 04:16:14,484 - DEBUG - https://huggingface.co:443 "HEAD /sentence-transformers/paraphrase-multilingual-MiniLM-L12-v2/resolve/main/sentence_bert_config.json HTTP/1.1" 307 0
2025-09-19 04:16:14,546 - DEBUG - https://huggingface.co:443 "HEAD /api/resolve-cache/models/sentence-transformers/paraphrase-multilingual-MiniLM-L12-v2/86741b4e3f5cb7765a600d3a3d55a0f6a6cb443d/sentence_bert_config.json HTTP/1.1" 200 0
2025-09-19 04:16:14,832 - DEBUG - https://huggingface.co:443 "HEAD /sentence-transformers/paraphrase-multilingual-MiniLM-L12-v2/resolve/main/adapter_config.json HTTP/1.1" 404 0
2025-09-19 04:16:15,113 - DEBUG - https://huggingface.co:443 "HEAD /sentence-transformers/paraphrase-multilingual-MiniLM-L12-v2/resolve/main/config.json HTTP/1.1" 307 0
2025-09-19 04:16:15,173 - DEBUG - https://huggingface.co:443 "HEAD /api/resolve-cache/models/sentence-transformers/paraphrase-multilingual-MiniLM-L12-v2/86741b4e3f5cb7765a600d3a3d55a0f6a6cb443d/config.json HTTP/1.1" 200 0
2025-09-19 04:16:15,674 - DEBUG - https://huggingface.co:443 "HEAD /sentence-transformers/paraphrase-multilingual-MiniLM-L12-v2/resolve/main/tokenizer_config.json HTTP/1.1" 307 0
2025-09-19 04:16:15,741 - DEBUG - https://huggingface.co:443 "HEAD /api/resolve-cache/models/sentence-transformers/paraphrase-multilingual-MiniLM-L12-v2/86741b4e3f5cb7765a600d3a3d55a0f6a6cb443d/tokenizer_config.json HTTP/1.1" 200 0
2025-09-19 04:16:16,054 - DEBUG - https://huggingface.co:443 "GET /api/models/sentence-transformers/paraphrase-multilingual-MiniLM-L12-v2/tree/main/additional_chat_templates?recursive=False&expand=False HTTP/1.1" 404 64
2025-09-19 04:16:17,084 - DEBUG - https://huggingface.co:443 "HEAD /sentence-transformers/paraphrase-multilingual-MiniLM-L12-v2/resolve/main/1_Pooling/config.json HTTP/1.1" 307 0
2025-09-19 04:16:17,144 - DEBUG - https://huggingface.co:443 "HEAD /api/resolve-cache/models/sentence-transformers/paraphrase-multilingual-MiniLM-L12-v2/86741b4e3f5cb7765a600d3a3d55a0f6a6cb443d/1_Pooling%2Fconfig.json HTTP/1.1" 200 0
2025-09-19 04:16:17,447 - DEBUG - https://huggingface.co:443 "GET /api/models/sentence-transformers/paraphrase-multilingual-MiniLM-L12-v2 HTTP/1.1" 200 6116
2025-09-19 04:16:17,454 - DEBUG - Đã load model embedding: paraphrase-multilingual-MiniLM-L12-v2
2025-09-19 04:16:17,454 - DEBUG - Đang đọc file disease_specialty.json
2025-09-19 04:16:17,460 - DEBUG - Đang đọc file specialty_package.json
2025-09-19 04:16:17,464 - DEBUG - Đang đọc file package_cost.json
2025-09-19 04:16:17,464 - DEBUG - Hợp nhất các biến thể bệnh
2025-09-19 04:16:17,464 - DEBUG - Đã tạo index: 65 bệnh, 5 chuyên khoa, 10 gói
2025-09-19 04:16:17,720 - DEBUG - Using proactor: IocpProactor
2025-09-19 04:16:19,343 - DEBUG - Initializing InMemoryTaskStore
2025-09-19 04:17:25,245 - DEBUG - Start async tracer
2025-09-19 04:17:25,246 - DEBUG - TaskManager initialized with task_id: 064b21c2-6865-4634-9f51-9b611e7ab495, context_id: None
2025-09-19 04:17:25,246 - DEBUG - Attempting to get task from store with id: 064b21c2-6865-4634-9f51-9b611e7ab495
2025-09-19 04:17:25,246 - DEBUG - Attempting to get task with id: 064b21c2-6865-4634-9f51-9b611e7ab495
2025-09-19 04:17:25,247 - DEBUG - Task 064b21c2-6865-4634-9f51-9b611e7ab495 not found in store.
2025-09-19 04:17:25,247 - DEBUG - Task 064b21c2-6865-4634-9f51-9b611e7ab495 not found.
2025-09-19 04:17:25,248 - DEBUG - chunk: b'data: {"error":{"code":-32001,"message":"Task 064b21c2-6865-4634-9f51-9b611e7ab495 was specified but does not exist"},"id":"182fba4f-0630-498e-8258-bbe7b29d71ae","jsonrpc":"2.0"}\r\n\r\n'
2025-09-19 04:17:25,250 - DEBUG - Got event: http.disconnect. Stop streaming.
2025-09-19 04:20:02,351 - DEBUG - Start async tracer
2025-09-19 04:20:02,352 - DEBUG - TaskManager initialized with task_id: 9eaf39af-abce-45b8-956c-70f87b33f20a, context_id: None
2025-09-19 04:20:02,353 - DEBUG - Attempting to get task from store with id: 9eaf39af-abce-45b8-956c-70f87b33f20a
2025-09-19 04:20:02,353 - DEBUG - Attempting to get task with id: 9eaf39af-abce-45b8-956c-70f87b33f20a
2025-09-19 04:20:02,354 - DEBUG - Task 9eaf39af-abce-45b8-956c-70f87b33f20a not found in store.
2025-09-19 04:20:02,355 - DEBUG - Task 9eaf39af-abce-45b8-956c-70f87b33f20a not found.
2025-09-19 04:20:02,355 - DEBUG - chunk: b'data: {"error":{"code":-32001,"message":"Task 9eaf39af-abce-45b8-956c-70f87b33f20a was specified but does not exist"},"id":"490c9604-3c66-44dc-9d37-4ddf32f178aa","jsonrpc":"2.0"}\r\n\r\n'
2025-09-19 04:20:02,355 - DEBUG - Got event: http.disconnect. Stop streaming.
2025-09-19 04:47:10,361 - INFO - Use pytorch device_name: cpu
2025-09-19 04:47:10,361 - INFO - Load pretrained SentenceTransformer: paraphrase-multilingual-MiniLM-L12-v2
2025-09-19 04:47:10,361 - DEBUG - Starting new HTTPS connection (1): huggingface.co:443
2025-09-19 04:47:10,777 - DEBUG - https://huggingface.co:443 "HEAD /sentence-transformers/paraphrase-multilingual-MiniLM-L12-v2/resolve/main/modules.json HTTP/1.1" 307 0
2025-09-19 04:47:10,825 - DEBUG - https://huggingface.co:443 "HEAD /api/resolve-cache/models/sentence-transformers/paraphrase-multilingual-MiniLM-L12-v2/86741b4e3f5cb7765a600d3a3d55a0f6a6cb443d/modules.json HTTP/1.1" 200 0
2025-09-19 04:47:11,087 - DEBUG - https://huggingface.co:443 "HEAD /sentence-transformers/paraphrase-multilingual-MiniLM-L12-v2/resolve/main/config_sentence_transformers.json HTTP/1.1" 307 0
2025-09-19 04:47:11,137 - DEBUG - https://huggingface.co:443 "HEAD /api/resolve-cache/models/sentence-transformers/paraphrase-multilingual-MiniLM-L12-v2/86741b4e3f5cb7765a600d3a3d55a0f6a6cb443d/config_sentence_transformers.json HTTP/1.1" 200 0
2025-09-19 04:47:11,403 - DEBUG - https://huggingface.co:443 "HEAD /sentence-transformers/paraphrase-multilingual-MiniLM-L12-v2/resolve/main/config_sentence_transformers.json HTTP/1.1" 307 0
2025-09-19 04:47:11,452 - DEBUG - https://huggingface.co:443 "HEAD /api/resolve-cache/models/sentence-transformers/paraphrase-multilingual-MiniLM-L12-v2/86741b4e3f5cb7765a600d3a3d55a0f6a6cb443d/config_sentence_transformers.json HTTP/1.1" 200 0
2025-09-19 04:47:11,717 - DEBUG - https://huggingface.co:443 "HEAD /sentence-transformers/paraphrase-multilingual-MiniLM-L12-v2/resolve/main/README.md HTTP/1.1" 307 0
2025-09-19 04:47:11,761 - DEBUG - https://huggingface.co:443 "HEAD /api/resolve-cache/models/sentence-transformers/paraphrase-multilingual-MiniLM-L12-v2/86741b4e3f5cb7765a600d3a3d55a0f6a6cb443d/README.md HTTP/1.1" 200 0
2025-09-19 04:47:12,030 - DEBUG - https://huggingface.co:443 "HEAD /sentence-transformers/paraphrase-multilingual-MiniLM-L12-v2/resolve/main/modules.json HTTP/1.1" 307 0
2025-09-19 04:47:12,077 - DEBUG - https://huggingface.co:443 "HEAD /api/resolve-cache/models/sentence-transformers/paraphrase-multilingual-MiniLM-L12-v2/86741b4e3f5cb7765a600d3a3d55a0f6a6cb443d/modules.json HTTP/1.1" 200 0
2025-09-19 04:47:12,347 - DEBUG - https://huggingface.co:443 "HEAD /sentence-transformers/paraphrase-multilingual-MiniLM-L12-v2/resolve/main/sentence_bert_config.json HTTP/1.1" 307 0
2025-09-19 04:47:12,395 - DEBUG - https://huggingface.co:443 "HEAD /api/resolve-cache/models/sentence-transformers/paraphrase-multilingual-MiniLM-L12-v2/86741b4e3f5cb7765a600d3a3d55a0f6a6cb443d/sentence_bert_config.json HTTP/1.1" 200 0
2025-09-19 04:47:12,657 - DEBUG - https://huggingface.co:443 "HEAD /sentence-transformers/paraphrase-multilingual-MiniLM-L12-v2/resolve/main/adapter_config.json HTTP/1.1" 404 0
2025-09-19 04:47:12,927 - DEBUG - https://huggingface.co:443 "HEAD /sentence-transformers/paraphrase-multilingual-MiniLM-L12-v2/resolve/main/config.json HTTP/1.1" 307 0
2025-09-19 04:47:12,968 - DEBUG - https://huggingface.co:443 "HEAD /api/resolve-cache/models/sentence-transformers/paraphrase-multilingual-MiniLM-L12-v2/86741b4e3f5cb7765a600d3a3d55a0f6a6cb443d/config.json HTTP/1.1" 200 0
2025-09-19 04:47:13,381 - DEBUG - https://huggingface.co:443 "HEAD /sentence-transformers/paraphrase-multilingual-MiniLM-L12-v2/resolve/main/tokenizer_config.json HTTP/1.1" 307 0
2025-09-19 04:47:13,427 - DEBUG - https://huggingface.co:443 "HEAD /api/resolve-cache/models/sentence-transformers/paraphrase-multilingual-MiniLM-L12-v2/86741b4e3f5cb7765a600d3a3d55a0f6a6cb443d/tokenizer_config.json HTTP/1.1" 200 0
2025-09-19 04:47:13,701 - DEBUG - https://huggingface.co:443 "GET /api/models/sentence-transformers/paraphrase-multilingual-MiniLM-L12-v2/tree/main/additional_chat_templates?recursive=False&expand=False HTTP/1.1" 404 64
2025-09-19 04:47:14,707 - DEBUG - https://huggingface.co:443 "HEAD /sentence-transformers/paraphrase-multilingual-MiniLM-L12-v2/resolve/main/1_Pooling/config.json HTTP/1.1" 307 0
2025-09-19 04:47:14,751 - DEBUG - https://huggingface.co:443 "HEAD /api/resolve-cache/models/sentence-transformers/paraphrase-multilingual-MiniLM-L12-v2/86741b4e3f5cb7765a600d3a3d55a0f6a6cb443d/1_Pooling%2Fconfig.json HTTP/1.1" 200 0
2025-09-19 04:47:15,025 - DEBUG - https://huggingface.co:443 "GET /api/models/sentence-transformers/paraphrase-multilingual-MiniLM-L12-v2 HTTP/1.1" 200 6116
2025-09-19 04:47:15,033 - DEBUG - Đã load model embedding: paraphrase-multilingual-MiniLM-L12-v2
2025-09-19 04:47:15,033 - DEBUG - Đang đọc file disease_specialty.json
2025-09-19 04:47:15,033 - DEBUG - Đang đọc file specialty_package.json
2025-09-19 04:47:15,036 - DEBUG - Đang đọc file package_cost.json
2025-09-19 04:47:15,036 - DEBUG - Hợp nhất các biến thể bệnh
2025-09-19 04:47:15,037 - DEBUG - Đã tạo index: 65 bệnh, 5 chuyên khoa, 10 gói
2025-09-19 04:47:15,317 - DEBUG - Using proactor: IocpProactor
2025-09-19 04:47:16,917 - DEBUG - Initializing InMemoryTaskStore
2025-09-19 04:48:47,076 - DEBUG - Start async tracer
2025-09-19 04:48:47,078 - DEBUG - TaskManager initialized with task_id: None, context_id: None
2025-09-19 04:48:47,079 - DEBUG - task_id is not set, cannot get task.
2025-09-19 04:48:47,079 - DEBUG - Start async tracer
2025-09-19 04:48:47,080 - DEBUG - EventQueue initialized.
2025-09-19 04:48:47,080 - DEBUG - Start async tracer
2025-09-19 04:48:47,080 - DEBUG - EventConsumer initialized
2025-09-19 04:48:47,081 - DEBUG - Starting to consume all events from the queue.
2025-09-19 04:48:47,081 - DEBUG - Start async tracer
2025-09-19 04:48:47,081 - DEBUG - Attempting to dequeue event (waiting).
2025-09-19 04:48:47,081 - DEBUG - Start async tracer
2025-09-19 04:48:47,081 - DEBUG - Start async tracer
2025-09-19 04:48:47,082 - DEBUG - Enqueuing event of type: <class 'a2a.types.TaskStatusUpdateEvent'>
2025-09-19 04:48:47,082 - DEBUG - Start async tracer
2025-09-19 04:48:47,082 - DEBUG - Enqueuing event of type: <class 'a2a.types.TaskStatusUpdateEvent'>
2025-09-19 04:48:47,101 - DEBUG - Dequeued event (waited) of type: <class 'a2a.types.TaskStatusUpdateEvent'>
2025-09-19 04:48:47,101 - DEBUG - Dequeued event of type: <class 'a2a.types.TaskStatusUpdateEvent'> in consume_all.
2025-09-19 04:48:47,101 - DEBUG - Marking task as done in EventQueue.
2025-09-19 04:48:47,102 - DEBUG - Marked task as done in event queue in consume_all
2025-09-19 04:48:47,102 - DEBUG - Processing save of task event of type TaskStatusUpdateEvent for task_id: a57c5c95-9d5e-403a-aeb5-abc8ca59cd89
2025-09-19 04:48:47,102 - DEBUG - Attempting to retrieve existing task with id: a57c5c95-9d5e-403a-aeb5-abc8ca59cd89
2025-09-19 04:48:47,102 - DEBUG - Attempting to get task with id: a57c5c95-9d5e-403a-aeb5-abc8ca59cd89
2025-09-19 04:48:47,103 - DEBUG - Task a57c5c95-9d5e-403a-aeb5-abc8ca59cd89 not found in store.
2025-09-19 04:48:47,103 - INFO - Task not found or task_id not set. Creating new task for event (task_id: a57c5c95-9d5e-403a-aeb5-abc8ca59cd89, context_id: 900b2b7c-0769-446b-82c1-ae8be1f7dfb3).
2025-09-19 04:48:47,103 - DEBUG - Initializing new Task object with task_id: a57c5c95-9d5e-403a-aeb5-abc8ca59cd89, context_id: 900b2b7c-0769-446b-82c1-ae8be1f7dfb3
2025-09-19 04:48:47,103 - DEBUG - Saving task with id: a57c5c95-9d5e-403a-aeb5-abc8ca59cd89
2025-09-19 04:48:47,104 - DEBUG - Task a57c5c95-9d5e-403a-aeb5-abc8ca59cd89 saved successfully.
2025-09-19 04:48:47,105 - DEBUG - Updating task a57c5c95-9d5e-403a-aeb5-abc8ca59cd89 status to: TaskState.submitted
2025-09-19 04:48:47,105 - DEBUG - Saving task with id: a57c5c95-9d5e-403a-aeb5-abc8ca59cd89
2025-09-19 04:48:47,106 - DEBUG - Task a57c5c95-9d5e-403a-aeb5-abc8ca59cd89 saved successfully.
2025-09-19 04:48:47,106 - DEBUG - Start async tracer
2025-09-19 04:48:47,107 - DEBUG - chunk: b'data: {"id":"641ff8bf-9e61-428c-b87d-6a9c39216c54","jsonrpc":"2.0","result":{"contextId":"900b2b7c-0769-446b-82c1-ae8be1f7dfb3","final":false,"kind":"status-update","status":{"state":"submitted","timestamp":"2025-09-18T21:48:47.081034+00:00"},"taskId":"a57c5c95-9d5e-403a-aeb5-abc8ca59cd89"}}\r\n\r\n'
2025-09-19 04:48:47,107 - DEBUG - Start async tracer
2025-09-19 04:48:47,107 - DEBUG - Attempting to dequeue event (waiting).
2025-09-19 04:48:47,107 - DEBUG - Dequeued event (waited) of type: <class 'a2a.types.TaskStatusUpdateEvent'>
2025-09-19 04:48:47,107 - DEBUG - Dequeued event of type: <class 'a2a.types.TaskStatusUpdateEvent'> in consume_all.
2025-09-19 04:48:47,107 - DEBUG - Marking task as done in EventQueue.
2025-09-19 04:48:47,107 - DEBUG - Marked task as done in event queue in consume_all
2025-09-19 04:48:47,110 - DEBUG - Processing save of task event of type TaskStatusUpdateEvent for task_id: a57c5c95-9d5e-403a-aeb5-abc8ca59cd89
2025-09-19 04:48:47,110 - DEBUG - Updating task a57c5c95-9d5e-403a-aeb5-abc8ca59cd89 status to: TaskState.working
2025-09-19 04:48:47,110 - DEBUG - Saving task with id: a57c5c95-9d5e-403a-aeb5-abc8ca59cd89
2025-09-19 04:48:47,110 - DEBUG - Task a57c5c95-9d5e-403a-aeb5-abc8ca59cd89 saved successfully.
2025-09-19 04:48:47,110 - DEBUG - Start async tracer
2025-09-19 04:48:47,110 - DEBUG - chunk: b'data: {"id":"641ff8bf-9e61-428c-b87d-6a9c39216c54","jsonrpc":"2.0","result":{"contextId":"900b2b7c-0769-446b-82c1-ae8be1f7dfb3","final":false,"kind":"status-update","status":{"state":"working","timestamp":"2025-09-18T21:48:47.082069+00:00"},"taskId":"a57c5c95-9d5e-403a-aeb5-abc8ca59cd89"}}\r\n\r\n'
2025-09-19 04:48:47,110 - DEBUG - Start async tracer
2025-09-19 04:48:47,110 - DEBUG - Attempting to dequeue event (waiting).
2025-09-19 04:48:47,113 - ERROR - CostAgentExecutor error: 'dict' object has no attribute 'data'
2025-09-19 04:48:47,113 - DEBUG - Start async tracer
2025-09-19 04:48:47,113 - DEBUG - Enqueuing event of type: <class 'a2a.types.TaskStatusUpdateEvent'>
2025-09-19 04:48:47,113 - DEBUG - Start async tracer
2025-09-19 04:48:47,113 - DEBUG - Closing EventQueue.
2025-09-19 04:48:47,113 - DEBUG - Dequeued event (waited) of type: <class 'a2a.types.TaskStatusUpdateEvent'>
2025-09-19 04:48:47,113 - DEBUG - Dequeued event of type: <class 'a2a.types.TaskStatusUpdateEvent'> in consume_all.
2025-09-19 04:48:47,113 - DEBUG - Marking task as done in EventQueue.
2025-09-19 04:48:47,113 - DEBUG - Marked task as done in event queue in consume_all
2025-09-19 04:48:47,113 - DEBUG - Stopping event consumption in consume_all.
2025-09-19 04:48:47,113 - DEBUG - Start async tracer
2025-09-19 04:48:47,113 - DEBUG - Closing EventQueue.
2025-09-19 04:48:47,113 - DEBUG - Processing save of task event of type TaskStatusUpdateEvent for task_id: a57c5c95-9d5e-403a-aeb5-abc8ca59cd89
2025-09-19 04:48:47,113 - DEBUG - Updating task a57c5c95-9d5e-403a-aeb5-abc8ca59cd89 status to: TaskState.failed
2025-09-19 04:48:47,113 - DEBUG - Saving task with id: a57c5c95-9d5e-403a-aeb5-abc8ca59cd89
2025-09-19 04:48:47,117 - DEBUG - Task a57c5c95-9d5e-403a-aeb5-abc8ca59cd89 saved successfully.
2025-09-19 04:48:47,117 - DEBUG - Start async tracer
2025-09-19 04:48:47,117 - DEBUG - chunk: b'data: {"id":"641ff8bf-9e61-428c-b87d-6a9c39216c54","jsonrpc":"2.0","result":{"contextId":"900b2b7c-0769-446b-82c1-ae8be1f7dfb3","final":true,"kind":"status-update","status":{"state":"failed","timestamp":"2025-09-18T21:48:47.113533+00:00"},"taskId":"a57c5c95-9d5e-403a-aeb5-abc8ca59cd89"}}\r\n\r\n'
2025-09-19 04:48:47,117 - DEBUG - Start async tracer
2025-09-19 04:48:47,119 - DEBUG - Agent task callback triggered.
2025-09-19 04:48:47,119 - DEBUG - Start async tracer
2025-09-19 04:48:47,119 - DEBUG - Start async tracer
2025-09-19 04:48:47,119 - DEBUG - Closing EventQueue.
2025-09-19 04:48:47,121 - DEBUG - Got event: http.disconnect. Stop streaming.
2025-09-19 04:48:47,134 - DEBUG - Using AsyncIOEngine.POLLER as I/O engine
2025-09-19 11:51:33,926 - INFO - Use pytorch device_name: cpu
2025-09-19 11:51:33,928 - INFO - Load pretrained SentenceTransformer: paraphrase-multilingual-MiniLM-L12-v2
2025-09-19 11:51:33,930 - DEBUG - Starting new HTTPS connection (1): huggingface.co:443
2025-09-19 11:51:34,574 - DEBUG - https://huggingface.co:443 "HEAD /sentence-transformers/paraphrase-multilingual-MiniLM-L12-v2/resolve/main/modules.json HTTP/1.1" 307 0
2025-09-19 11:51:34,630 - DEBUG - https://huggingface.co:443 "HEAD /api/resolve-cache/models/sentence-transformers/paraphrase-multilingual-MiniLM-L12-v2/86741b4e3f5cb7765a600d3a3d55a0f6a6cb443d/modules.json HTTP/1.1" 200 0
2025-09-19 11:51:34,953 - DEBUG - https://huggingface.co:443 "HEAD /sentence-transformers/paraphrase-multilingual-MiniLM-L12-v2/resolve/main/config_sentence_transformers.json HTTP/1.1" 307 0
2025-09-19 11:51:35,024 - DEBUG - https://huggingface.co:443 "HEAD /api/resolve-cache/models/sentence-transformers/paraphrase-multilingual-MiniLM-L12-v2/86741b4e3f5cb7765a600d3a3d55a0f6a6cb443d/config_sentence_transformers.json HTTP/1.1" 200 0
2025-09-19 11:51:35,389 - DEBUG - https://huggingface.co:443 "HEAD /sentence-transformers/paraphrase-multilingual-MiniLM-L12-v2/resolve/main/config_sentence_transformers.json HTTP/1.1" 307 0
2025-09-19 11:51:35,453 - DEBUG - https://huggingface.co:443 "HEAD /api/resolve-cache/models/sentence-transformers/paraphrase-multilingual-MiniLM-L12-v2/86741b4e3f5cb7765a600d3a3d55a0f6a6cb443d/config_sentence_transformers.json HTTP/1.1" 200 0
2025-09-19 11:51:36,221 - DEBUG - https://huggingface.co:443 "HEAD /sentence-transformers/paraphrase-multilingual-MiniLM-L12-v2/resolve/main/README.md HTTP/1.1" 307 0
2025-09-19 11:51:36,286 - DEBUG - https://huggingface.co:443 "HEAD /api/resolve-cache/models/sentence-transformers/paraphrase-multilingual-MiniLM-L12-v2/86741b4e3f5cb7765a600d3a3d55a0f6a6cb443d/README.md HTTP/1.1" 200 0
2025-09-19 11:51:36,646 - DEBUG - https://huggingface.co:443 "HEAD /sentence-transformers/paraphrase-multilingual-MiniLM-L12-v2/resolve/main/modules.json HTTP/1.1" 307 0
2025-09-19 11:51:36,784 - DEBUG - https://huggingface.co:443 "HEAD /api/resolve-cache/models/sentence-transformers/paraphrase-multilingual-MiniLM-L12-v2/86741b4e3f5cb7765a600d3a3d55a0f6a6cb443d/modules.json HTTP/1.1" 200 0
2025-09-19 11:51:37,151 - DEBUG - https://huggingface.co:443 "HEAD /sentence-transformers/paraphrase-multilingual-MiniLM-L12-v2/resolve/main/sentence_bert_config.json HTTP/1.1" 307 0
2025-09-19 11:51:37,260 - DEBUG - https://huggingface.co:443 "HEAD /api/resolve-cache/models/sentence-transformers/paraphrase-multilingual-MiniLM-L12-v2/86741b4e3f5cb7765a600d3a3d55a0f6a6cb443d/sentence_bert_config.json HTTP/1.1" 200 0
2025-09-19 11:51:37,585 - DEBUG - https://huggingface.co:443 "HEAD /sentence-transformers/paraphrase-multilingual-MiniLM-L12-v2/resolve/main/adapter_config.json HTTP/1.1" 404 0
2025-09-19 11:51:38,037 - DEBUG - https://huggingface.co:443 "HEAD /sentence-transformers/paraphrase-multilingual-MiniLM-L12-v2/resolve/main/config.json HTTP/1.1" 307 0
2025-09-19 11:51:38,248 - DEBUG - https://huggingface.co:443 "HEAD /api/resolve-cache/models/sentence-transformers/paraphrase-multilingual-MiniLM-L12-v2/86741b4e3f5cb7765a600d3a3d55a0f6a6cb443d/config.json HTTP/1.1" 200 0
2025-09-19 11:51:38,861 - DEBUG - https://huggingface.co:443 "HEAD /sentence-transformers/paraphrase-multilingual-MiniLM-L12-v2/resolve/main/tokenizer_config.json HTTP/1.1" 307 0
2025-09-19 11:51:38,921 - DEBUG - https://huggingface.co:443 "HEAD /api/resolve-cache/models/sentence-transformers/paraphrase-multilingual-MiniLM-L12-v2/86741b4e3f5cb7765a600d3a3d55a0f6a6cb443d/tokenizer_config.json HTTP/1.1" 200 0
2025-09-19 11:51:39,234 - DEBUG - https://huggingface.co:443 "GET /api/models/sentence-transformers/paraphrase-multilingual-MiniLM-L12-v2/tree/main/additional_chat_templates?recursive=False&expand=False HTTP/1.1" 404 64
2025-09-19 11:51:40,627 - DEBUG - https://huggingface.co:443 "HEAD /sentence-transformers/paraphrase-multilingual-MiniLM-L12-v2/resolve/main/1_Pooling/config.json HTTP/1.1" 307 0
2025-09-19 11:51:40,838 - DEBUG - https://huggingface.co:443 "HEAD /api/resolve-cache/models/sentence-transformers/paraphrase-multilingual-MiniLM-L12-v2/86741b4e3f5cb7765a600d3a3d55a0f6a6cb443d/1_Pooling%2Fconfig.json HTTP/1.1" 200 0
2025-09-19 11:51:41,184 - DEBUG - https://huggingface.co:443 "GET /api/models/sentence-transformers/paraphrase-multilingual-MiniLM-L12-v2 HTTP/1.1" 200 6116
2025-09-19 11:51:41,204 - DEBUG - Đã load model embedding: paraphrase-multilingual-MiniLM-L12-v2
2025-09-19 11:51:41,208 - DEBUG - Đang đọc file disease_specialty.json
2025-09-19 11:51:41,211 - DEBUG - Đang đọc file specialty_package.json
2025-09-19 11:51:41,213 - DEBUG - Đang đọc file package_cost.json
2025-09-19 11:51:41,217 - DEBUG - Hợp nhất các biến thể bệnh
2025-09-19 11:51:41,219 - DEBUG - Đã tạo index: 65 bệnh, 5 chuyên khoa, 10 gói
2025-09-19 11:51:41,585 - DEBUG - Using proactor: IocpProactor
2025-09-19 11:51:44,170 - DEBUG - Initializing InMemoryTaskStore
2025-09-19 11:54:59,490 - DEBUG - Start async tracer
2025-09-19 11:54:59,490 - DEBUG - TaskManager initialized with task_id: None, context_id: None
2025-09-19 11:54:59,490 - DEBUG - task_id is not set, cannot get task.
2025-09-19 11:54:59,490 - DEBUG - Start async tracer
2025-09-19 11:54:59,490 - DEBUG - EventQueue initialized.
2025-09-19 11:54:59,490 - DEBUG - Start async tracer
2025-09-19 11:54:59,490 - DEBUG - EventConsumer initialized
2025-09-19 11:54:59,490 - DEBUG - Starting to consume all events from the queue.
2025-09-19 11:54:59,490 - DEBUG - Start async tracer
2025-09-19 11:54:59,490 - DEBUG - Attempting to dequeue event (waiting).
2025-09-19 11:54:59,496 - DEBUG - Start async tracer
2025-09-19 11:54:59,496 - DEBUG - Start async tracer
2025-09-19 11:54:59,496 - DEBUG - Enqueuing event of type: <class 'a2a.types.TaskStatusUpdateEvent'>
2025-09-19 11:54:59,497 - DEBUG - Start async tracer
2025-09-19 11:54:59,497 - DEBUG - Enqueuing event of type: <class 'a2a.types.TaskStatusUpdateEvent'>
2025-09-19 11:54:59,524 - DEBUG - Dequeued event (waited) of type: <class 'a2a.types.TaskStatusUpdateEvent'>
2025-09-19 11:54:59,524 - DEBUG - Dequeued event of type: <class 'a2a.types.TaskStatusUpdateEvent'> in consume_all.
2025-09-19 11:54:59,524 - DEBUG - Marking task as done in EventQueue.
2025-09-19 11:54:59,524 - DEBUG - Marked task as done in event queue in consume_all
2025-09-19 11:54:59,524 - DEBUG - Processing save of task event of type TaskStatusUpdateEvent for task_id: 418560f6-658e-4726-bdfc-a9c196753248
2025-09-19 11:54:59,524 - DEBUG - Attempting to retrieve existing task with id: 418560f6-658e-4726-bdfc-a9c196753248
2025-09-19 11:54:59,524 - DEBUG - Attempting to get task with id: 418560f6-658e-4726-bdfc-a9c196753248
2025-09-19 11:54:59,524 - DEBUG - Task 418560f6-658e-4726-bdfc-a9c196753248 not found in store.
2025-09-19 11:54:59,524 - INFO - Task not found or task_id not set. Creating new task for event (task_id: 418560f6-658e-4726-bdfc-a9c196753248, context_id: 813d9986-d40f-41d2-b551-2df395c47891).
2025-09-19 11:54:59,528 - DEBUG - Initializing new Task object with task_id: 418560f6-658e-4726-bdfc-a9c196753248, context_id: 813d9986-d40f-41d2-b551-2df395c47891
2025-09-19 11:54:59,528 - DEBUG - Saving task with id: 418560f6-658e-4726-bdfc-a9c196753248
2025-09-19 11:54:59,528 - DEBUG - Task 418560f6-658e-4726-bdfc-a9c196753248 saved successfully.
2025-09-19 11:54:59,528 - DEBUG - Updating task 418560f6-658e-4726-bdfc-a9c196753248 status to: TaskState.submitted
2025-09-19 11:54:59,528 - DEBUG - Saving task with id: 418560f6-658e-4726-bdfc-a9c196753248
2025-09-19 11:54:59,530 - DEBUG - Task 418560f6-658e-4726-bdfc-a9c196753248 saved successfully.
2025-09-19 11:54:59,530 - DEBUG - Start async tracer
2025-09-19 11:54:59,531 - DEBUG - chunk: b'data: {"id":"34ec7198-6458-4ea6-8528-aaa6662b244e","jsonrpc":"2.0","result":{"contextId":"813d9986-d40f-41d2-b551-2df395c47891","final":false,"kind":"status-update","status":{"state":"submitted","timestamp":"2025-09-19T04:54:59.496439+00:00"},"taskId":"418560f6-658e-4726-bdfc-a9c196753248"}}\r\n\r\n'
2025-09-19 11:54:59,531 - DEBUG - Start async tracer
2025-09-19 11:54:59,531 - DEBUG - Attempting to dequeue event (waiting).
2025-09-19 11:54:59,531 - DEBUG - Dequeued event (waited) of type: <class 'a2a.types.TaskStatusUpdateEvent'>
2025-09-19 11:54:59,533 - DEBUG - Dequeued event of type: <class 'a2a.types.TaskStatusUpdateEvent'> in consume_all.
2025-09-19 11:54:59,533 - DEBUG - Marking task as done in EventQueue.
2025-09-19 11:54:59,533 - DEBUG - Marked task as done in event queue in consume_all
2025-09-19 11:54:59,534 - DEBUG - Processing save of task event of type TaskStatusUpdateEvent for task_id: 418560f6-658e-4726-bdfc-a9c196753248
2025-09-19 11:54:59,534 - DEBUG - Updating task 418560f6-658e-4726-bdfc-a9c196753248 status to: TaskState.working
2025-09-19 11:54:59,534 - DEBUG - Saving task with id: 418560f6-658e-4726-bdfc-a9c196753248
2025-09-19 11:54:59,534 - DEBUG - Task 418560f6-658e-4726-bdfc-a9c196753248 saved successfully.
2025-09-19 11:54:59,534 - DEBUG - Start async tracer
2025-09-19 11:54:59,534 - DEBUG - chunk: b'data: {"id":"34ec7198-6458-4ea6-8528-aaa6662b244e","jsonrpc":"2.0","result":{"contextId":"813d9986-d40f-41d2-b551-2df395c47891","final":false,"kind":"status-update","status":{"state":"working","timestamp":"2025-09-19T04:54:59.497923+00:00"},"taskId":"418560f6-658e-4726-bdfc-a9c196753248"}}\r\n\r\n'
2025-09-19 11:54:59,534 - DEBUG - Start async tracer
2025-09-19 11:54:59,534 - DEBUG - Attempting to dequeue event (waiting).
2025-09-19 11:54:59,540 - ERROR - CostAgentExecutor error: 'dict' object has no attribute 'data'
2025-09-19 11:54:59,540 - DEBUG - Start async tracer
2025-09-19 11:54:59,540 - DEBUG - Enqueuing event of type: <class 'a2a.types.TaskStatusUpdateEvent'>
2025-09-19 11:54:59,540 - DEBUG - Start async tracer
2025-09-19 11:54:59,540 - DEBUG - Closing EventQueue.
2025-09-19 11:54:59,540 - DEBUG - Dequeued event (waited) of type: <class 'a2a.types.TaskStatusUpdateEvent'>
2025-09-19 11:54:59,540 - DEBUG - Dequeued event of type: <class 'a2a.types.TaskStatusUpdateEvent'> in consume_all.
2025-09-19 11:54:59,540 - DEBUG - Marking task as done in EventQueue.
2025-09-19 11:54:59,540 - DEBUG - Marked task as done in event queue in consume_all
2025-09-19 11:54:59,540 - DEBUG - Stopping event consumption in consume_all.
2025-09-19 11:54:59,540 - DEBUG - Start async tracer
2025-09-19 11:54:59,540 - DEBUG - Closing EventQueue.
2025-09-19 11:54:59,540 - DEBUG - Processing save of task event of type TaskStatusUpdateEvent for task_id: 418560f6-658e-4726-bdfc-a9c196753248
2025-09-19 11:54:59,540 - DEBUG - Updating task 418560f6-658e-4726-bdfc-a9c196753248 status to: TaskState.failed
2025-09-19 11:54:59,540 - DEBUG - Saving task with id: 418560f6-658e-4726-bdfc-a9c196753248
2025-09-19 11:54:59,540 - DEBUG - Task 418560f6-658e-4726-bdfc-a9c196753248 saved successfully.
2025-09-19 11:54:59,545 - DEBUG - Start async tracer
2025-09-19 11:54:59,545 - DEBUG - chunk: b'data: {"id":"34ec7198-6458-4ea6-8528-aaa6662b244e","jsonrpc":"2.0","result":{"contextId":"813d9986-d40f-41d2-b551-2df395c47891","final":true,"kind":"status-update","status":{"state":"failed","timestamp":"2025-09-19T04:54:59.540202+00:00"},"taskId":"418560f6-658e-4726-bdfc-a9c196753248"}}\r\n\r\n'
2025-09-19 11:54:59,545 - DEBUG - Start async tracer
2025-09-19 11:54:59,550 - DEBUG - Agent task callback triggered.
2025-09-19 11:54:59,550 - DEBUG - Start async tracer
2025-09-19 11:54:59,550 - DEBUG - Start async tracer
2025-09-19 11:54:59,550 - DEBUG - Closing EventQueue.
2025-09-19 11:54:59,553 - DEBUG - Got event: http.disconnect. Stop streaming.
2025-09-19 11:54:59,570 - DEBUG - Using AsyncIOEngine.POLLER as I/O engine
2025-09-19 12:08:13,607 - DEBUG - Start async tracer
2025-09-19 12:08:13,607 - DEBUG - TaskManager initialized with task_id: None, context_id: None
2025-09-19 12:08:13,612 - DEBUG - task_id is not set, cannot get task.
2025-09-19 12:08:13,613 - DEBUG - Start async tracer
2025-09-19 12:08:13,613 - DEBUG - EventQueue initialized.
2025-09-19 12:08:13,615 - DEBUG - Start async tracer
2025-09-19 12:08:13,615 - DEBUG - EventConsumer initialized
2025-09-19 12:08:13,617 - DEBUG - Starting to consume all events from the queue.
2025-09-19 12:08:13,617 - DEBUG - Start async tracer
2025-09-19 12:08:13,619 - DEBUG - Attempting to dequeue event (waiting).
2025-09-19 12:08:13,620 - DEBUG - Start async tracer
2025-09-19 12:08:13,620 - DEBUG - Start async tracer
2025-09-19 12:08:13,622 - DEBUG - Enqueuing event of type: <class 'a2a.types.TaskStatusUpdateEvent'>
2025-09-19 12:08:13,622 - DEBUG - Start async tracer
2025-09-19 12:08:13,624 - DEBUG - Enqueuing event of type: <class 'a2a.types.TaskStatusUpdateEvent'>
2025-09-19 12:08:13,679 - DEBUG - Dequeued event (waited) of type: <class 'a2a.types.TaskStatusUpdateEvent'>
2025-09-19 12:08:13,680 - DEBUG - Dequeued event of type: <class 'a2a.types.TaskStatusUpdateEvent'> in consume_all.
2025-09-19 12:08:13,680 - DEBUG - Marking task as done in EventQueue.
2025-09-19 12:08:13,682 - DEBUG - Marked task as done in event queue in consume_all
2025-09-19 12:08:13,682 - DEBUG - Processing save of task event of type TaskStatusUpdateEvent for task_id: f9571c44-86d8-4777-b8e6-0657ba2e04f5
2025-09-19 12:08:13,682 - DEBUG - Attempting to retrieve existing task with id: f9571c44-86d8-4777-b8e6-0657ba2e04f5
2025-09-19 12:08:13,684 - DEBUG - Attempting to get task with id: f9571c44-86d8-4777-b8e6-0657ba2e04f5
2025-09-19 12:08:13,684 - DEBUG - Task f9571c44-86d8-4777-b8e6-0657ba2e04f5 not found in store.
2025-09-19 12:08:13,684 - INFO - Task not found or task_id not set. Creating new task for event (task_id: f9571c44-86d8-4777-b8e6-0657ba2e04f5, context_id: c4a835d7-301d-4369-8de2-515ef69364bd).
2025-09-19 12:08:13,684 - DEBUG - Initializing new Task object with task_id: f9571c44-86d8-4777-b8e6-0657ba2e04f5, context_id: c4a835d7-301d-4369-8de2-515ef69364bd
2025-09-19 12:08:13,687 - DEBUG - Saving task with id: f9571c44-86d8-4777-b8e6-0657ba2e04f5
2025-09-19 12:08:13,687 - DEBUG - Task f9571c44-86d8-4777-b8e6-0657ba2e04f5 saved successfully.
2025-09-19 12:08:13,687 - DEBUG - Updating task f9571c44-86d8-4777-b8e6-0657ba2e04f5 status to: TaskState.submitted
2025-09-19 12:08:13,687 - DEBUG - Saving task with id: f9571c44-86d8-4777-b8e6-0657ba2e04f5
2025-09-19 12:08:13,687 - DEBUG - Task f9571c44-86d8-4777-b8e6-0657ba2e04f5 saved successfully.
2025-09-19 12:08:13,687 - DEBUG - Start async tracer
2025-09-19 12:08:13,687 - DEBUG - chunk: b'data: {"id":"39bb341c-3a16-43c8-843e-5052947ab281","jsonrpc":"2.0","result":{"contextId":"c4a835d7-301d-4369-8de2-515ef69364bd","final":false,"kind":"status-update","status":{"state":"submitted","timestamp":"2025-09-19T05:08:13.620409+00:00"},"taskId":"f9571c44-86d8-4777-b8e6-0657ba2e04f5"}}\r\n\r\n'
2025-09-19 12:08:13,687 - DEBUG - Start async tracer
2025-09-19 12:08:13,693 - DEBUG - Attempting to dequeue event (waiting).
2025-09-19 12:08:13,694 - DEBUG - Dequeued event (waited) of type: <class 'a2a.types.TaskStatusUpdateEvent'>
2025-09-19 12:08:13,694 - DEBUG - Dequeued event of type: <class 'a2a.types.TaskStatusUpdateEvent'> in consume_all.
2025-09-19 12:08:13,694 - DEBUG - Marking task as done in EventQueue.
2025-09-19 12:08:13,694 - DEBUG - Marked task as done in event queue in consume_all
2025-09-19 12:08:13,694 - DEBUG - Processing save of task event of type TaskStatusUpdateEvent for task_id: f9571c44-86d8-4777-b8e6-0657ba2e04f5
2025-09-19 12:08:13,697 - DEBUG - Updating task f9571c44-86d8-4777-b8e6-0657ba2e04f5 status to: TaskState.working
2025-09-19 12:08:13,697 - DEBUG - Saving task with id: f9571c44-86d8-4777-b8e6-0657ba2e04f5
2025-09-19 12:08:13,697 - DEBUG - Task f9571c44-86d8-4777-b8e6-0657ba2e04f5 saved successfully.
2025-09-19 12:08:13,697 - DEBUG - Start async tracer
2025-09-19 12:08:13,697 - DEBUG - chunk: b'data: {"id":"39bb341c-3a16-43c8-843e-5052947ab281","jsonrpc":"2.0","result":{"contextId":"c4a835d7-301d-4369-8de2-515ef69364bd","final":false,"kind":"status-update","status":{"state":"working","timestamp":"2025-09-19T05:08:13.622438+00:00"},"taskId":"f9571c44-86d8-4777-b8e6-0657ba2e04f5"}}\r\n\r\n'
2025-09-19 12:08:13,697 - DEBUG - Start async tracer
2025-09-19 12:08:13,697 - DEBUG - Attempting to dequeue event (waiting).
2025-09-19 12:08:13,697 - ERROR - CostAgentExecutor error: 'dict' object has no attribute 'data'
2025-09-19 12:08:13,697 - DEBUG - Start async tracer
2025-09-19 12:08:13,705 - DEBUG - Enqueuing event of type: <class 'a2a.types.TaskStatusUpdateEvent'>
2025-09-19 12:08:13,705 - DEBUG - Start async tracer
2025-09-19 12:08:13,707 - DEBUG - Closing EventQueue.
2025-09-19 12:08:13,707 - DEBUG - Dequeued event (waited) of type: <class 'a2a.types.TaskStatusUpdateEvent'>
2025-09-19 12:08:13,709 - DEBUG - Dequeued event of type: <class 'a2a.types.TaskStatusUpdateEvent'> in consume_all.
2025-09-19 12:08:13,709 - DEBUG - Marking task as done in EventQueue.
2025-09-19 12:08:13,709 - DEBUG - Marked task as done in event queue in consume_all
2025-09-19 12:08:13,710 - DEBUG - Stopping event consumption in consume_all.
2025-09-19 12:08:13,710 - DEBUG - Start async tracer
2025-09-19 12:08:13,710 - DEBUG - Closing EventQueue.
2025-09-19 12:08:13,710 - DEBUG - Processing save of task event of type TaskStatusUpdateEvent for task_id: f9571c44-86d8-4777-b8e6-0657ba2e04f5
2025-09-19 12:08:13,710 - DEBUG - Updating task f9571c44-86d8-4777-b8e6-0657ba2e04f5 status to: TaskState.failed
2025-09-19 12:08:13,710 - DEBUG - Saving task with id: f9571c44-86d8-4777-b8e6-0657ba2e04f5
2025-09-19 12:08:13,710 - DEBUG - Task f9571c44-86d8-4777-b8e6-0657ba2e04f5 saved successfully.
2025-09-19 12:08:13,710 - DEBUG - Start async tracer
2025-09-19 12:08:13,710 - DEBUG - chunk: b'data: {"id":"39bb341c-3a16-43c8-843e-5052947ab281","jsonrpc":"2.0","result":{"contextId":"c4a835d7-301d-4369-8de2-515ef69364bd","final":true,"kind":"status-update","status":{"state":"failed","timestamp":"2025-09-19T05:08:13.697379+00:00"},"taskId":"f9571c44-86d8-4777-b8e6-0657ba2e04f5"}}\r\n\r\n'
2025-09-19 12:08:13,717 - DEBUG - Start async tracer
2025-09-19 12:08:13,717 - DEBUG - Agent task callback triggered.
2025-09-19 12:08:13,717 - DEBUG - Start async tracer
2025-09-19 12:08:13,717 - DEBUG - Start async tracer
2025-09-19 12:08:13,717 - DEBUG - Closing EventQueue.
2025-09-19 12:08:13,727 - DEBUG - Got event: http.disconnect. Stop streaming.
2025-09-19 12:08:16,937 - DEBUG - Gọi cost_tool_rag với đầu vào: {'message': 'Các bệnh có thể liên quan: Bội nhiễm viêm gan D', 'status': 'completed', 'data': {'extracted_symptoms': [], 'synthesized_answer': 'Các bệnh có thể liên quan: Bội nhiễm viêm gan D', 'pdf_results': []}}
2025-09-19 12:08:16,937 - DEBUG - Data từ agent_output: {'extracted_symptoms': [], 'synthesized_answer': 'Các bệnh có thể liên quan: Bội nhiễm viêm gan D', 'pdf_results': []}
2025-09-19 12:08:16,937 - DEBUG - Trích xuất bệnh bằng RAG từ data: {'extracted_symptoms': [], 'synthesized_answer': 'Các bệnh có thể liên quan: Bội nhiễm viêm gan D', 'pdf_results': []}
2025-09-19 12:08:16,941 - INFO - Use pytorch device_name: cpu
2025-09-19 12:08:16,941 - INFO - Load pretrained SentenceTransformer: paraphrase-multilingual-MiniLM-L12-v2
2025-09-19 12:08:16,946 - DEBUG - Resetting dropped connection: huggingface.co
2025-09-19 12:08:17,650 - DEBUG - https://huggingface.co:443 "HEAD /sentence-transformers/paraphrase-multilingual-MiniLM-L12-v2/resolve/main/modules.json HTTP/1.1" 307 0
2025-09-19 12:08:17,797 - DEBUG - https://huggingface.co:443 "HEAD /api/resolve-cache/models/sentence-transformers/paraphrase-multilingual-MiniLM-L12-v2/86741b4e3f5cb7765a600d3a3d55a0f6a6cb443d/modules.json HTTP/1.1" 200 0
2025-09-19 12:08:18,151 - DEBUG - https://huggingface.co:443 "HEAD /sentence-transformers/paraphrase-multilingual-MiniLM-L12-v2/resolve/main/config_sentence_transformers.json HTTP/1.1" 307 0
2025-09-19 12:08:18,217 - DEBUG - https://huggingface.co:443 "HEAD /api/resolve-cache/models/sentence-transformers/paraphrase-multilingual-MiniLM-L12-v2/86741b4e3f5cb7765a600d3a3d55a0f6a6cb443d/config_sentence_transformers.json HTTP/1.1" 200 0
2025-09-19 12:08:18,598 - DEBUG - https://huggingface.co:443 "HEAD /sentence-transformers/paraphrase-multilingual-MiniLM-L12-v2/resolve/main/config_sentence_transformers.json HTTP/1.1" 307 0
2025-09-19 12:08:18,705 - DEBUG - https://huggingface.co:443 "HEAD /api/resolve-cache/models/sentence-transformers/paraphrase-multilingual-MiniLM-L12-v2/86741b4e3f5cb7765a600d3a3d55a0f6a6cb443d/config_sentence_transformers.json HTTP/1.1" 200 0
2025-09-19 12:08:19,044 - DEBUG - https://huggingface.co:443 "HEAD /sentence-transformers/paraphrase-multilingual-MiniLM-L12-v2/resolve/main/README.md HTTP/1.1" 307 0
2025-09-19 12:08:19,108 - DEBUG - https://huggingface.co:443 "HEAD /api/resolve-cache/models/sentence-transformers/paraphrase-multilingual-MiniLM-L12-v2/86741b4e3f5cb7765a600d3a3d55a0f6a6cb443d/README.md HTTP/1.1" 200 0
2025-09-19 12:08:19,414 - DEBUG - https://huggingface.co:443 "HEAD /sentence-transformers/paraphrase-multilingual-MiniLM-L12-v2/resolve/main/modules.json HTTP/1.1" 307 0
2025-09-19 12:08:19,477 - DEBUG - https://huggingface.co:443 "HEAD /api/resolve-cache/models/sentence-transformers/paraphrase-multilingual-MiniLM-L12-v2/86741b4e3f5cb7765a600d3a3d55a0f6a6cb443d/modules.json HTTP/1.1" 200 0
2025-09-19 12:08:19,830 - DEBUG - https://huggingface.co:443 "HEAD /sentence-transformers/paraphrase-multilingual-MiniLM-L12-v2/resolve/main/sentence_bert_config.json HTTP/1.1" 307 0
2025-09-19 12:08:19,887 - DEBUG - https://huggingface.co:443 "HEAD /api/resolve-cache/models/sentence-transformers/paraphrase-multilingual-MiniLM-L12-v2/86741b4e3f5cb7765a600d3a3d55a0f6a6cb443d/sentence_bert_config.json HTTP/1.1" 200 0
2025-09-19 12:08:20,420 - DEBUG - https://huggingface.co:443 "HEAD /sentence-transformers/paraphrase-multilingual-MiniLM-L12-v2/resolve/main/adapter_config.json HTTP/1.1" 404 0
2025-09-19 12:08:20,867 - DEBUG - https://huggingface.co:443 "HEAD /sentence-transformers/paraphrase-multilingual-MiniLM-L12-v2/resolve/main/config.json HTTP/1.1" 307 0
2025-09-19 12:08:20,932 - DEBUG - https://huggingface.co:443 "HEAD /api/resolve-cache/models/sentence-transformers/paraphrase-multilingual-MiniLM-L12-v2/86741b4e3f5cb7765a600d3a3d55a0f6a6cb443d/config.json HTTP/1.1" 200 0
2025-09-19 12:08:21,587 - DEBUG - https://huggingface.co:443 "HEAD /sentence-transformers/paraphrase-multilingual-MiniLM-L12-v2/resolve/main/tokenizer_config.json HTTP/1.1" 307 0
2025-09-19 12:08:21,667 - DEBUG - https://huggingface.co:443 "HEAD /api/resolve-cache/models/sentence-transformers/paraphrase-multilingual-MiniLM-L12-v2/86741b4e3f5cb7765a600d3a3d55a0f6a6cb443d/tokenizer_config.json HTTP/1.1" 200 0
2025-09-19 12:08:22,094 - DEBUG - https://huggingface.co:443 "GET /api/models/sentence-transformers/paraphrase-multilingual-MiniLM-L12-v2/tree/main/additional_chat_templates?recursive=False&expand=False HTTP/1.1" 404 64
2025-09-19 12:08:23,733 - DEBUG - https://huggingface.co:443 "HEAD /sentence-transformers/paraphrase-multilingual-MiniLM-L12-v2/resolve/main/1_Pooling/config.json HTTP/1.1" 307 0
2025-09-19 12:08:23,827 - DEBUG - https://huggingface.co:443 "HEAD /api/resolve-cache/models/sentence-transformers/paraphrase-multilingual-MiniLM-L12-v2/86741b4e3f5cb7765a600d3a3d55a0f6a6cb443d/1_Pooling%2Fconfig.json HTTP/1.1" 200 0
2025-09-19 12:08:24,247 - DEBUG - https://huggingface.co:443 "GET /api/models/sentence-transformers/paraphrase-multilingual-MiniLM-L12-v2 HTTP/1.1" 200 6116
2025-09-19 12:08:24,297 - DEBUG - Environment variable FAISS_OPT_LEVEL is not set, so let's pick the instruction set according to the current CPU
2025-09-19 12:08:24,302 - INFO - Loading faiss with AVX2 support.
2025-09-19 12:08:24,400 - INFO - Successfully loaded faiss with AVX2 support.
2025-09-19 12:08:24,421 - INFO - Failed to load GPU Faiss: name 'GpuIndexIVFFlat' is not defined. Will not load constructor refs for GPU indexes. This is only an error if you're trying to use GPU Faiss.
2025-09-19 12:08:24,421 - ERROR - Lỗi trong cost_tool_rag: list index out of range
2025-09-20 05:18:12,159 - DEBUG - Load embedding model sentence-transformers/paraphrase-multilingual-MiniLM-L12-v2
2025-09-20 05:18:12,165 - INFO - Use pytorch device_name: cpu
2025-09-20 05:18:12,165 - INFO - Load pretrained SentenceTransformer: paraphrase-multilingual-MiniLM-L12-v2
2025-09-20 05:18:12,169 - DEBUG - Starting new HTTPS connection (1): huggingface.co:443
2025-09-20 05:18:12,535 - DEBUG - https://huggingface.co:443 "HEAD /sentence-transformers/paraphrase-multilingual-MiniLM-L12-v2/resolve/main/modules.json HTTP/1.1" 307 0
2025-09-20 05:18:12,571 - DEBUG - https://huggingface.co:443 "HEAD /api/resolve-cache/models/sentence-transformers/paraphrase-multilingual-MiniLM-L12-v2/86741b4e3f5cb7765a600d3a3d55a0f6a6cb443d/modules.json HTTP/1.1" 200 0
2025-09-20 05:18:12,825 - DEBUG - https://huggingface.co:443 "HEAD /sentence-transformers/paraphrase-multilingual-MiniLM-L12-v2/resolve/main/config_sentence_transformers.json HTTP/1.1" 307 0
2025-09-20 05:18:12,860 - DEBUG - https://huggingface.co:443 "HEAD /api/resolve-cache/models/sentence-transformers/paraphrase-multilingual-MiniLM-L12-v2/86741b4e3f5cb7765a600d3a3d55a0f6a6cb443d/config_sentence_transformers.json HTTP/1.1" 200 0
2025-09-20 05:18:13,115 - DEBUG - https://huggingface.co:443 "HEAD /sentence-transformers/paraphrase-multilingual-MiniLM-L12-v2/resolve/main/config_sentence_transformers.json HTTP/1.1" 307 0
2025-09-20 05:18:13,145 - DEBUG - https://huggingface.co:443 "HEAD /api/resolve-cache/models/sentence-transformers/paraphrase-multilingual-MiniLM-L12-v2/86741b4e3f5cb7765a600d3a3d55a0f6a6cb443d/config_sentence_transformers.json HTTP/1.1" 200 0
2025-09-20 05:18:13,405 - DEBUG - https://huggingface.co:443 "HEAD /sentence-transformers/paraphrase-multilingual-MiniLM-L12-v2/resolve/main/README.md HTTP/1.1" 307 0
2025-09-20 05:18:13,439 - DEBUG - https://huggingface.co:443 "HEAD /api/resolve-cache/models/sentence-transformers/paraphrase-multilingual-MiniLM-L12-v2/86741b4e3f5cb7765a600d3a3d55a0f6a6cb443d/README.md HTTP/1.1" 200 0
2025-09-20 05:18:13,703 - DEBUG - https://huggingface.co:443 "HEAD /sentence-transformers/paraphrase-multilingual-MiniLM-L12-v2/resolve/main/modules.json HTTP/1.1" 307 0
2025-09-20 05:18:13,737 - DEBUG - https://huggingface.co:443 "HEAD /api/resolve-cache/models/sentence-transformers/paraphrase-multilingual-MiniLM-L12-v2/86741b4e3f5cb7765a600d3a3d55a0f6a6cb443d/modules.json HTTP/1.1" 200 0
2025-09-20 05:18:13,987 - DEBUG - https://huggingface.co:443 "HEAD /sentence-transformers/paraphrase-multilingual-MiniLM-L12-v2/resolve/main/sentence_bert_config.json HTTP/1.1" 307 0
2025-09-20 05:18:14,025 - DEBUG - https://huggingface.co:443 "HEAD /api/resolve-cache/models/sentence-transformers/paraphrase-multilingual-MiniLM-L12-v2/86741b4e3f5cb7765a600d3a3d55a0f6a6cb443d/sentence_bert_config.json HTTP/1.1" 200 0
2025-09-20 05:18:14,278 - DEBUG - https://huggingface.co:443 "HEAD /sentence-transformers/paraphrase-multilingual-MiniLM-L12-v2/resolve/main/adapter_config.json HTTP/1.1" 404 0
2025-09-20 05:18:14,535 - DEBUG - https://huggingface.co:443 "HEAD /sentence-transformers/paraphrase-multilingual-MiniLM-L12-v2/resolve/main/config.json HTTP/1.1" 307 0
2025-09-20 05:18:14,564 - DEBUG - https://huggingface.co:443 "HEAD /api/resolve-cache/models/sentence-transformers/paraphrase-multilingual-MiniLM-L12-v2/86741b4e3f5cb7765a600d3a3d55a0f6a6cb443d/config.json HTTP/1.1" 200 0
2025-09-20 05:18:15,018 - DEBUG - https://huggingface.co:443 "HEAD /sentence-transformers/paraphrase-multilingual-MiniLM-L12-v2/resolve/main/tokenizer_config.json HTTP/1.1" 307 0
2025-09-20 05:18:15,054 - DEBUG - https://huggingface.co:443 "HEAD /api/resolve-cache/models/sentence-transformers/paraphrase-multilingual-MiniLM-L12-v2/86741b4e3f5cb7765a600d3a3d55a0f6a6cb443d/tokenizer_config.json HTTP/1.1" 200 0
2025-09-20 05:18:15,316 - DEBUG - https://huggingface.co:443 "GET /api/models/sentence-transformers/paraphrase-multilingual-MiniLM-L12-v2/tree/main/additional_chat_templates?recursive=False&expand=False HTTP/1.1" 404 64
2025-09-20 05:18:16,315 - DEBUG - https://huggingface.co:443 "HEAD /sentence-transformers/paraphrase-multilingual-MiniLM-L12-v2/resolve/main/1_Pooling/config.json HTTP/1.1" 307 0
2025-09-20 05:18:16,364 - DEBUG - https://huggingface.co:443 "HEAD /api/resolve-cache/models/sentence-transformers/paraphrase-multilingual-MiniLM-L12-v2/86741b4e3f5cb7765a600d3a3d55a0f6a6cb443d/1_Pooling%2Fconfig.json HTTP/1.1" 200 0
2025-09-20 05:18:16,628 - DEBUG - https://huggingface.co:443 "GET /api/models/sentence-transformers/paraphrase-multilingual-MiniLM-L12-v2 HTTP/1.1" 200 6116
2025-09-20 05:18:16,639 - DEBUG - Index ready: 3 bệnh, 2 chuyên khoa, 3 gói
2025-09-20 05:18:16,887 - DEBUG - Using proactor: IocpProactor
2025-09-20 05:18:18,440 - DEBUG - Initializing InMemoryTaskStore
2025-09-20 05:20:24,355 - DEBUG - Start async tracer
2025-09-20 05:20:24,355 - DEBUG - TaskManager initialized with task_id: None, context_id: None
2025-09-20 05:20:24,355 - DEBUG - task_id is not set, cannot get task.
2025-09-20 05:20:24,355 - DEBUG - Start async tracer
2025-09-20 05:20:24,355 - DEBUG - EventQueue initialized.
2025-09-20 05:20:24,355 - DEBUG - Start async tracer
2025-09-20 05:20:24,355 - DEBUG - EventConsumer initialized
2025-09-20 05:20:24,355 - DEBUG - Starting to consume all events from the queue.
2025-09-20 05:20:24,358 - DEBUG - Start async tracer
2025-09-20 05:20:24,358 - DEBUG - Attempting to dequeue event (waiting).
2025-09-20 05:20:24,358 - DEBUG - Start async tracer
2025-09-20 05:20:24,359 - DEBUG - Start async tracer
2025-09-20 05:20:24,359 - DEBUG - Enqueuing event of type: <class 'a2a.types.TaskStatusUpdateEvent'>
2025-09-20 05:20:24,359 - DEBUG - Start async tracer
2025-09-20 05:20:24,359 - DEBUG - Enqueuing event of type: <class 'a2a.types.TaskStatusUpdateEvent'>
2025-09-20 05:20:24,360 - DEBUG - CostAgentExecutor input wrapped: {'session_id': 'e89f271d-90c7-46a0-abc3-0b30516b00e9', 'user_query': 'hãy cho tôi các gói khám về bệnh Xuất huyết tiêu hóa đi', 'final_response_parts': []}
2025-09-20 05:20:24,360 - ERROR - CostAgentExecutor error: CostAgent.stream() takes 2 positional arguments but 3 were given
Traceback (most recent call last):
  File "D:\DEMO CHAT BOT\agents\cost_agent\agent_executor.py", line 55, in execute
    async for event in self.agent.stream(wrapped_input, context.context_id):
                       ^^^^^^^^^^^^^^^^^^^^^^^^^^^^^^^^^^^^^^^^^^^^^^^^^^^^
TypeError: CostAgent.stream() takes 2 positional arguments but 3 were given
2025-09-20 05:20:24,361 - DEBUG - Start async tracer
2025-09-20 05:20:24,361 - DEBUG - Enqueuing event of type: <class 'a2a.types.TaskStatusUpdateEvent'>
2025-09-20 05:20:24,361 - DEBUG - Start async tracer
2025-09-20 05:20:24,361 - DEBUG - Closing EventQueue.
2025-09-20 05:20:24,361 - DEBUG - Dequeued event (waited) of type: <class 'a2a.types.TaskStatusUpdateEvent'>
2025-09-20 05:20:24,361 - DEBUG - Dequeued event of type: <class 'a2a.types.TaskStatusUpdateEvent'> in consume_all.
2025-09-20 05:20:24,361 - DEBUG - Marking task as done in EventQueue.
2025-09-20 05:20:24,361 - DEBUG - Marked task as done in event queue in consume_all
2025-09-20 05:20:24,361 - DEBUG - Processing save of task event of type TaskStatusUpdateEvent for task_id: 42b55d90-b478-440d-b5f3-c0ff5d281cea
2025-09-20 05:20:24,361 - DEBUG - Attempting to retrieve existing task with id: 42b55d90-b478-440d-b5f3-c0ff5d281cea
2025-09-20 05:20:24,361 - DEBUG - Attempting to get task with id: 42b55d90-b478-440d-b5f3-c0ff5d281cea
2025-09-20 05:20:24,361 - DEBUG - Task 42b55d90-b478-440d-b5f3-c0ff5d281cea not found in store.
2025-09-20 05:20:24,361 - INFO - Task not found or task_id not set. Creating new task for event (task_id: 42b55d90-b478-440d-b5f3-c0ff5d281cea, context_id: e89f271d-90c7-46a0-abc3-0b30516b00e9).
2025-09-20 05:20:24,364 - DEBUG - Initializing new Task object with task_id: 42b55d90-b478-440d-b5f3-c0ff5d281cea, context_id: e89f271d-90c7-46a0-abc3-0b30516b00e9
2025-09-20 05:20:24,364 - DEBUG - Saving task with id: 42b55d90-b478-440d-b5f3-c0ff5d281cea
2025-09-20 05:20:24,364 - DEBUG - Task 42b55d90-b478-440d-b5f3-c0ff5d281cea saved successfully.
2025-09-20 05:20:24,364 - DEBUG - Updating task 42b55d90-b478-440d-b5f3-c0ff5d281cea status to: TaskState.submitted
2025-09-20 05:20:24,364 - DEBUG - Saving task with id: 42b55d90-b478-440d-b5f3-c0ff5d281cea
2025-09-20 05:20:24,364 - DEBUG - Task 42b55d90-b478-440d-b5f3-c0ff5d281cea saved successfully.
2025-09-20 05:20:24,364 - DEBUG - Start async tracer
2025-09-20 05:20:24,367 - DEBUG - chunk: b'data: {"id":"e2a056da-6722-4cef-8418-cc92f6ce2253","jsonrpc":"2.0","result":{"contextId":"e89f271d-90c7-46a0-abc3-0b30516b00e9","final":false,"kind":"status-update","status":{"state":"submitted","timestamp":"2025-09-19T22:20:24.359175+00:00"},"taskId":"42b55d90-b478-440d-b5f3-c0ff5d281cea"}}\r\n\r\n'
2025-09-20 05:20:24,368 - DEBUG - Start async tracer
2025-09-20 05:20:24,368 - DEBUG - Attempting to dequeue event (waiting).
2025-09-20 05:20:24,368 - DEBUG - Dequeued event (waited) of type: <class 'a2a.types.TaskStatusUpdateEvent'>
2025-09-20 05:20:24,368 - DEBUG - Dequeued event of type: <class 'a2a.types.TaskStatusUpdateEvent'> in consume_all.
2025-09-20 05:20:24,368 - DEBUG - Marking task as done in EventQueue.
2025-09-20 05:20:24,368 - DEBUG - Marked task as done in event queue in consume_all
2025-09-20 05:20:24,368 - DEBUG - Processing save of task event of type TaskStatusUpdateEvent for task_id: 42b55d90-b478-440d-b5f3-c0ff5d281cea
2025-09-20 05:20:24,368 - DEBUG - Updating task 42b55d90-b478-440d-b5f3-c0ff5d281cea status to: TaskState.working
2025-09-20 05:20:24,368 - DEBUG - Saving task with id: 42b55d90-b478-440d-b5f3-c0ff5d281cea
2025-09-20 05:20:24,368 - DEBUG - Task 42b55d90-b478-440d-b5f3-c0ff5d281cea saved successfully.
2025-09-20 05:20:24,368 - DEBUG - Start async tracer
2025-09-20 05:20:24,368 - DEBUG - chunk: b'data: {"id":"e2a056da-6722-4cef-8418-cc92f6ce2253","jsonrpc":"2.0","result":{"contextId":"e89f271d-90c7-46a0-abc3-0b30516b00e9","final":false,"kind":"status-update","status":{"state":"working","timestamp":"2025-09-19T22:20:24.359175+00:00"},"taskId":"42b55d90-b478-440d-b5f3-c0ff5d281cea"}}\r\n\r\n'
2025-09-20 05:20:24,368 - DEBUG - Start async tracer
2025-09-20 05:20:24,368 - DEBUG - Attempting to dequeue event (waiting).
2025-09-20 05:20:24,368 - DEBUG - Dequeued event (waited) of type: <class 'a2a.types.TaskStatusUpdateEvent'>
2025-09-20 05:20:24,368 - DEBUG - Dequeued event of type: <class 'a2a.types.TaskStatusUpdateEvent'> in consume_all.
2025-09-20 05:20:24,368 - DEBUG - Marking task as done in EventQueue.
2025-09-20 05:20:24,368 - DEBUG - Marked task as done in event queue in consume_all
2025-09-20 05:20:24,368 - DEBUG - Stopping event consumption in consume_all.
2025-09-20 05:20:24,368 - DEBUG - Start async tracer
2025-09-20 05:20:24,368 - DEBUG - Closing EventQueue.
2025-09-20 05:20:24,372 - DEBUG - Processing save of task event of type TaskStatusUpdateEvent for task_id: 42b55d90-b478-440d-b5f3-c0ff5d281cea
2025-09-20 05:20:24,372 - DEBUG - Updating task 42b55d90-b478-440d-b5f3-c0ff5d281cea status to: TaskState.failed
2025-09-20 05:20:24,372 - DEBUG - Saving task with id: 42b55d90-b478-440d-b5f3-c0ff5d281cea
2025-09-20 05:20:24,373 - DEBUG - Task 42b55d90-b478-440d-b5f3-c0ff5d281cea saved successfully.
2025-09-20 05:20:24,373 - DEBUG - Start async tracer
2025-09-20 05:20:24,373 - DEBUG - chunk: b'data: {"id":"e2a056da-6722-4cef-8418-cc92f6ce2253","jsonrpc":"2.0","result":{"contextId":"e89f271d-90c7-46a0-abc3-0b30516b00e9","final":true,"kind":"status-update","status":{"state":"failed","timestamp":"2025-09-19T22:20:24.361189+00:00"},"taskId":"42b55d90-b478-440d-b5f3-c0ff5d281cea"}}\r\n\r\n'
2025-09-20 05:20:24,374 - DEBUG - Start async tracer
2025-09-20 05:20:24,374 - DEBUG - Agent task callback triggered.
2025-09-20 05:20:24,374 - DEBUG - Start async tracer
2025-09-20 05:20:24,374 - DEBUG - Start async tracer
2025-09-20 05:20:24,374 - DEBUG - Closing EventQueue.
2025-09-20 05:20:24,374 - DEBUG - Got event: http.disconnect. Stop streaming.
2025-09-20 05:25:23,783 - DEBUG - Load embedding model sentence-transformers/paraphrase-multilingual-MiniLM-L12-v2
2025-09-20 05:25:23,786 - INFO - Use pytorch device_name: cpu
2025-09-20 05:25:23,786 - INFO - Load pretrained SentenceTransformer: paraphrase-multilingual-MiniLM-L12-v2
2025-09-20 05:25:23,786 - DEBUG - Starting new HTTPS connection (1): huggingface.co:443
2025-09-20 05:25:24,213 - DEBUG - https://huggingface.co:443 "HEAD /sentence-transformers/paraphrase-multilingual-MiniLM-L12-v2/resolve/main/modules.json HTTP/1.1" 307 0
2025-09-20 05:25:24,223 - DEBUG - https://huggingface.co:443 "HEAD /api/resolve-cache/models/sentence-transformers/paraphrase-multilingual-MiniLM-L12-v2/86741b4e3f5cb7765a600d3a3d55a0f6a6cb443d/modules.json HTTP/1.1" 200 0
2025-09-20 05:25:24,508 - DEBUG - https://huggingface.co:443 "HEAD /sentence-transformers/paraphrase-multilingual-MiniLM-L12-v2/resolve/main/config_sentence_transformers.json HTTP/1.1" 307 0
2025-09-20 05:25:24,513 - DEBUG - https://huggingface.co:443 "HEAD /api/resolve-cache/models/sentence-transformers/paraphrase-multilingual-MiniLM-L12-v2/86741b4e3f5cb7765a600d3a3d55a0f6a6cb443d/config_sentence_transformers.json HTTP/1.1" 200 0
2025-09-20 05:25:24,799 - DEBUG - https://huggingface.co:443 "HEAD /sentence-transformers/paraphrase-multilingual-MiniLM-L12-v2/resolve/main/config_sentence_transformers.json HTTP/1.1" 307 0
2025-09-20 05:25:24,805 - DEBUG - https://huggingface.co:443 "HEAD /api/resolve-cache/models/sentence-transformers/paraphrase-multilingual-MiniLM-L12-v2/86741b4e3f5cb7765a600d3a3d55a0f6a6cb443d/config_sentence_transformers.json HTTP/1.1" 200 0
2025-09-20 05:25:25,098 - DEBUG - https://huggingface.co:443 "HEAD /sentence-transformers/paraphrase-multilingual-MiniLM-L12-v2/resolve/main/README.md HTTP/1.1" 307 0
2025-09-20 05:25:25,103 - DEBUG - https://huggingface.co:443 "HEAD /api/resolve-cache/models/sentence-transformers/paraphrase-multilingual-MiniLM-L12-v2/86741b4e3f5cb7765a600d3a3d55a0f6a6cb443d/README.md HTTP/1.1" 200 0
2025-09-20 05:25:25,403 - DEBUG - https://huggingface.co:443 "HEAD /sentence-transformers/paraphrase-multilingual-MiniLM-L12-v2/resolve/main/modules.json HTTP/1.1" 307 0
2025-09-20 05:25:25,467 - DEBUG - https://huggingface.co:443 "HEAD /api/resolve-cache/models/sentence-transformers/paraphrase-multilingual-MiniLM-L12-v2/86741b4e3f5cb7765a600d3a3d55a0f6a6cb443d/modules.json HTTP/1.1" 200 0
2025-09-20 05:25:25,769 - DEBUG - https://huggingface.co:443 "HEAD /sentence-transformers/paraphrase-multilingual-MiniLM-L12-v2/resolve/main/sentence_bert_config.json HTTP/1.1" 307 0
2025-09-20 05:25:25,783 - DEBUG - https://huggingface.co:443 "HEAD /api/resolve-cache/models/sentence-transformers/paraphrase-multilingual-MiniLM-L12-v2/86741b4e3f5cb7765a600d3a3d55a0f6a6cb443d/sentence_bert_config.json HTTP/1.1" 200 0
2025-09-20 05:25:26,053 - DEBUG - https://huggingface.co:443 "HEAD /sentence-transformers/paraphrase-multilingual-MiniLM-L12-v2/resolve/main/adapter_config.json HTTP/1.1" 404 0
2025-09-20 05:25:26,323 - DEBUG - https://huggingface.co:443 "HEAD /sentence-transformers/paraphrase-multilingual-MiniLM-L12-v2/resolve/main/config.json HTTP/1.1" 307 0
2025-09-20 05:25:26,323 - DEBUG - https://huggingface.co:443 "HEAD /api/resolve-cache/models/sentence-transformers/paraphrase-multilingual-MiniLM-L12-v2/86741b4e3f5cb7765a600d3a3d55a0f6a6cb443d/config.json HTTP/1.1" 200 0
2025-09-20 05:25:26,703 - DEBUG - https://huggingface.co:443 "HEAD /sentence-transformers/paraphrase-multilingual-MiniLM-L12-v2/resolve/main/tokenizer_config.json HTTP/1.1" 307 0
2025-09-20 05:25:26,716 - DEBUG - https://huggingface.co:443 "HEAD /api/resolve-cache/models/sentence-transformers/paraphrase-multilingual-MiniLM-L12-v2/86741b4e3f5cb7765a600d3a3d55a0f6a6cb443d/tokenizer_config.json HTTP/1.1" 200 0
2025-09-20 05:25:26,998 - DEBUG - https://huggingface.co:443 "GET /api/models/sentence-transformers/paraphrase-multilingual-MiniLM-L12-v2/tree/main/additional_chat_templates?recursive=False&expand=False HTTP/1.1" 404 64
2025-09-20 05:25:27,964 - DEBUG - https://huggingface.co:443 "HEAD /sentence-transformers/paraphrase-multilingual-MiniLM-L12-v2/resolve/main/1_Pooling/config.json HTTP/1.1" 307 0
2025-09-20 05:25:27,973 - DEBUG - https://huggingface.co:443 "HEAD /api/resolve-cache/models/sentence-transformers/paraphrase-multilingual-MiniLM-L12-v2/86741b4e3f5cb7765a600d3a3d55a0f6a6cb443d/1_Pooling%2Fconfig.json HTTP/1.1" 200 0
2025-09-20 05:25:28,246 - DEBUG - https://huggingface.co:443 "GET /api/models/sentence-transformers/paraphrase-multilingual-MiniLM-L12-v2 HTTP/1.1" 200 6116
2025-09-20 05:25:28,251 - DEBUG - Index ready: 3 bệnh, 2 chuyên khoa, 3 gói
2025-09-20 05:25:28,508 - DEBUG - Using proactor: IocpProactor
2025-09-20 05:25:31,653 - DEBUG - Initializing InMemoryTaskStore
2025-09-20 05:26:48,929 - DEBUG - Start async tracer
2025-09-20 05:26:48,929 - DEBUG - TaskManager initialized with task_id: None, context_id: None
2025-09-20 05:26:48,929 - DEBUG - task_id is not set, cannot get task.
2025-09-20 05:26:48,929 - DEBUG - Start async tracer
2025-09-20 05:26:48,929 - DEBUG - EventQueue initialized.
2025-09-20 05:26:48,929 - DEBUG - Start async tracer
2025-09-20 05:26:48,929 - DEBUG - EventConsumer initialized
2025-09-20 05:26:48,929 - DEBUG - Starting to consume all events from the queue.
2025-09-20 05:26:48,929 - DEBUG - Start async tracer
2025-09-20 05:26:48,929 - DEBUG - Attempting to dequeue event (waiting).
2025-09-20 05:26:48,929 - DEBUG - Start async tracer
2025-09-20 05:26:48,929 - DEBUG - Start async tracer
2025-09-20 05:26:48,929 - DEBUG - Enqueuing event of type: <class 'a2a.types.TaskStatusUpdateEvent'>
2025-09-20 05:26:48,929 - DEBUG - Start async tracer
2025-09-20 05:26:48,929 - DEBUG - Enqueuing event of type: <class 'a2a.types.TaskStatusUpdateEvent'>
2025-09-20 05:26:48,929 - DEBUG - CostAgentExecutor input wrapped: {'session_id': '5e1790e1-ddff-4331-8f82-02dd5db9d9fe', 'user_query': 'cho tôi các gói khám bệnh liên quan tới Xuất huyết tiêu hóa đi', 'final_response_parts': []}
2025-09-20 05:26:48,955 - DEBUG - Dequeued event (waited) of type: <class 'a2a.types.TaskStatusUpdateEvent'>
2025-09-20 05:26:48,955 - DEBUG - Dequeued event of type: <class 'a2a.types.TaskStatusUpdateEvent'> in consume_all.
2025-09-20 05:26:48,955 - DEBUG - Marking task as done in EventQueue.
2025-09-20 05:26:48,955 - DEBUG - Marked task as done in event queue in consume_all
2025-09-20 05:26:48,955 - DEBUG - Processing save of task event of type TaskStatusUpdateEvent for task_id: 1c386c7c-e983-4e1c-b993-aec2226a65e9
2025-09-20 05:26:48,955 - DEBUG - Attempting to retrieve existing task with id: 1c386c7c-e983-4e1c-b993-aec2226a65e9
2025-09-20 05:26:48,955 - DEBUG - Attempting to get task with id: 1c386c7c-e983-4e1c-b993-aec2226a65e9
2025-09-20 05:26:48,955 - DEBUG - Task 1c386c7c-e983-4e1c-b993-aec2226a65e9 not found in store.
2025-09-20 05:26:48,955 - INFO - Task not found or task_id not set. Creating new task for event (task_id: 1c386c7c-e983-4e1c-b993-aec2226a65e9, context_id: 5e1790e1-ddff-4331-8f82-02dd5db9d9fe).
2025-09-20 05:26:48,955 - DEBUG - Initializing new Task object with task_id: 1c386c7c-e983-4e1c-b993-aec2226a65e9, context_id: 5e1790e1-ddff-4331-8f82-02dd5db9d9fe
2025-09-20 05:26:48,955 - DEBUG - Saving task with id: 1c386c7c-e983-4e1c-b993-aec2226a65e9
2025-09-20 05:26:48,955 - DEBUG - Task 1c386c7c-e983-4e1c-b993-aec2226a65e9 saved successfully.
2025-09-20 05:26:48,955 - DEBUG - Updating task 1c386c7c-e983-4e1c-b993-aec2226a65e9 status to: TaskState.submitted
2025-09-20 05:26:48,955 - DEBUG - Saving task with id: 1c386c7c-e983-4e1c-b993-aec2226a65e9
2025-09-20 05:26:48,955 - DEBUG - Task 1c386c7c-e983-4e1c-b993-aec2226a65e9 saved successfully.
2025-09-20 05:26:48,955 - DEBUG - Start async tracer
2025-09-20 05:26:48,962 - DEBUG - chunk: b'data: {"id":"e6615c7f-8eee-45a1-ab12-7d6e723964b5","jsonrpc":"2.0","result":{"contextId":"5e1790e1-ddff-4331-8f82-02dd5db9d9fe","final":false,"kind":"status-update","status":{"state":"submitted","timestamp":"2025-09-19T22:26:48.929013+00:00"},"taskId":"1c386c7c-e983-4e1c-b993-aec2226a65e9"}}\r\n\r\n'
2025-09-20 05:26:48,962 - DEBUG - Start async tracer
2025-09-20 05:26:48,962 - DEBUG - Attempting to dequeue event (waiting).
2025-09-20 05:26:48,962 - DEBUG - Dequeued event (waited) of type: <class 'a2a.types.TaskStatusUpdateEvent'>
2025-09-20 05:26:48,962 - DEBUG - Dequeued event of type: <class 'a2a.types.TaskStatusUpdateEvent'> in consume_all.
2025-09-20 05:26:48,962 - DEBUG - Marking task as done in EventQueue.
2025-09-20 05:26:48,962 - DEBUG - Marked task as done in event queue in consume_all
2025-09-20 05:26:48,962 - DEBUG - Processing save of task event of type TaskStatusUpdateEvent for task_id: 1c386c7c-e983-4e1c-b993-aec2226a65e9
2025-09-20 05:26:48,962 - DEBUG - Updating task 1c386c7c-e983-4e1c-b993-aec2226a65e9 status to: TaskState.working
2025-09-20 05:26:48,962 - DEBUG - Saving task with id: 1c386c7c-e983-4e1c-b993-aec2226a65e9
2025-09-20 05:26:48,962 - DEBUG - Task 1c386c7c-e983-4e1c-b993-aec2226a65e9 saved successfully.
2025-09-20 05:26:48,962 - DEBUG - Start async tracer
2025-09-20 05:26:48,962 - DEBUG - chunk: b'data: {"id":"e6615c7f-8eee-45a1-ab12-7d6e723964b5","jsonrpc":"2.0","result":{"contextId":"5e1790e1-ddff-4331-8f82-02dd5db9d9fe","final":false,"kind":"status-update","status":{"state":"working","timestamp":"2025-09-19T22:26:48.929013+00:00"},"taskId":"1c386c7c-e983-4e1c-b993-aec2226a65e9"}}\r\n\r\n'
2025-09-20 05:26:48,962 - DEBUG - Start async tracer
2025-09-20 05:26:48,962 - DEBUG - Attempting to dequeue event (waiting).
2025-09-20 05:26:48,969 - ERROR - CostAgentExecutor error: 'dict' object has no attribute 'data'
Traceback (most recent call last):
  File "D:\DEMO CHAT BOT\agents\cost_agent\agent_executor.py", line 55, in execute
    async for event in self.agent.stream(wrapped_input):
  File "D:\DEMO CHAT BOT\agents\cost_agent\cost_agent.py", line 215, in stream
    if chunk.data and "structured_response" in chunk.data:
       ^^^^^^^^^^
AttributeError: 'dict' object has no attribute 'data'
2025-09-20 05:26:48,973 - DEBUG - Start async tracer
2025-09-20 05:26:48,973 - DEBUG - Enqueuing event of type: <class 'a2a.types.TaskStatusUpdateEvent'>
2025-09-20 05:26:48,973 - DEBUG - Start async tracer
2025-09-20 05:26:48,973 - DEBUG - Closing EventQueue.
2025-09-20 05:26:48,973 - DEBUG - Dequeued event (waited) of type: <class 'a2a.types.TaskStatusUpdateEvent'>
2025-09-20 05:26:48,973 - DEBUG - Dequeued event of type: <class 'a2a.types.TaskStatusUpdateEvent'> in consume_all.
2025-09-20 05:26:48,973 - DEBUG - Marking task as done in EventQueue.
2025-09-20 05:26:48,973 - DEBUG - Marked task as done in event queue in consume_all
2025-09-20 05:26:48,973 - DEBUG - Stopping event consumption in consume_all.
2025-09-20 05:26:48,973 - DEBUG - Start async tracer
2025-09-20 05:26:48,973 - DEBUG - Closing EventQueue.
2025-09-20 05:26:48,973 - DEBUG - Processing save of task event of type TaskStatusUpdateEvent for task_id: 1c386c7c-e983-4e1c-b993-aec2226a65e9
2025-09-20 05:26:48,973 - DEBUG - Updating task 1c386c7c-e983-4e1c-b993-aec2226a65e9 status to: TaskState.failed
2025-09-20 05:26:48,973 - DEBUG - Saving task with id: 1c386c7c-e983-4e1c-b993-aec2226a65e9
2025-09-20 05:26:48,975 - DEBUG - Task 1c386c7c-e983-4e1c-b993-aec2226a65e9 saved successfully.
2025-09-20 05:26:48,975 - DEBUG - Start async tracer
2025-09-20 05:26:48,975 - DEBUG - chunk: b'data: {"id":"e6615c7f-8eee-45a1-ab12-7d6e723964b5","jsonrpc":"2.0","result":{"contextId":"5e1790e1-ddff-4331-8f82-02dd5db9d9fe","final":true,"kind":"status-update","status":{"state":"failed","timestamp":"2025-09-19T22:26:48.973104+00:00"},"taskId":"1c386c7c-e983-4e1c-b993-aec2226a65e9"}}\r\n\r\n'
2025-09-20 05:26:48,975 - DEBUG - Start async tracer
2025-09-20 05:26:48,978 - DEBUG - Agent task callback triggered.
2025-09-20 05:26:48,978 - DEBUG - Start async tracer
2025-09-20 05:26:48,978 - DEBUG - Start async tracer
2025-09-20 05:26:48,978 - DEBUG - Closing EventQueue.
2025-09-20 05:26:48,978 - DEBUG - Got event: http.disconnect. Stop streaming.
2025-09-20 05:26:48,990 - ERROR - Task exception was never retrieved
future: <Task finished name='Task-29' coro=<<async_generator_athrow without __name__>()> exception=2 validation errors for HumanMessage
content.str
  Input should be a valid string [type=string_type, input_value={'query': '', 'final_response_parts': []}, input_type=dict]
    For further information visit https://errors.pydantic.dev/2.11/v/string_type
content.list[union[str,dict[any,any]]]
  Input should be a valid list [type=list_type, input_value={'query': '', 'final_response_parts': []}, input_type=dict]
    For further information visit https://errors.pydantic.dev/2.11/v/list_type>
Traceback (most recent call last):
  File "D:\DEMO CHAT BOT\.venv\Lib\site-packages\langchain_core\tracers\log_stream.py", line 697, in _astream_log_implementation
    yield log
GeneratorExit

During handling of the above exception, another exception occurred:

Traceback (most recent call last):
  File "D:\DEMO CHAT BOT\.venv\Lib\site-packages\langchain_core\tracers\log_stream.py", line 706, in _astream_log_implementation
    await task
  File "D:\DEMO CHAT BOT\.venv\Lib\site-packages\langchain_core\tracers\log_stream.py", line 658, in consume_astream
    async for chunk in runnable.astream(value, config, **kwargs):
  File "D:\DEMO CHAT BOT\.venv\Lib\site-packages\langgraph\pregel\main.py", line 2943, in astream
    loop.after_tick()
  File "D:\DEMO CHAT BOT\.venv\Lib\site-packages\langgraph\pregel\_loop.py", line 525, in after_tick
    self.updated_channels = apply_writes(
                            ^^^^^^^^^^^^^
  File "D:\DEMO CHAT BOT\.venv\Lib\site-packages\langgraph\pregel\_algo.py", line 298, in apply_writes
    if channels[chan].update(vals) and next_version is not None:
       ^^^^^^^^^^^^^^^^^^^^^^^^^^^
  File "D:\DEMO CHAT BOT\.venv\Lib\site-packages\langgraph\channels\binop.py", line 93, in update
    self.value = self.operator(self.value, value)
                 ^^^^^^^^^^^^^^^^^^^^^^^^^^^^^^^^
  File "D:\DEMO CHAT BOT\.venv\Lib\site-packages\langgraph\graph\message.py", line 46, in _add_messages
    return func(left, right, **kwargs)
           ^^^^^^^^^^^^^^^^^^^^^^^^^^^
  File "D:\DEMO CHAT BOT\.venv\Lib\site-packages\langgraph\graph\message.py", line 189, in add_messages
    for m in convert_to_messages(right)
             ^^^^^^^^^^^^^^^^^^^^^^^^^^
  File "D:\DEMO CHAT BOT\.venv\Lib\site-packages\langchain_core\messages\utils.py", line 367, in convert_to_messages
    return [_convert_to_message(m) for m in messages]
            ^^^^^^^^^^^^^^^^^^^^^^
  File "D:\DEMO CHAT BOT\.venv\Lib\site-packages\langchain_core\messages\utils.py", line 324, in _convert_to_message
    message_ = _create_message_from_message_type(message_type_str, template)
               ^^^^^^^^^^^^^^^^^^^^^^^^^^^^^^^^^^^^^^^^^^^^^^^^^^^^^^^^^^^^^
  File "D:\DEMO CHAT BOT\.venv\Lib\site-packages\langchain_core\messages\utils.py", line 269, in _create_message_from_message_type
    message: BaseMessage = HumanMessage(content=content, **kwargs)
                           ^^^^^^^^^^^^^^^^^^^^^^^^^^^^^^^^^^^^^^^
  File "D:\DEMO CHAT BOT\.venv\Lib\site-packages\langchain_core\messages\human.py", line 52, in __init__
    super().__init__(content=content, **kwargs)
  File "D:\DEMO CHAT BOT\.venv\Lib\site-packages\langchain_core\messages\base.py", line 72, in __init__
    super().__init__(content=content, **kwargs)
  File "D:\DEMO CHAT BOT\.venv\Lib\site-packages\langchain_core\load\serializable.py", line 130, in __init__
    super().__init__(*args, **kwargs)
  File "D:\DEMO CHAT BOT\.venv\Lib\site-packages\pydantic\main.py", line 253, in __init__
    validated_self = self.__pydantic_validator__.validate_python(data, self_instance=self)
                     ^^^^^^^^^^^^^^^^^^^^^^^^^^^^^^^^^^^^^^^^^^^^^^^^^^^^^^^^^^^^^^^^^^^^^
pydantic_core._pydantic_core.ValidationError: 2 validation errors for HumanMessage
content.str
  Input should be a valid string [type=string_type, input_value={'query': '', 'final_response_parts': []}, input_type=dict]
    For further information visit https://errors.pydantic.dev/2.11/v/string_type
content.list[union[str,dict[any,any]]]
  Input should be a valid list [type=list_type, input_value={'query': '', 'final_response_parts': []}, input_type=dict]
    For further information visit https://errors.pydantic.dev/2.11/v/list_type
2025-09-20 05:34:25,609 - DEBUG - Load embedding model sentence-transformers/paraphrase-multilingual-MiniLM-L12-v2
2025-09-20 05:34:25,612 - INFO - Use pytorch device_name: cpu
2025-09-20 05:34:25,612 - INFO - Load pretrained SentenceTransformer: paraphrase-multilingual-MiniLM-L12-v2
2025-09-20 05:34:25,613 - DEBUG - Starting new HTTPS connection (1): huggingface.co:443
2025-09-20 05:34:26,052 - DEBUG - https://huggingface.co:443 "HEAD /sentence-transformers/paraphrase-multilingual-MiniLM-L12-v2/resolve/main/modules.json HTTP/1.1" 307 0
2025-09-20 05:34:26,096 - DEBUG - https://huggingface.co:443 "HEAD /api/resolve-cache/models/sentence-transformers/paraphrase-multilingual-MiniLM-L12-v2/86741b4e3f5cb7765a600d3a3d55a0f6a6cb443d/modules.json HTTP/1.1" 200 0
2025-09-20 05:34:26,351 - DEBUG - https://huggingface.co:443 "HEAD /sentence-transformers/paraphrase-multilingual-MiniLM-L12-v2/resolve/main/config_sentence_transformers.json HTTP/1.1" 307 0
2025-09-20 05:34:26,385 - DEBUG - https://huggingface.co:443 "HEAD /api/resolve-cache/models/sentence-transformers/paraphrase-multilingual-MiniLM-L12-v2/86741b4e3f5cb7765a600d3a3d55a0f6a6cb443d/config_sentence_transformers.json HTTP/1.1" 200 0
2025-09-20 05:34:26,642 - DEBUG - https://huggingface.co:443 "HEAD /sentence-transformers/paraphrase-multilingual-MiniLM-L12-v2/resolve/main/config_sentence_transformers.json HTTP/1.1" 307 0
2025-09-20 05:34:26,681 - DEBUG - https://huggingface.co:443 "HEAD /api/resolve-cache/models/sentence-transformers/paraphrase-multilingual-MiniLM-L12-v2/86741b4e3f5cb7765a600d3a3d55a0f6a6cb443d/config_sentence_transformers.json HTTP/1.1" 200 0
2025-09-20 05:34:26,932 - DEBUG - https://huggingface.co:443 "HEAD /sentence-transformers/paraphrase-multilingual-MiniLM-L12-v2/resolve/main/README.md HTTP/1.1" 307 0
2025-09-20 05:34:26,971 - DEBUG - https://huggingface.co:443 "HEAD /api/resolve-cache/models/sentence-transformers/paraphrase-multilingual-MiniLM-L12-v2/86741b4e3f5cb7765a600d3a3d55a0f6a6cb443d/README.md HTTP/1.1" 200 0
2025-09-20 05:34:27,225 - DEBUG - https://huggingface.co:443 "HEAD /sentence-transformers/paraphrase-multilingual-MiniLM-L12-v2/resolve/main/modules.json HTTP/1.1" 307 0
2025-09-20 05:34:27,262 - DEBUG - https://huggingface.co:443 "HEAD /api/resolve-cache/models/sentence-transformers/paraphrase-multilingual-MiniLM-L12-v2/86741b4e3f5cb7765a600d3a3d55a0f6a6cb443d/modules.json HTTP/1.1" 200 0
2025-09-20 05:34:27,519 - DEBUG - https://huggingface.co:443 "HEAD /sentence-transformers/paraphrase-multilingual-MiniLM-L12-v2/resolve/main/sentence_bert_config.json HTTP/1.1" 307 0
2025-09-20 05:34:27,552 - DEBUG - https://huggingface.co:443 "HEAD /api/resolve-cache/models/sentence-transformers/paraphrase-multilingual-MiniLM-L12-v2/86741b4e3f5cb7765a600d3a3d55a0f6a6cb443d/sentence_bert_config.json HTTP/1.1" 200 0
2025-09-20 05:34:27,812 - DEBUG - https://huggingface.co:443 "HEAD /sentence-transformers/paraphrase-multilingual-MiniLM-L12-v2/resolve/main/adapter_config.json HTTP/1.1" 404 0
2025-09-20 05:34:28,071 - DEBUG - https://huggingface.co:443 "HEAD /sentence-transformers/paraphrase-multilingual-MiniLM-L12-v2/resolve/main/config.json HTTP/1.1" 307 0
2025-09-20 05:34:28,101 - DEBUG - https://huggingface.co:443 "HEAD /api/resolve-cache/models/sentence-transformers/paraphrase-multilingual-MiniLM-L12-v2/86741b4e3f5cb7765a600d3a3d55a0f6a6cb443d/config.json HTTP/1.1" 200 0
2025-09-20 05:34:28,456 - DEBUG - https://huggingface.co:443 "HEAD /sentence-transformers/paraphrase-multilingual-MiniLM-L12-v2/resolve/main/tokenizer_config.json HTTP/1.1" 307 0
2025-09-20 05:34:28,496 - DEBUG - https://huggingface.co:443 "HEAD /api/resolve-cache/models/sentence-transformers/paraphrase-multilingual-MiniLM-L12-v2/86741b4e3f5cb7765a600d3a3d55a0f6a6cb443d/tokenizer_config.json HTTP/1.1" 200 0
2025-09-20 05:34:28,752 - DEBUG - https://huggingface.co:443 "GET /api/models/sentence-transformers/paraphrase-multilingual-MiniLM-L12-v2/tree/main/additional_chat_templates?recursive=False&expand=False HTTP/1.1" 404 64
2025-09-20 05:34:29,693 - DEBUG - https://huggingface.co:443 "HEAD /sentence-transformers/paraphrase-multilingual-MiniLM-L12-v2/resolve/main/1_Pooling/config.json HTTP/1.1" 307 0
2025-09-20 05:34:29,732 - DEBUG - https://huggingface.co:443 "HEAD /api/resolve-cache/models/sentence-transformers/paraphrase-multilingual-MiniLM-L12-v2/86741b4e3f5cb7765a600d3a3d55a0f6a6cb443d/1_Pooling%2Fconfig.json HTTP/1.1" 200 0
2025-09-20 05:34:29,987 - DEBUG - https://huggingface.co:443 "GET /api/models/sentence-transformers/paraphrase-multilingual-MiniLM-L12-v2 HTTP/1.1" 200 6116
2025-09-20 05:34:29,991 - DEBUG - Index ready: 3 bệnh, 2 chuyên khoa, 3 gói
2025-09-20 05:34:30,246 - DEBUG - Using proactor: IocpProactor
2025-09-20 05:34:33,231 - DEBUG - Initializing InMemoryTaskStore
2025-09-20 05:36:24,651 - DEBUG - Start async tracer
2025-09-20 05:36:24,651 - DEBUG - TaskManager initialized with task_id: None, context_id: None
2025-09-20 05:36:24,651 - DEBUG - task_id is not set, cannot get task.
2025-09-20 05:36:24,651 - DEBUG - Start async tracer
2025-09-20 05:36:24,654 - DEBUG - EventQueue initialized.
2025-09-20 05:36:24,654 - DEBUG - Start async tracer
2025-09-20 05:36:24,654 - DEBUG - EventConsumer initialized
2025-09-20 05:36:24,654 - DEBUG - Starting to consume all events from the queue.
2025-09-20 05:36:24,654 - DEBUG - Start async tracer
2025-09-20 05:36:24,655 - DEBUG - Attempting to dequeue event (waiting).
2025-09-20 05:36:24,655 - DEBUG - Start async tracer
2025-09-20 05:36:24,655 - DEBUG - Start async tracer
2025-09-20 05:36:24,655 - DEBUG - Enqueuing event of type: <class 'a2a.types.TaskStatusUpdateEvent'>
2025-09-20 05:36:24,655 - DEBUG - Start async tracer
2025-09-20 05:36:24,655 - DEBUG - Enqueuing event of type: <class 'a2a.types.TaskStatusUpdateEvent'>
2025-09-20 05:36:24,655 - DEBUG - CostAgentExecutor input wrapped: {'session_id': '795c8469-aae4-4492-8481-14d03535bbbf', 'query': 'cho tôi các gói khám bệnh liên quan tới Xuất huyết tiêu hóa đi', 'final_response_parts': []}
2025-09-20 05:36:24,671 - DEBUG - Dequeued event (waited) of type: <class 'a2a.types.TaskStatusUpdateEvent'>
2025-09-20 05:36:24,671 - DEBUG - Dequeued event of type: <class 'a2a.types.TaskStatusUpdateEvent'> in consume_all.
2025-09-20 05:36:24,671 - DEBUG - Marking task as done in EventQueue.
2025-09-20 05:36:24,671 - DEBUG - Marked task as done in event queue in consume_all
2025-09-20 05:36:24,671 - DEBUG - Processing save of task event of type TaskStatusUpdateEvent for task_id: 89e09d7f-952e-4605-b3f5-fef910104c40
2025-09-20 05:36:24,671 - DEBUG - Attempting to retrieve existing task with id: 89e09d7f-952e-4605-b3f5-fef910104c40
2025-09-20 05:36:24,671 - DEBUG - Attempting to get task with id: 89e09d7f-952e-4605-b3f5-fef910104c40
2025-09-20 05:36:24,671 - DEBUG - Task 89e09d7f-952e-4605-b3f5-fef910104c40 not found in store.
2025-09-20 05:36:24,671 - INFO - Task not found or task_id not set. Creating new task for event (task_id: 89e09d7f-952e-4605-b3f5-fef910104c40, context_id: 795c8469-aae4-4492-8481-14d03535bbbf).
2025-09-20 05:36:24,671 - DEBUG - Initializing new Task object with task_id: 89e09d7f-952e-4605-b3f5-fef910104c40, context_id: 795c8469-aae4-4492-8481-14d03535bbbf
2025-09-20 05:36:24,671 - DEBUG - Saving task with id: 89e09d7f-952e-4605-b3f5-fef910104c40
2025-09-20 05:36:24,675 - DEBUG - Task 89e09d7f-952e-4605-b3f5-fef910104c40 saved successfully.
2025-09-20 05:36:24,675 - DEBUG - Updating task 89e09d7f-952e-4605-b3f5-fef910104c40 status to: TaskState.submitted
2025-09-20 05:36:24,675 - DEBUG - Saving task with id: 89e09d7f-952e-4605-b3f5-fef910104c40
2025-09-20 05:36:24,675 - DEBUG - Task 89e09d7f-952e-4605-b3f5-fef910104c40 saved successfully.
2025-09-20 05:36:24,675 - DEBUG - Start async tracer
2025-09-20 05:36:24,676 - DEBUG - chunk: b'data: {"id":"4208af53-45d6-4288-8baa-faa49734d989","jsonrpc":"2.0","result":{"contextId":"795c8469-aae4-4492-8481-14d03535bbbf","final":false,"kind":"status-update","status":{"state":"submitted","timestamp":"2025-09-19T22:36:24.655784+00:00"},"taskId":"89e09d7f-952e-4605-b3f5-fef910104c40"}}\r\n\r\n'
2025-09-20 05:36:24,676 - DEBUG - Start async tracer
2025-09-20 05:36:24,676 - DEBUG - Attempting to dequeue event (waiting).
2025-09-20 05:36:24,676 - DEBUG - Dequeued event (waited) of type: <class 'a2a.types.TaskStatusUpdateEvent'>
2025-09-20 05:36:24,676 - DEBUG - Dequeued event of type: <class 'a2a.types.TaskStatusUpdateEvent'> in consume_all.
2025-09-20 05:36:24,676 - DEBUG - Marking task as done in EventQueue.
2025-09-20 05:36:24,676 - DEBUG - Marked task as done in event queue in consume_all
2025-09-20 05:36:24,676 - DEBUG - Processing save of task event of type TaskStatusUpdateEvent for task_id: 89e09d7f-952e-4605-b3f5-fef910104c40
2025-09-20 05:36:24,676 - DEBUG - Updating task 89e09d7f-952e-4605-b3f5-fef910104c40 status to: TaskState.working
2025-09-20 05:36:24,676 - DEBUG - Saving task with id: 89e09d7f-952e-4605-b3f5-fef910104c40
2025-09-20 05:36:24,676 - DEBUG - Task 89e09d7f-952e-4605-b3f5-fef910104c40 saved successfully.
2025-09-20 05:36:24,676 - DEBUG - Start async tracer
2025-09-20 05:36:24,676 - DEBUG - chunk: b'data: {"id":"4208af53-45d6-4288-8baa-faa49734d989","jsonrpc":"2.0","result":{"contextId":"795c8469-aae4-4492-8481-14d03535bbbf","final":false,"kind":"status-update","status":{"state":"working","timestamp":"2025-09-19T22:36:24.655784+00:00"},"taskId":"89e09d7f-952e-4605-b3f5-fef910104c40"}}\r\n\r\n'
2025-09-20 05:36:24,676 - DEBUG - Start async tracer
2025-09-20 05:36:24,676 - DEBUG - Attempting to dequeue event (waiting).
2025-09-20 05:36:24,690 - ERROR - CostAgentExecutor error: 2 validation errors for HumanMessage
content.str
  Input should be a valid string [type=string_type, input_value={'query': 'cho tôi các ...nal_response_parts': []}, input_type=dict]
    For further information visit https://errors.pydantic.dev/2.11/v/string_type
content.list[union[str,dict[any,any]]]
  Input should be a valid list [type=list_type, input_value={'query': 'cho tôi các ...nal_response_parts': []}, input_type=dict]
    For further information visit https://errors.pydantic.dev/2.11/v/list_type
Traceback (most recent call last):
  File "D:\DEMO CHAT BOT\agents\cost_agent\agent_executor.py", line 55, in execute
    async for event in self.agent.stream(wrapped_input):
  File "D:\DEMO CHAT BOT\agents\cost_agent\cost_agent.py", line 214, in stream
    async for chunk in runnable.astream_events(langgraph_input, config, version="v1"):
  File "D:\DEMO CHAT BOT\.venv\Lib\site-packages\langchain_core\runnables\base.py", line 1403, in astream_events
    async for event in event_stream:
  File "D:\DEMO CHAT BOT\.venv\Lib\site-packages\langchain_core\tracers\event_stream.py", line 790, in _astream_events_implementation_v1
    async for log in _astream_log_implementation(
  File "D:\DEMO CHAT BOT\.venv\Lib\site-packages\langchain_core\tracers\log_stream.py", line 706, in _astream_log_implementation
    await task
  File "D:\DEMO CHAT BOT\.venv\Lib\site-packages\langchain_core\tracers\log_stream.py", line 658, in consume_astream
    async for chunk in runnable.astream(value, config, **kwargs):
  File "D:\DEMO CHAT BOT\.venv\Lib\site-packages\langgraph\pregel\main.py", line 2943, in astream
    loop.after_tick()
  File "D:\DEMO CHAT BOT\.venv\Lib\site-packages\langgraph\pregel\_loop.py", line 525, in after_tick
    self.updated_channels = apply_writes(
                            ^^^^^^^^^^^^^
  File "D:\DEMO CHAT BOT\.venv\Lib\site-packages\langgraph\pregel\_algo.py", line 298, in apply_writes
    if channels[chan].update(vals) and next_version is not None:
       ^^^^^^^^^^^^^^^^^^^^^^^^^^^
  File "D:\DEMO CHAT BOT\.venv\Lib\site-packages\langgraph\channels\binop.py", line 93, in update
    self.value = self.operator(self.value, value)
                 ^^^^^^^^^^^^^^^^^^^^^^^^^^^^^^^^
  File "D:\DEMO CHAT BOT\.venv\Lib\site-packages\langgraph\graph\message.py", line 46, in _add_messages
    return func(left, right, **kwargs)
           ^^^^^^^^^^^^^^^^^^^^^^^^^^^
  File "D:\DEMO CHAT BOT\.venv\Lib\site-packages\langgraph\graph\message.py", line 189, in add_messages
    for m in convert_to_messages(right)
             ^^^^^^^^^^^^^^^^^^^^^^^^^^
  File "D:\DEMO CHAT BOT\.venv\Lib\site-packages\langchain_core\messages\utils.py", line 367, in convert_to_messages
    return [_convert_to_message(m) for m in messages]
            ^^^^^^^^^^^^^^^^^^^^^^
  File "D:\DEMO CHAT BOT\.venv\Lib\site-packages\langchain_core\messages\utils.py", line 324, in _convert_to_message
    message_ = _create_message_from_message_type(message_type_str, template)
               ^^^^^^^^^^^^^^^^^^^^^^^^^^^^^^^^^^^^^^^^^^^^^^^^^^^^^^^^^^^^^
  File "D:\DEMO CHAT BOT\.venv\Lib\site-packages\langchain_core\messages\utils.py", line 269, in _create_message_from_message_type
    message: BaseMessage = HumanMessage(content=content, **kwargs)
                           ^^^^^^^^^^^^^^^^^^^^^^^^^^^^^^^^^^^^^^^
  File "D:\DEMO CHAT BOT\.venv\Lib\site-packages\langchain_core\messages\human.py", line 52, in __init__
    super().__init__(content=content, **kwargs)
  File "D:\DEMO CHAT BOT\.venv\Lib\site-packages\langchain_core\messages\base.py", line 72, in __init__
    super().__init__(content=content, **kwargs)
  File "D:\DEMO CHAT BOT\.venv\Lib\site-packages\langchain_core\load\serializable.py", line 130, in __init__
    super().__init__(*args, **kwargs)
  File "D:\DEMO CHAT BOT\.venv\Lib\site-packages\pydantic\main.py", line 253, in __init__
    validated_self = self.__pydantic_validator__.validate_python(data, self_instance=self)
                     ^^^^^^^^^^^^^^^^^^^^^^^^^^^^^^^^^^^^^^^^^^^^^^^^^^^^^^^^^^^^^^^^^^^^^
pydantic_core._pydantic_core.ValidationError: 2 validation errors for HumanMessage
content.str
  Input should be a valid string [type=string_type, input_value={'query': 'cho tôi các ...nal_response_parts': []}, input_type=dict]
    For further information visit https://errors.pydantic.dev/2.11/v/string_type
content.list[union[str,dict[any,any]]]
  Input should be a valid list [type=list_type, input_value={'query': 'cho tôi các ...nal_response_parts': []}, input_type=dict]
    For further information visit https://errors.pydantic.dev/2.11/v/list_type
2025-09-20 05:36:24,697 - DEBUG - Start async tracer
2025-09-20 05:36:24,697 - DEBUG - Enqueuing event of type: <class 'a2a.types.TaskStatusUpdateEvent'>
2025-09-20 05:36:24,697 - DEBUG - Start async tracer
2025-09-20 05:36:24,697 - DEBUG - Closing EventQueue.
2025-09-20 05:36:24,697 - DEBUG - Dequeued event (waited) of type: <class 'a2a.types.TaskStatusUpdateEvent'>
2025-09-20 05:36:24,697 - DEBUG - Dequeued event of type: <class 'a2a.types.TaskStatusUpdateEvent'> in consume_all.
2025-09-20 05:36:24,697 - DEBUG - Marking task as done in EventQueue.
2025-09-20 05:36:24,697 - DEBUG - Marked task as done in event queue in consume_all
2025-09-20 05:36:24,697 - DEBUG - Stopping event consumption in consume_all.
2025-09-20 05:36:24,697 - DEBUG - Start async tracer
2025-09-20 05:36:24,697 - DEBUG - Closing EventQueue.
2025-09-20 05:36:24,697 - DEBUG - Processing save of task event of type TaskStatusUpdateEvent for task_id: 89e09d7f-952e-4605-b3f5-fef910104c40
2025-09-20 05:36:24,697 - DEBUG - Updating task 89e09d7f-952e-4605-b3f5-fef910104c40 status to: TaskState.failed
2025-09-20 05:36:24,697 - DEBUG - Saving task with id: 89e09d7f-952e-4605-b3f5-fef910104c40
2025-09-20 05:36:24,697 - DEBUG - Task 89e09d7f-952e-4605-b3f5-fef910104c40 saved successfully.
2025-09-20 05:36:24,701 - DEBUG - Start async tracer
2025-09-20 05:36:24,701 - DEBUG - chunk: b'data: {"id":"4208af53-45d6-4288-8baa-faa49734d989","jsonrpc":"2.0","result":{"contextId":"795c8469-aae4-4492-8481-14d03535bbbf","final":true,"kind":"status-update","status":{"state":"failed","timestamp":"2025-09-19T22:36:24.697722+00:00"},"taskId":"89e09d7f-952e-4605-b3f5-fef910104c40"}}\r\n\r\n'
2025-09-20 05:36:24,701 - DEBUG - Start async tracer
2025-09-20 05:36:24,701 - DEBUG - Agent task callback triggered.
2025-09-20 05:36:24,701 - DEBUG - Start async tracer
2025-09-20 05:36:24,701 - DEBUG - Start async tracer
2025-09-20 05:36:24,701 - DEBUG - Closing EventQueue.
2025-09-20 05:36:24,702 - DEBUG - Got event: http.disconnect. Stop streaming.
2025-09-20 05:47:37,171 - DEBUG - Load embedding model sentence-transformers/paraphrase-multilingual-MiniLM-L12-v2
2025-09-20 05:47:37,174 - INFO - Use pytorch device_name: cpu
2025-09-20 05:47:37,174 - INFO - Load pretrained SentenceTransformer: paraphrase-multilingual-MiniLM-L12-v2
2025-09-20 05:47:37,175 - DEBUG - Starting new HTTPS connection (1): huggingface.co:443
2025-09-20 05:47:37,574 - DEBUG - https://huggingface.co:443 "HEAD /sentence-transformers/paraphrase-multilingual-MiniLM-L12-v2/resolve/main/modules.json HTTP/1.1" 307 0
2025-09-20 05:47:37,599 - DEBUG - https://huggingface.co:443 "HEAD /api/resolve-cache/models/sentence-transformers/paraphrase-multilingual-MiniLM-L12-v2/86741b4e3f5cb7765a600d3a3d55a0f6a6cb443d/modules.json HTTP/1.1" 200 0
2025-09-20 05:47:37,869 - DEBUG - https://huggingface.co:443 "HEAD /sentence-transformers/paraphrase-multilingual-MiniLM-L12-v2/resolve/main/config_sentence_transformers.json HTTP/1.1" 307 0
2025-09-20 05:47:37,904 - DEBUG - https://huggingface.co:443 "HEAD /api/resolve-cache/models/sentence-transformers/paraphrase-multilingual-MiniLM-L12-v2/86741b4e3f5cb7765a600d3a3d55a0f6a6cb443d/config_sentence_transformers.json HTTP/1.1" 200 0
2025-09-20 05:47:38,159 - DEBUG - https://huggingface.co:443 "HEAD /sentence-transformers/paraphrase-multilingual-MiniLM-L12-v2/resolve/main/config_sentence_transformers.json HTTP/1.1" 307 0
2025-09-20 05:47:38,192 - DEBUG - https://huggingface.co:443 "HEAD /api/resolve-cache/models/sentence-transformers/paraphrase-multilingual-MiniLM-L12-v2/86741b4e3f5cb7765a600d3a3d55a0f6a6cb443d/config_sentence_transformers.json HTTP/1.1" 200 0
2025-09-20 05:47:38,449 - DEBUG - https://huggingface.co:443 "HEAD /sentence-transformers/paraphrase-multilingual-MiniLM-L12-v2/resolve/main/README.md HTTP/1.1" 307 0
2025-09-20 05:47:38,490 - DEBUG - https://huggingface.co:443 "HEAD /api/resolve-cache/models/sentence-transformers/paraphrase-multilingual-MiniLM-L12-v2/86741b4e3f5cb7765a600d3a3d55a0f6a6cb443d/README.md HTTP/1.1" 200 0
2025-09-20 05:47:38,744 - DEBUG - https://huggingface.co:443 "HEAD /sentence-transformers/paraphrase-multilingual-MiniLM-L12-v2/resolve/main/modules.json HTTP/1.1" 307 0
2025-09-20 05:47:38,779 - DEBUG - https://huggingface.co:443 "HEAD /api/resolve-cache/models/sentence-transformers/paraphrase-multilingual-MiniLM-L12-v2/86741b4e3f5cb7765a600d3a3d55a0f6a6cb443d/modules.json HTTP/1.1" 200 0
2025-09-20 05:47:39,039 - DEBUG - https://huggingface.co:443 "HEAD /sentence-transformers/paraphrase-multilingual-MiniLM-L12-v2/resolve/main/sentence_bert_config.json HTTP/1.1" 307 0
2025-09-20 05:47:39,069 - DEBUG - https://huggingface.co:443 "HEAD /api/resolve-cache/models/sentence-transformers/paraphrase-multilingual-MiniLM-L12-v2/86741b4e3f5cb7765a600d3a3d55a0f6a6cb443d/sentence_bert_config.json HTTP/1.1" 200 0
2025-09-20 05:47:39,339 - DEBUG - https://huggingface.co:443 "HEAD /sentence-transformers/paraphrase-multilingual-MiniLM-L12-v2/resolve/main/adapter_config.json HTTP/1.1" 404 0
2025-09-20 05:47:39,764 - DEBUG - https://huggingface.co:443 "HEAD /sentence-transformers/paraphrase-multilingual-MiniLM-L12-v2/resolve/main/config.json HTTP/1.1" 307 0
2025-09-20 05:47:39,819 - DEBUG - https://huggingface.co:443 "HEAD /api/resolve-cache/models/sentence-transformers/paraphrase-multilingual-MiniLM-L12-v2/86741b4e3f5cb7765a600d3a3d55a0f6a6cb443d/config.json HTTP/1.1" 200 0
2025-09-20 05:47:40,199 - DEBUG - https://huggingface.co:443 "HEAD /sentence-transformers/paraphrase-multilingual-MiniLM-L12-v2/resolve/main/tokenizer_config.json HTTP/1.1" 307 0
2025-09-20 05:47:40,510 - DEBUG - https://huggingface.co:443 "HEAD /api/resolve-cache/models/sentence-transformers/paraphrase-multilingual-MiniLM-L12-v2/86741b4e3f5cb7765a600d3a3d55a0f6a6cb443d/tokenizer_config.json HTTP/1.1" 200 0
2025-09-20 05:47:40,879 - DEBUG - https://huggingface.co:443 "GET /api/models/sentence-transformers/paraphrase-multilingual-MiniLM-L12-v2/tree/main/additional_chat_templates?recursive=False&expand=False HTTP/1.1" 404 64
2025-09-20 05:47:41,885 - DEBUG - https://huggingface.co:443 "HEAD /sentence-transformers/paraphrase-multilingual-MiniLM-L12-v2/resolve/main/1_Pooling/config.json HTTP/1.1" 307 0
2025-09-20 05:47:42,094 - DEBUG - https://huggingface.co:443 "HEAD /api/resolve-cache/models/sentence-transformers/paraphrase-multilingual-MiniLM-L12-v2/86741b4e3f5cb7765a600d3a3d55a0f6a6cb443d/1_Pooling%2Fconfig.json HTTP/1.1" 200 0
2025-09-20 05:47:42,393 - DEBUG - https://huggingface.co:443 "GET /api/models/sentence-transformers/paraphrase-multilingual-MiniLM-L12-v2 HTTP/1.1" 200 6116
2025-09-20 05:47:42,399 - DEBUG - Index ready: 3 bệnh, 2 chuyên khoa, 3 gói
2025-09-20 05:47:42,659 - DEBUG - Using proactor: IocpProactor
2025-09-20 05:47:45,128 - DEBUG - Initializing InMemoryTaskStore
2025-09-20 05:50:21,565 - DEBUG - Start async tracer
2025-09-20 05:50:21,565 - DEBUG - TaskManager initialized with task_id: None, context_id: None
2025-09-20 05:50:21,565 - DEBUG - task_id is not set, cannot get task.
2025-09-20 05:50:21,566 - DEBUG - Start async tracer
2025-09-20 05:50:21,566 - DEBUG - EventQueue initialized.
2025-09-20 05:50:21,566 - DEBUG - Start async tracer
2025-09-20 05:50:21,567 - DEBUG - EventConsumer initialized
2025-09-20 05:50:21,567 - DEBUG - Starting to consume all events from the queue.
2025-09-20 05:50:21,567 - DEBUG - Start async tracer
2025-09-20 05:50:21,567 - DEBUG - Attempting to dequeue event (waiting).
2025-09-20 05:50:21,568 - DEBUG - Start async tracer
2025-09-20 05:50:21,568 - DEBUG - Start async tracer
2025-09-20 05:50:21,568 - DEBUG - Enqueuing event of type: <class 'a2a.types.TaskStatusUpdateEvent'>
2025-09-20 05:50:21,568 - DEBUG - Start async tracer
2025-09-20 05:50:21,568 - DEBUG - Enqueuing event of type: <class 'a2a.types.TaskStatusUpdateEvent'>
2025-09-20 05:50:21,568 - DEBUG - CostAgentExecutor wrapped_input: {'session_id': 'dba47e13-a54f-4fa5-a499-0462782a5545', 'query': 'cho tôi các gói khám bệnh liên quan tới Xuất huyết tiêu hóa đi', 'final_response_parts': []}
2025-09-20 05:50:21,569 - DEBUG - CostAgentExecutor HumanMessage: content='cho tôi các gói khám bệnh liên quan tới Xuất huyết tiêu hóa đi' additional_kwargs={'session_id': 'dba47e13-a54f-4fa5-a499-0462782a5545', 'final_response_parts': []} response_metadata={}
2025-09-20 05:50:21,569 - ERROR - CostAgentExecutor error: 'HumanMessage' object has no attribute 'get'
Traceback (most recent call last):
  File "D:\DEMO CHAT BOT\agents\cost_agent\agent_executor.py", line 68, in execute
    async for event in self.agent.stream(message):
  File "D:\DEMO CHAT BOT\agents\cost_agent\cost_agent.py", line 187, in stream
    session_id = input_dict.get("session_id", "default_session")
                 ^^^^^^^^^^^^^^
  File "D:\DEMO CHAT BOT\.venv\Lib\site-packages\pydantic\main.py", line 991, in __getattr__
    raise AttributeError(f'{type(self).__name__!r} object has no attribute {item!r}')
AttributeError: 'HumanMessage' object has no attribute 'get'
2025-09-20 05:50:21,571 - DEBUG - Start async tracer
2025-09-20 05:50:21,571 - DEBUG - Enqueuing event of type: <class 'a2a.types.TaskStatusUpdateEvent'>
2025-09-20 05:50:21,571 - DEBUG - Start async tracer
2025-09-20 05:50:21,571 - DEBUG - Closing EventQueue.
2025-09-20 05:50:21,571 - DEBUG - Dequeued event (waited) of type: <class 'a2a.types.TaskStatusUpdateEvent'>
2025-09-20 05:50:21,571 - DEBUG - Dequeued event of type: <class 'a2a.types.TaskStatusUpdateEvent'> in consume_all.
2025-09-20 05:50:21,571 - DEBUG - Marking task as done in EventQueue.
2025-09-20 05:50:21,571 - DEBUG - Marked task as done in event queue in consume_all
2025-09-20 05:50:21,571 - DEBUG - Processing save of task event of type TaskStatusUpdateEvent for task_id: 562d038b-39fb-4636-859a-7fb72d830a4a
2025-09-20 05:50:21,571 - DEBUG - Attempting to retrieve existing task with id: 562d038b-39fb-4636-859a-7fb72d830a4a
2025-09-20 05:50:21,571 - DEBUG - Attempting to get task with id: 562d038b-39fb-4636-859a-7fb72d830a4a
2025-09-20 05:50:21,573 - DEBUG - Task 562d038b-39fb-4636-859a-7fb72d830a4a not found in store.
2025-09-20 05:50:21,573 - INFO - Task not found or task_id not set. Creating new task for event (task_id: 562d038b-39fb-4636-859a-7fb72d830a4a, context_id: dba47e13-a54f-4fa5-a499-0462782a5545).
2025-09-20 05:50:21,573 - DEBUG - Initializing new Task object with task_id: 562d038b-39fb-4636-859a-7fb72d830a4a, context_id: dba47e13-a54f-4fa5-a499-0462782a5545
2025-09-20 05:50:21,573 - DEBUG - Saving task with id: 562d038b-39fb-4636-859a-7fb72d830a4a
2025-09-20 05:50:21,573 - DEBUG - Task 562d038b-39fb-4636-859a-7fb72d830a4a saved successfully.
2025-09-20 05:50:21,573 - DEBUG - Updating task 562d038b-39fb-4636-859a-7fb72d830a4a status to: TaskState.submitted
2025-09-20 05:50:21,574 - DEBUG - Saving task with id: 562d038b-39fb-4636-859a-7fb72d830a4a
2025-09-20 05:50:21,574 - DEBUG - Task 562d038b-39fb-4636-859a-7fb72d830a4a saved successfully.
2025-09-20 05:50:21,574 - DEBUG - Start async tracer
2025-09-20 05:50:21,575 - DEBUG - chunk: b'data: {"id":"c5f9a6d2-6209-4a0a-9495-23acc0954169","jsonrpc":"2.0","result":{"contextId":"dba47e13-a54f-4fa5-a499-0462782a5545","final":false,"kind":"status-update","status":{"state":"submitted","timestamp":"2025-09-19T22:50:21.568776+00:00"},"taskId":"562d038b-39fb-4636-859a-7fb72d830a4a"}}\r\n\r\n'
2025-09-20 05:50:21,576 - DEBUG - Start async tracer
2025-09-20 05:50:21,576 - DEBUG - Attempting to dequeue event (waiting).
2025-09-20 05:50:21,576 - DEBUG - Dequeued event (waited) of type: <class 'a2a.types.TaskStatusUpdateEvent'>
2025-09-20 05:50:21,576 - DEBUG - Dequeued event of type: <class 'a2a.types.TaskStatusUpdateEvent'> in consume_all.
2025-09-20 05:50:21,576 - DEBUG - Marking task as done in EventQueue.
2025-09-20 05:50:21,576 - DEBUG - Marked task as done in event queue in consume_all
2025-09-20 05:50:21,576 - DEBUG - Processing save of task event of type TaskStatusUpdateEvent for task_id: 562d038b-39fb-4636-859a-7fb72d830a4a
2025-09-20 05:50:21,576 - DEBUG - Updating task 562d038b-39fb-4636-859a-7fb72d830a4a status to: TaskState.working
2025-09-20 05:50:21,577 - DEBUG - Saving task with id: 562d038b-39fb-4636-859a-7fb72d830a4a
2025-09-20 05:50:21,577 - DEBUG - Task 562d038b-39fb-4636-859a-7fb72d830a4a saved successfully.
2025-09-20 05:50:21,577 - DEBUG - Start async tracer
2025-09-20 05:50:21,577 - DEBUG - chunk: b'data: {"id":"c5f9a6d2-6209-4a0a-9495-23acc0954169","jsonrpc":"2.0","result":{"contextId":"dba47e13-a54f-4fa5-a499-0462782a5545","final":false,"kind":"status-update","status":{"state":"working","timestamp":"2025-09-19T22:50:21.568776+00:00"},"taskId":"562d038b-39fb-4636-859a-7fb72d830a4a"}}\r\n\r\n'
2025-09-20 05:50:21,577 - DEBUG - Start async tracer
2025-09-20 05:50:21,577 - DEBUG - Attempting to dequeue event (waiting).
2025-09-20 05:50:21,577 - DEBUG - Dequeued event (waited) of type: <class 'a2a.types.TaskStatusUpdateEvent'>
2025-09-20 05:50:21,578 - DEBUG - Dequeued event of type: <class 'a2a.types.TaskStatusUpdateEvent'> in consume_all.
2025-09-20 05:50:21,578 - DEBUG - Marking task as done in EventQueue.
2025-09-20 05:50:21,578 - DEBUG - Marked task as done in event queue in consume_all
2025-09-20 05:50:21,578 - DEBUG - Stopping event consumption in consume_all.
2025-09-20 05:50:21,578 - DEBUG - Start async tracer
2025-09-20 05:50:21,579 - DEBUG - Closing EventQueue.
2025-09-20 05:50:21,579 - DEBUG - Processing save of task event of type TaskStatusUpdateEvent for task_id: 562d038b-39fb-4636-859a-7fb72d830a4a
2025-09-20 05:50:21,579 - DEBUG - Updating task 562d038b-39fb-4636-859a-7fb72d830a4a status to: TaskState.failed
2025-09-20 05:50:21,579 - DEBUG - Saving task with id: 562d038b-39fb-4636-859a-7fb72d830a4a
2025-09-20 05:50:21,579 - DEBUG - Task 562d038b-39fb-4636-859a-7fb72d830a4a saved successfully.
2025-09-20 05:50:21,579 - DEBUG - Start async tracer
2025-09-20 05:50:21,579 - DEBUG - chunk: b'data: {"id":"c5f9a6d2-6209-4a0a-9495-23acc0954169","jsonrpc":"2.0","result":{"contextId":"dba47e13-a54f-4fa5-a499-0462782a5545","final":true,"kind":"status-update","status":{"state":"failed","timestamp":"2025-09-19T22:50:21.571998+00:00"},"taskId":"562d038b-39fb-4636-859a-7fb72d830a4a"}}\r\n\r\n'
2025-09-20 05:50:21,579 - DEBUG - Start async tracer
2025-09-20 05:50:21,580 - DEBUG - Agent task callback triggered.
2025-09-20 05:50:21,580 - DEBUG - Start async tracer
2025-09-20 05:50:21,580 - DEBUG - Start async tracer
2025-09-20 05:50:21,580 - DEBUG - Closing EventQueue.
2025-09-20 05:50:21,581 - DEBUG - Got event: http.disconnect. Stop streaming.
2025-09-20 05:57:30,842 - DEBUG - Load embedding model sentence-transformers/paraphrase-multilingual-MiniLM-L12-v2
2025-09-20 05:57:30,842 - INFO - Use pytorch device_name: cpu
2025-09-20 05:57:30,842 - INFO - Load pretrained SentenceTransformer: paraphrase-multilingual-MiniLM-L12-v2
2025-09-20 05:57:30,849 - DEBUG - Starting new HTTPS connection (1): huggingface.co:443
2025-09-20 05:57:31,237 - DEBUG - https://huggingface.co:443 "HEAD /sentence-transformers/paraphrase-multilingual-MiniLM-L12-v2/resolve/main/modules.json HTTP/1.1" 307 0
2025-09-20 05:57:31,279 - DEBUG - https://huggingface.co:443 "HEAD /api/resolve-cache/models/sentence-transformers/paraphrase-multilingual-MiniLM-L12-v2/86741b4e3f5cb7765a600d3a3d55a0f6a6cb443d/modules.json HTTP/1.1" 200 0
2025-09-20 05:57:31,707 - DEBUG - https://huggingface.co:443 "HEAD /sentence-transformers/paraphrase-multilingual-MiniLM-L12-v2/resolve/main/config_sentence_transformers.json HTTP/1.1" 307 0
2025-09-20 05:57:31,747 - DEBUG - https://huggingface.co:443 "HEAD /api/resolve-cache/models/sentence-transformers/paraphrase-multilingual-MiniLM-L12-v2/86741b4e3f5cb7765a600d3a3d55a0f6a6cb443d/config_sentence_transformers.json HTTP/1.1" 200 0
2025-09-20 05:57:32,007 - DEBUG - https://huggingface.co:443 "HEAD /sentence-transformers/paraphrase-multilingual-MiniLM-L12-v2/resolve/main/config_sentence_transformers.json HTTP/1.1" 307 0
2025-09-20 05:57:32,043 - DEBUG - https://huggingface.co:443 "HEAD /api/resolve-cache/models/sentence-transformers/paraphrase-multilingual-MiniLM-L12-v2/86741b4e3f5cb7765a600d3a3d55a0f6a6cb443d/config_sentence_transformers.json HTTP/1.1" 200 0
2025-09-20 05:57:32,302 - DEBUG - https://huggingface.co:443 "HEAD /sentence-transformers/paraphrase-multilingual-MiniLM-L12-v2/resolve/main/README.md HTTP/1.1" 307 0
2025-09-20 05:57:32,337 - DEBUG - https://huggingface.co:443 "HEAD /api/resolve-cache/models/sentence-transformers/paraphrase-multilingual-MiniLM-L12-v2/86741b4e3f5cb7765a600d3a3d55a0f6a6cb443d/README.md HTTP/1.1" 200 0
2025-09-20 05:57:32,596 - DEBUG - https://huggingface.co:443 "HEAD /sentence-transformers/paraphrase-multilingual-MiniLM-L12-v2/resolve/main/modules.json HTTP/1.1" 307 0
2025-09-20 05:57:32,634 - DEBUG - https://huggingface.co:443 "HEAD /api/resolve-cache/models/sentence-transformers/paraphrase-multilingual-MiniLM-L12-v2/86741b4e3f5cb7765a600d3a3d55a0f6a6cb443d/modules.json HTTP/1.1" 200 0
2025-09-20 05:57:32,908 - DEBUG - https://huggingface.co:443 "HEAD /sentence-transformers/paraphrase-multilingual-MiniLM-L12-v2/resolve/main/sentence_bert_config.json HTTP/1.1" 307 0
2025-09-20 05:57:32,957 - DEBUG - https://huggingface.co:443 "HEAD /api/resolve-cache/models/sentence-transformers/paraphrase-multilingual-MiniLM-L12-v2/86741b4e3f5cb7765a600d3a3d55a0f6a6cb443d/sentence_bert_config.json HTTP/1.1" 200 0
2025-09-20 05:57:33,232 - DEBUG - https://huggingface.co:443 "HEAD /sentence-transformers/paraphrase-multilingual-MiniLM-L12-v2/resolve/main/adapter_config.json HTTP/1.1" 404 0
2025-09-20 05:57:33,505 - DEBUG - https://huggingface.co:443 "HEAD /sentence-transformers/paraphrase-multilingual-MiniLM-L12-v2/resolve/main/config.json HTTP/1.1" 307 0
2025-09-20 05:57:33,622 - DEBUG - https://huggingface.co:443 "HEAD /api/resolve-cache/models/sentence-transformers/paraphrase-multilingual-MiniLM-L12-v2/86741b4e3f5cb7765a600d3a3d55a0f6a6cb443d/config.json HTTP/1.1" 200 0
2025-09-20 05:57:33,977 - DEBUG - https://huggingface.co:443 "HEAD /sentence-transformers/paraphrase-multilingual-MiniLM-L12-v2/resolve/main/tokenizer_config.json HTTP/1.1" 307 0
2025-09-20 05:57:34,025 - DEBUG - https://huggingface.co:443 "HEAD /api/resolve-cache/models/sentence-transformers/paraphrase-multilingual-MiniLM-L12-v2/86741b4e3f5cb7765a600d3a3d55a0f6a6cb443d/tokenizer_config.json HTTP/1.1" 200 0
2025-09-20 05:57:34,297 - DEBUG - https://huggingface.co:443 "GET /api/models/sentence-transformers/paraphrase-multilingual-MiniLM-L12-v2/tree/main/additional_chat_templates?recursive=False&expand=False HTTP/1.1" 404 64
2025-09-20 05:57:35,361 - DEBUG - https://huggingface.co:443 "HEAD /sentence-transformers/paraphrase-multilingual-MiniLM-L12-v2/resolve/main/1_Pooling/config.json HTTP/1.1" 307 0
2025-09-20 05:57:35,643 - DEBUG - https://huggingface.co:443 "HEAD /api/resolve-cache/models/sentence-transformers/paraphrase-multilingual-MiniLM-L12-v2/86741b4e3f5cb7765a600d3a3d55a0f6a6cb443d/1_Pooling%2Fconfig.json HTTP/1.1" 200 0
2025-09-20 05:57:36,273 - DEBUG - https://huggingface.co:443 "GET /api/models/sentence-transformers/paraphrase-multilingual-MiniLM-L12-v2 HTTP/1.1" 200 6116
2025-09-20 05:57:36,278 - DEBUG - Index ready: 3 bệnh, 2 chuyên khoa, 3 gói
2025-09-20 05:57:36,532 - DEBUG - Using proactor: IocpProactor
2025-09-20 05:57:40,007 - DEBUG - Initializing InMemoryTaskStore
2025-09-20 05:58:16,006 - DEBUG - Start async tracer
2025-09-20 05:58:16,006 - DEBUG - TaskManager initialized with task_id: None, context_id: None
2025-09-20 05:58:16,006 - DEBUG - task_id is not set, cannot get task.
2025-09-20 05:58:16,008 - DEBUG - Start async tracer
2025-09-20 05:58:16,008 - DEBUG - EventQueue initialized.
2025-09-20 05:58:16,009 - DEBUG - Start async tracer
2025-09-20 05:58:16,009 - DEBUG - EventConsumer initialized
2025-09-20 05:58:16,009 - DEBUG - Starting to consume all events from the queue.
2025-09-20 05:58:16,010 - DEBUG - Start async tracer
2025-09-20 05:58:16,010 - DEBUG - Attempting to dequeue event (waiting).
2025-09-20 05:58:16,010 - DEBUG - Start async tracer
2025-09-20 05:58:16,010 - DEBUG - Start async tracer
2025-09-20 05:58:16,010 - DEBUG - Enqueuing event of type: <class 'a2a.types.TaskStatusUpdateEvent'>
2025-09-20 05:58:16,010 - DEBUG - Start async tracer
2025-09-20 05:58:16,010 - DEBUG - Enqueuing event of type: <class 'a2a.types.TaskStatusUpdateEvent'>
2025-09-20 05:58:16,010 - DEBUG - CostAgentExecutor wrapped_input: {'session_id': '64b81b08-a13d-4738-ad97-e123397c9a04', 'query': 'cho tôi các gói khám bệnh liên quan tới Xuất huyết tiêu hóa đi', 'final_response_parts': []}
2025-09-20 05:58:16,010 - DEBUG - CostAgentExecutor HumanMessage: content='cho tôi các gói khám bệnh liên quan tới Xuất huyết tiêu hóa đi' additional_kwargs={'session_id': '64b81b08-a13d-4738-ad97-e123397c9a04', 'final_response_parts': []} response_metadata={}
2025-09-20 05:58:16,026 - DEBUG - Dequeued event (waited) of type: <class 'a2a.types.TaskStatusUpdateEvent'>
2025-09-20 05:58:16,026 - DEBUG - Dequeued event of type: <class 'a2a.types.TaskStatusUpdateEvent'> in consume_all.
2025-09-20 05:58:16,026 - DEBUG - Marking task as done in EventQueue.
2025-09-20 05:58:16,026 - DEBUG - Marked task as done in event queue in consume_all
2025-09-20 05:58:16,026 - DEBUG - Processing save of task event of type TaskStatusUpdateEvent for task_id: f94ddbdc-52e5-4e35-933f-721fa249902c
2025-09-20 05:58:16,026 - DEBUG - Attempting to retrieve existing task with id: f94ddbdc-52e5-4e35-933f-721fa249902c
2025-09-20 05:58:16,026 - DEBUG - Attempting to get task with id: f94ddbdc-52e5-4e35-933f-721fa249902c
2025-09-20 05:58:16,026 - DEBUG - Task f94ddbdc-52e5-4e35-933f-721fa249902c not found in store.
2025-09-20 05:58:16,029 - INFO - Task not found or task_id not set. Creating new task for event (task_id: f94ddbdc-52e5-4e35-933f-721fa249902c, context_id: 64b81b08-a13d-4738-ad97-e123397c9a04).
2025-09-20 05:58:16,029 - DEBUG - Initializing new Task object with task_id: f94ddbdc-52e5-4e35-933f-721fa249902c, context_id: 64b81b08-a13d-4738-ad97-e123397c9a04
2025-09-20 05:58:16,029 - DEBUG - Saving task with id: f94ddbdc-52e5-4e35-933f-721fa249902c
2025-09-20 05:58:16,029 - DEBUG - Task f94ddbdc-52e5-4e35-933f-721fa249902c saved successfully.
2025-09-20 05:58:16,030 - DEBUG - Updating task f94ddbdc-52e5-4e35-933f-721fa249902c status to: TaskState.submitted
2025-09-20 05:58:16,030 - DEBUG - Saving task with id: f94ddbdc-52e5-4e35-933f-721fa249902c
2025-09-20 05:58:16,030 - DEBUG - Task f94ddbdc-52e5-4e35-933f-721fa249902c saved successfully.
2025-09-20 05:58:16,030 - DEBUG - Start async tracer
2025-09-20 05:58:16,030 - DEBUG - chunk: b'data: {"id":"f7159bee-03b3-4e80-9cef-43ed5c0e5cd6","jsonrpc":"2.0","result":{"contextId":"64b81b08-a13d-4738-ad97-e123397c9a04","final":false,"kind":"status-update","status":{"state":"submitted","timestamp":"2025-09-19T22:58:16.010495+00:00"},"taskId":"f94ddbdc-52e5-4e35-933f-721fa249902c"}}\r\n\r\n'
2025-09-20 05:58:16,030 - DEBUG - Start async tracer
2025-09-20 05:58:16,030 - DEBUG - Attempting to dequeue event (waiting).
2025-09-20 05:58:16,030 - DEBUG - Dequeued event (waited) of type: <class 'a2a.types.TaskStatusUpdateEvent'>
2025-09-20 05:58:16,030 - DEBUG - Dequeued event of type: <class 'a2a.types.TaskStatusUpdateEvent'> in consume_all.
2025-09-20 05:58:16,030 - DEBUG - Marking task as done in EventQueue.
2025-09-20 05:58:16,030 - DEBUG - Marked task as done in event queue in consume_all
2025-09-20 05:58:16,030 - DEBUG - Processing save of task event of type TaskStatusUpdateEvent for task_id: f94ddbdc-52e5-4e35-933f-721fa249902c
2025-09-20 05:58:16,030 - DEBUG - Updating task f94ddbdc-52e5-4e35-933f-721fa249902c status to: TaskState.working
2025-09-20 05:58:16,030 - DEBUG - Saving task with id: f94ddbdc-52e5-4e35-933f-721fa249902c
2025-09-20 05:58:16,030 - DEBUG - Task f94ddbdc-52e5-4e35-933f-721fa249902c saved successfully.
2025-09-20 05:58:16,030 - DEBUG - Start async tracer
2025-09-20 05:58:16,030 - DEBUG - chunk: b'data: {"id":"f7159bee-03b3-4e80-9cef-43ed5c0e5cd6","jsonrpc":"2.0","result":{"contextId":"64b81b08-a13d-4738-ad97-e123397c9a04","final":false,"kind":"status-update","status":{"state":"working","timestamp":"2025-09-19T22:58:16.010495+00:00"},"taskId":"f94ddbdc-52e5-4e35-933f-721fa249902c"}}\r\n\r\n'
2025-09-20 05:58:16,030 - DEBUG - Start async tracer
2025-09-20 05:58:16,030 - DEBUG - Attempting to dequeue event (waiting).
2025-09-20 05:58:16,044 - ERROR - CostAgentExecutor error: 2 validation errors for HumanMessage
content.str
  Input should be a valid string [type=string_type, input_value={'query': 'cho tôi các ...nal_response_parts': []}, input_type=dict]
    For further information visit https://errors.pydantic.dev/2.11/v/string_type
content.list[union[str,dict[any,any]]]
  Input should be a valid list [type=list_type, input_value={'query': 'cho tôi các ...nal_response_parts': []}, input_type=dict]
    For further information visit https://errors.pydantic.dev/2.11/v/list_type
Traceback (most recent call last):
  File "D:\DEMO CHAT BOT\agents\cost_agent\agent_executor.py", line 68, in execute
    async for event in self.agent.stream(message):
  File "D:\DEMO CHAT BOT\agents\cost_agent\cost_agent.py", line 217, in stream
    async for chunk in runnable.astream_events(langgraph_input, config, version="v1"):
  File "D:\DEMO CHAT BOT\.venv\Lib\site-packages\langchain_core\runnables\base.py", line 1403, in astream_events
    async for event in event_stream:
  File "D:\DEMO CHAT BOT\.venv\Lib\site-packages\langchain_core\tracers\event_stream.py", line 790, in _astream_events_implementation_v1
    async for log in _astream_log_implementation(
  File "D:\DEMO CHAT BOT\.venv\Lib\site-packages\langchain_core\tracers\log_stream.py", line 706, in _astream_log_implementation
    await task
  File "D:\DEMO CHAT BOT\.venv\Lib\site-packages\langchain_core\tracers\log_stream.py", line 658, in consume_astream
    async for chunk in runnable.astream(value, config, **kwargs):
  File "D:\DEMO CHAT BOT\.venv\Lib\site-packages\langgraph\pregel\main.py", line 2943, in astream
    loop.after_tick()
  File "D:\DEMO CHAT BOT\.venv\Lib\site-packages\langgraph\pregel\_loop.py", line 525, in after_tick
    self.updated_channels = apply_writes(
                            ^^^^^^^^^^^^^
  File "D:\DEMO CHAT BOT\.venv\Lib\site-packages\langgraph\pregel\_algo.py", line 298, in apply_writes
    if channels[chan].update(vals) and next_version is not None:
       ^^^^^^^^^^^^^^^^^^^^^^^^^^^
  File "D:\DEMO CHAT BOT\.venv\Lib\site-packages\langgraph\channels\binop.py", line 93, in update
    self.value = self.operator(self.value, value)
                 ^^^^^^^^^^^^^^^^^^^^^^^^^^^^^^^^
  File "D:\DEMO CHAT BOT\.venv\Lib\site-packages\langgraph\graph\message.py", line 46, in _add_messages
    return func(left, right, **kwargs)
           ^^^^^^^^^^^^^^^^^^^^^^^^^^^
  File "D:\DEMO CHAT BOT\.venv\Lib\site-packages\langgraph\graph\message.py", line 189, in add_messages
    for m in convert_to_messages(right)
             ^^^^^^^^^^^^^^^^^^^^^^^^^^
  File "D:\DEMO CHAT BOT\.venv\Lib\site-packages\langchain_core\messages\utils.py", line 367, in convert_to_messages
    return [_convert_to_message(m) for m in messages]
            ^^^^^^^^^^^^^^^^^^^^^^
  File "D:\DEMO CHAT BOT\.venv\Lib\site-packages\langchain_core\messages\utils.py", line 324, in _convert_to_message
    message_ = _create_message_from_message_type(message_type_str, template)
               ^^^^^^^^^^^^^^^^^^^^^^^^^^^^^^^^^^^^^^^^^^^^^^^^^^^^^^^^^^^^^
  File "D:\DEMO CHAT BOT\.venv\Lib\site-packages\langchain_core\messages\utils.py", line 269, in _create_message_from_message_type
    message: BaseMessage = HumanMessage(content=content, **kwargs)
                           ^^^^^^^^^^^^^^^^^^^^^^^^^^^^^^^^^^^^^^^
  File "D:\DEMO CHAT BOT\.venv\Lib\site-packages\langchain_core\messages\human.py", line 52, in __init__
    super().__init__(content=content, **kwargs)
  File "D:\DEMO CHAT BOT\.venv\Lib\site-packages\langchain_core\messages\base.py", line 72, in __init__
    super().__init__(content=content, **kwargs)
  File "D:\DEMO CHAT BOT\.venv\Lib\site-packages\langchain_core\load\serializable.py", line 130, in __init__
    super().__init__(*args, **kwargs)
  File "D:\DEMO CHAT BOT\.venv\Lib\site-packages\pydantic\main.py", line 253, in __init__
    validated_self = self.__pydantic_validator__.validate_python(data, self_instance=self)
                     ^^^^^^^^^^^^^^^^^^^^^^^^^^^^^^^^^^^^^^^^^^^^^^^^^^^^^^^^^^^^^^^^^^^^^
pydantic_core._pydantic_core.ValidationError: 2 validation errors for HumanMessage
content.str
  Input should be a valid string [type=string_type, input_value={'query': 'cho tôi các ...nal_response_parts': []}, input_type=dict]
    For further information visit https://errors.pydantic.dev/2.11/v/string_type
content.list[union[str,dict[any,any]]]
  Input should be a valid list [type=list_type, input_value={'query': 'cho tôi các ...nal_response_parts': []}, input_type=dict]
    For further information visit https://errors.pydantic.dev/2.11/v/list_type
2025-09-20 05:58:16,047 - DEBUG - Start async tracer
2025-09-20 05:58:16,047 - DEBUG - Enqueuing event of type: <class 'a2a.types.TaskStatusUpdateEvent'>
2025-09-20 05:58:16,047 - DEBUG - Start async tracer
2025-09-20 05:58:16,047 - DEBUG - Closing EventQueue.
2025-09-20 05:58:16,047 - DEBUG - Dequeued event (waited) of type: <class 'a2a.types.TaskStatusUpdateEvent'>
2025-09-20 05:58:16,050 - DEBUG - Dequeued event of type: <class 'a2a.types.TaskStatusUpdateEvent'> in consume_all.
2025-09-20 05:58:16,050 - DEBUG - Marking task as done in EventQueue.
2025-09-20 05:58:16,051 - DEBUG - Marked task as done in event queue in consume_all
2025-09-20 05:58:16,051 - DEBUG - Stopping event consumption in consume_all.
2025-09-20 05:58:16,051 - DEBUG - Start async tracer
2025-09-20 05:58:16,051 - DEBUG - Closing EventQueue.
2025-09-20 05:58:16,051 - DEBUG - Processing save of task event of type TaskStatusUpdateEvent for task_id: f94ddbdc-52e5-4e35-933f-721fa249902c
2025-09-20 05:58:16,051 - DEBUG - Updating task f94ddbdc-52e5-4e35-933f-721fa249902c status to: TaskState.failed
2025-09-20 05:58:16,051 - DEBUG - Saving task with id: f94ddbdc-52e5-4e35-933f-721fa249902c
2025-09-20 05:58:16,051 - DEBUG - Task f94ddbdc-52e5-4e35-933f-721fa249902c saved successfully.
2025-09-20 05:58:16,051 - DEBUG - Start async tracer
2025-09-20 05:58:16,051 - DEBUG - chunk: b'data: {"id":"f7159bee-03b3-4e80-9cef-43ed5c0e5cd6","jsonrpc":"2.0","result":{"contextId":"64b81b08-a13d-4738-ad97-e123397c9a04","final":true,"kind":"status-update","status":{"state":"failed","timestamp":"2025-09-19T22:58:16.047157+00:00"},"taskId":"f94ddbdc-52e5-4e35-933f-721fa249902c"}}\r\n\r\n'
2025-09-20 05:58:16,051 - DEBUG - Start async tracer
2025-09-20 05:58:16,051 - DEBUG - Agent task callback triggered.
2025-09-20 05:58:16,051 - DEBUG - Start async tracer
2025-09-20 05:58:16,051 - DEBUG - Start async tracer
2025-09-20 05:58:16,051 - DEBUG - Closing EventQueue.
2025-09-20 05:58:16,051 - DEBUG - Got event: http.disconnect. Stop streaming.
2025-09-20 11:50:03,892 - DEBUG - Load embedding model sentence-transformers/paraphrase-multilingual-MiniLM-L12-v2
2025-09-20 11:50:03,898 - INFO - Use pytorch device_name: cpu
2025-09-20 11:50:03,898 - INFO - Load pretrained SentenceTransformer: paraphrase-multilingual-MiniLM-L12-v2
2025-09-20 11:50:03,902 - DEBUG - Starting new HTTPS connection (1): huggingface.co:443
2025-09-20 11:50:04,758 - DEBUG - https://huggingface.co:443 "HEAD /sentence-transformers/paraphrase-multilingual-MiniLM-L12-v2/resolve/main/modules.json HTTP/1.1" 307 0
2025-09-20 11:50:04,824 - DEBUG - https://huggingface.co:443 "HEAD /api/resolve-cache/models/sentence-transformers/paraphrase-multilingual-MiniLM-L12-v2/86741b4e3f5cb7765a600d3a3d55a0f6a6cb443d/modules.json HTTP/1.1" 200 0
2025-09-20 11:50:05,188 - DEBUG - https://huggingface.co:443 "HEAD /sentence-transformers/paraphrase-multilingual-MiniLM-L12-v2/resolve/main/config_sentence_transformers.json HTTP/1.1" 307 0
2025-09-20 11:50:05,257 - DEBUG - https://huggingface.co:443 "HEAD /api/resolve-cache/models/sentence-transformers/paraphrase-multilingual-MiniLM-L12-v2/86741b4e3f5cb7765a600d3a3d55a0f6a6cb443d/config_sentence_transformers.json HTTP/1.1" 200 0
2025-09-20 11:50:05,568 - DEBUG - https://huggingface.co:443 "HEAD /sentence-transformers/paraphrase-multilingual-MiniLM-L12-v2/resolve/main/config_sentence_transformers.json HTTP/1.1" 307 0
2025-09-20 11:50:05,634 - DEBUG - https://huggingface.co:443 "HEAD /api/resolve-cache/models/sentence-transformers/paraphrase-multilingual-MiniLM-L12-v2/86741b4e3f5cb7765a600d3a3d55a0f6a6cb443d/config_sentence_transformers.json HTTP/1.1" 200 0
2025-09-20 11:50:05,942 - DEBUG - https://huggingface.co:443 "HEAD /sentence-transformers/paraphrase-multilingual-MiniLM-L12-v2/resolve/main/README.md HTTP/1.1" 307 0
2025-09-20 11:50:06,019 - DEBUG - https://huggingface.co:443 "HEAD /api/resolve-cache/models/sentence-transformers/paraphrase-multilingual-MiniLM-L12-v2/86741b4e3f5cb7765a600d3a3d55a0f6a6cb443d/README.md HTTP/1.1" 200 0
2025-09-20 11:50:06,471 - DEBUG - https://huggingface.co:443 "HEAD /sentence-transformers/paraphrase-multilingual-MiniLM-L12-v2/resolve/main/modules.json HTTP/1.1" 307 0
2025-09-20 11:50:06,536 - DEBUG - https://huggingface.co:443 "HEAD /api/resolve-cache/models/sentence-transformers/paraphrase-multilingual-MiniLM-L12-v2/86741b4e3f5cb7765a600d3a3d55a0f6a6cb443d/modules.json HTTP/1.1" 200 0
2025-09-20 11:50:06,959 - DEBUG - https://huggingface.co:443 "HEAD /sentence-transformers/paraphrase-multilingual-MiniLM-L12-v2/resolve/main/sentence_bert_config.json HTTP/1.1" 307 0
2025-09-20 11:50:07,026 - DEBUG - https://huggingface.co:443 "HEAD /api/resolve-cache/models/sentence-transformers/paraphrase-multilingual-MiniLM-L12-v2/86741b4e3f5cb7765a600d3a3d55a0f6a6cb443d/sentence_bert_config.json HTTP/1.1" 200 0
2025-09-20 11:50:07,329 - DEBUG - https://huggingface.co:443 "HEAD /sentence-transformers/paraphrase-multilingual-MiniLM-L12-v2/resolve/main/adapter_config.json HTTP/1.1" 404 0
2025-09-20 11:50:07,754 - DEBUG - https://huggingface.co:443 "HEAD /sentence-transformers/paraphrase-multilingual-MiniLM-L12-v2/resolve/main/config.json HTTP/1.1" 307 0
2025-09-20 11:50:07,824 - DEBUG - https://huggingface.co:443 "HEAD /api/resolve-cache/models/sentence-transformers/paraphrase-multilingual-MiniLM-L12-v2/86741b4e3f5cb7765a600d3a3d55a0f6a6cb443d/config.json HTTP/1.1" 200 0
2025-09-20 11:50:08,556 - DEBUG - https://huggingface.co:443 "HEAD /sentence-transformers/paraphrase-multilingual-MiniLM-L12-v2/resolve/main/tokenizer_config.json HTTP/1.1" 307 0
2025-09-20 11:50:08,616 - DEBUG - https://huggingface.co:443 "HEAD /api/resolve-cache/models/sentence-transformers/paraphrase-multilingual-MiniLM-L12-v2/86741b4e3f5cb7765a600d3a3d55a0f6a6cb443d/tokenizer_config.json HTTP/1.1" 200 0
2025-09-20 11:50:09,049 - DEBUG - https://huggingface.co:443 "GET /api/models/sentence-transformers/paraphrase-multilingual-MiniLM-L12-v2/tree/main/additional_chat_templates?recursive=False&expand=False HTTP/1.1" 404 64
2025-09-20 11:50:10,465 - DEBUG - https://huggingface.co:443 "HEAD /sentence-transformers/paraphrase-multilingual-MiniLM-L12-v2/resolve/main/1_Pooling/config.json HTTP/1.1" 307 0
2025-09-20 11:50:10,576 - DEBUG - https://huggingface.co:443 "HEAD /api/resolve-cache/models/sentence-transformers/paraphrase-multilingual-MiniLM-L12-v2/86741b4e3f5cb7765a600d3a3d55a0f6a6cb443d/1_Pooling%2Fconfig.json HTTP/1.1" 200 0
2025-09-20 11:50:10,906 - DEBUG - https://huggingface.co:443 "GET /api/models/sentence-transformers/paraphrase-multilingual-MiniLM-L12-v2 HTTP/1.1" 200 6116
2025-09-20 11:50:10,924 - DEBUG - Index ready: 3 bệnh, 2 chuyên khoa, 3 gói
2025-09-20 11:50:11,238 - DEBUG - Using proactor: IocpProactor
2025-09-20 11:50:14,354 - DEBUG - Initializing InMemoryTaskStore
2025-09-20 11:51:07,018 - DEBUG - Start async tracer
2025-09-20 11:51:07,018 - DEBUG - TaskManager initialized with task_id: None, context_id: None
2025-09-20 11:51:07,018 - DEBUG - task_id is not set, cannot get task.
2025-09-20 11:51:07,018 - DEBUG - Start async tracer
2025-09-20 11:51:07,018 - DEBUG - EventQueue initialized.
2025-09-20 11:51:07,018 - DEBUG - Start async tracer
2025-09-20 11:51:07,018 - DEBUG - EventConsumer initialized
2025-09-20 11:51:07,018 - DEBUG - Starting to consume all events from the queue.
2025-09-20 11:51:07,018 - DEBUG - Start async tracer
2025-09-20 11:51:07,018 - DEBUG - Attempting to dequeue event (waiting).
2025-09-20 11:51:07,018 - DEBUG - Start async tracer
2025-09-20 11:51:07,018 - DEBUG - Start async tracer
2025-09-20 11:51:07,018 - DEBUG - Enqueuing event of type: <class 'a2a.types.TaskStatusUpdateEvent'>
2025-09-20 11:51:07,018 - DEBUG - Start async tracer
2025-09-20 11:51:07,024 - DEBUG - Enqueuing event of type: <class 'a2a.types.TaskStatusUpdateEvent'>
2025-09-20 11:51:07,024 - DEBUG - [CostAgentExecutor] wrapped_input: {'session_id': '2c9c2601-55b7-4558-bb26-64e725c524b2', 'query': 'cho tôi các gói khám bệnh liên quan tới Xuất huyết tiêu hóa đi', 'final_response_parts': []}
2025-09-20 11:51:07,024 - DEBUG - [CostAgentExecutor] HumanMessage: content='cho tôi các gói khám bệnh liên quan tới Xuất huyết tiêu hóa đi' additional_kwargs={'session_id': '2c9c2601-55b7-4558-bb26-64e725c524b2', 'final_response_parts': []} response_metadata={}
2025-09-20 11:51:07,044 - DEBUG - Dequeued event (waited) of type: <class 'a2a.types.TaskStatusUpdateEvent'>
2025-09-20 11:51:07,044 - DEBUG - Dequeued event of type: <class 'a2a.types.TaskStatusUpdateEvent'> in consume_all.
2025-09-20 11:51:07,044 - DEBUG - Marking task as done in EventQueue.
2025-09-20 11:51:07,044 - DEBUG - Marked task as done in event queue in consume_all
2025-09-20 11:51:07,044 - DEBUG - Processing save of task event of type TaskStatusUpdateEvent for task_id: 13e2f2ba-7569-4acd-83e6-60bf3dfc75ae
2025-09-20 11:51:07,052 - DEBUG - Attempting to retrieve existing task with id: 13e2f2ba-7569-4acd-83e6-60bf3dfc75ae
2025-09-20 11:51:07,052 - DEBUG - Attempting to get task with id: 13e2f2ba-7569-4acd-83e6-60bf3dfc75ae
2025-09-20 11:51:07,052 - DEBUG - Task 13e2f2ba-7569-4acd-83e6-60bf3dfc75ae not found in store.
2025-09-20 11:51:07,052 - INFO - Task not found or task_id not set. Creating new task for event (task_id: 13e2f2ba-7569-4acd-83e6-60bf3dfc75ae, context_id: 2c9c2601-55b7-4558-bb26-64e725c524b2).
2025-09-20 11:51:07,052 - DEBUG - Initializing new Task object with task_id: 13e2f2ba-7569-4acd-83e6-60bf3dfc75ae, context_id: 2c9c2601-55b7-4558-bb26-64e725c524b2
2025-09-20 11:51:07,054 - DEBUG - Saving task with id: 13e2f2ba-7569-4acd-83e6-60bf3dfc75ae
2025-09-20 11:51:07,054 - DEBUG - Task 13e2f2ba-7569-4acd-83e6-60bf3dfc75ae saved successfully.
2025-09-20 11:51:07,054 - DEBUG - Updating task 13e2f2ba-7569-4acd-83e6-60bf3dfc75ae status to: TaskState.submitted
2025-09-20 11:51:07,054 - DEBUG - Saving task with id: 13e2f2ba-7569-4acd-83e6-60bf3dfc75ae
2025-09-20 11:51:07,054 - DEBUG - Task 13e2f2ba-7569-4acd-83e6-60bf3dfc75ae saved successfully.
2025-09-20 11:51:07,054 - DEBUG - Start async tracer
2025-09-20 11:51:07,054 - DEBUG - chunk: b'data: {"id":"95ed1a37-15fc-4b2c-b2de-6ba853377d2d","jsonrpc":"2.0","result":{"contextId":"2c9c2601-55b7-4558-bb26-64e725c524b2","final":false,"kind":"status-update","status":{"state":"submitted","timestamp":"2025-09-20T04:51:07.018565+00:00"},"taskId":"13e2f2ba-7569-4acd-83e6-60bf3dfc75ae"}}\r\n\r\n'
2025-09-20 11:51:07,054 - DEBUG - Start async tracer
2025-09-20 11:51:07,054 - DEBUG - Attempting to dequeue event (waiting).
2025-09-20 11:51:07,054 - DEBUG - Dequeued event (waited) of type: <class 'a2a.types.TaskStatusUpdateEvent'>
2025-09-20 11:51:07,054 - DEBUG - Dequeued event of type: <class 'a2a.types.TaskStatusUpdateEvent'> in consume_all.
2025-09-20 11:51:07,054 - DEBUG - Marking task as done in EventQueue.
2025-09-20 11:51:07,054 - DEBUG - Marked task as done in event queue in consume_all
2025-09-20 11:51:07,054 - DEBUG - Processing save of task event of type TaskStatusUpdateEvent for task_id: 13e2f2ba-7569-4acd-83e6-60bf3dfc75ae
2025-09-20 11:51:07,054 - DEBUG - Updating task 13e2f2ba-7569-4acd-83e6-60bf3dfc75ae status to: TaskState.working
2025-09-20 11:51:07,054 - DEBUG - Saving task with id: 13e2f2ba-7569-4acd-83e6-60bf3dfc75ae
2025-09-20 11:51:07,054 - DEBUG - Task 13e2f2ba-7569-4acd-83e6-60bf3dfc75ae saved successfully.
2025-09-20 11:51:07,054 - DEBUG - Start async tracer
2025-09-20 11:51:07,061 - DEBUG - chunk: b'data: {"id":"95ed1a37-15fc-4b2c-b2de-6ba853377d2d","jsonrpc":"2.0","result":{"contextId":"2c9c2601-55b7-4558-bb26-64e725c524b2","final":false,"kind":"status-update","status":{"state":"working","timestamp":"2025-09-20T04:51:07.018565+00:00"},"taskId":"13e2f2ba-7569-4acd-83e6-60bf3dfc75ae"}}\r\n\r\n'
2025-09-20 11:51:07,061 - DEBUG - Start async tracer
2025-09-20 11:51:07,061 - DEBUG - Attempting to dequeue event (waiting).
2025-09-20 11:51:07,082 - ERROR - CostAgentExecutor error: 2 validation errors for HumanMessage
content.str
  Input should be a valid string [type=string_type, input_value={'query': 'cho tôi các ...nal_response_parts': []}, input_type=dict]
    For further information visit https://errors.pydantic.dev/2.11/v/string_type
content.list[union[str,dict[any,any]]]
  Input should be a valid list [type=list_type, input_value={'query': 'cho tôi các ...nal_response_parts': []}, input_type=dict]
    For further information visit https://errors.pydantic.dev/2.11/v/list_type
Traceback (most recent call last):
  File "D:\DEMO CHAT BOT\agents\cost_agent\agent_executor.py", line 67, in execute
    async for event in self.agent.stream(message):
  File "D:\DEMO CHAT BOT\agents\cost_agent\cost_agent.py", line 217, in stream
    async for chunk in runnable.astream_events(langgraph_input, config, version="v1"):
  File "D:\DEMO CHAT BOT\.venv\Lib\site-packages\langchain_core\runnables\base.py", line 1403, in astream_events
    async for event in event_stream:
  File "D:\DEMO CHAT BOT\.venv\Lib\site-packages\langchain_core\tracers\event_stream.py", line 790, in _astream_events_implementation_v1
    async for log in _astream_log_implementation(
  File "D:\DEMO CHAT BOT\.venv\Lib\site-packages\langchain_core\tracers\log_stream.py", line 706, in _astream_log_implementation
    await task
  File "D:\DEMO CHAT BOT\.venv\Lib\site-packages\langchain_core\tracers\log_stream.py", line 658, in consume_astream
    async for chunk in runnable.astream(value, config, **kwargs):
  File "D:\DEMO CHAT BOT\.venv\Lib\site-packages\langgraph\pregel\main.py", line 2943, in astream
    loop.after_tick()
  File "D:\DEMO CHAT BOT\.venv\Lib\site-packages\langgraph\pregel\_loop.py", line 525, in after_tick
    self.updated_channels = apply_writes(
                            ^^^^^^^^^^^^^
  File "D:\DEMO CHAT BOT\.venv\Lib\site-packages\langgraph\pregel\_algo.py", line 298, in apply_writes
    if channels[chan].update(vals) and next_version is not None:
       ^^^^^^^^^^^^^^^^^^^^^^^^^^^
  File "D:\DEMO CHAT BOT\.venv\Lib\site-packages\langgraph\channels\binop.py", line 93, in update
    self.value = self.operator(self.value, value)
                 ^^^^^^^^^^^^^^^^^^^^^^^^^^^^^^^^
  File "D:\DEMO CHAT BOT\.venv\Lib\site-packages\langgraph\graph\message.py", line 46, in _add_messages
    return func(left, right, **kwargs)
           ^^^^^^^^^^^^^^^^^^^^^^^^^^^
  File "D:\DEMO CHAT BOT\.venv\Lib\site-packages\langgraph\graph\message.py", line 189, in add_messages
    for m in convert_to_messages(right)
             ^^^^^^^^^^^^^^^^^^^^^^^^^^
  File "D:\DEMO CHAT BOT\.venv\Lib\site-packages\langchain_core\messages\utils.py", line 367, in convert_to_messages
    return [_convert_to_message(m) for m in messages]
            ^^^^^^^^^^^^^^^^^^^^^^
  File "D:\DEMO CHAT BOT\.venv\Lib\site-packages\langchain_core\messages\utils.py", line 324, in _convert_to_message
    message_ = _create_message_from_message_type(message_type_str, template)
               ^^^^^^^^^^^^^^^^^^^^^^^^^^^^^^^^^^^^^^^^^^^^^^^^^^^^^^^^^^^^^
  File "D:\DEMO CHAT BOT\.venv\Lib\site-packages\langchain_core\messages\utils.py", line 269, in _create_message_from_message_type
    message: BaseMessage = HumanMessage(content=content, **kwargs)
                           ^^^^^^^^^^^^^^^^^^^^^^^^^^^^^^^^^^^^^^^
  File "D:\DEMO CHAT BOT\.venv\Lib\site-packages\langchain_core\messages\human.py", line 52, in __init__
    super().__init__(content=content, **kwargs)
  File "D:\DEMO CHAT BOT\.venv\Lib\site-packages\langchain_core\messages\base.py", line 72, in __init__
    super().__init__(content=content, **kwargs)
  File "D:\DEMO CHAT BOT\.venv\Lib\site-packages\langchain_core\load\serializable.py", line 130, in __init__
    super().__init__(*args, **kwargs)
  File "D:\DEMO CHAT BOT\.venv\Lib\site-packages\pydantic\main.py", line 253, in __init__
    validated_self = self.__pydantic_validator__.validate_python(data, self_instance=self)
                     ^^^^^^^^^^^^^^^^^^^^^^^^^^^^^^^^^^^^^^^^^^^^^^^^^^^^^^^^^^^^^^^^^^^^^
pydantic_core._pydantic_core.ValidationError: 2 validation errors for HumanMessage
content.str
  Input should be a valid string [type=string_type, input_value={'query': 'cho tôi các ...nal_response_parts': []}, input_type=dict]
    For further information visit https://errors.pydantic.dev/2.11/v/string_type
content.list[union[str,dict[any,any]]]
  Input should be a valid list [type=list_type, input_value={'query': 'cho tôi các ...nal_response_parts': []}, input_type=dict]
    For further information visit https://errors.pydantic.dev/2.11/v/list_type
2025-09-20 11:51:07,088 - DEBUG - Start async tracer
2025-09-20 11:51:07,088 - DEBUG - Enqueuing event of type: <class 'a2a.types.TaskStatusUpdateEvent'>
2025-09-20 11:51:07,088 - DEBUG - Start async tracer
2025-09-20 11:51:07,088 - DEBUG - Closing EventQueue.
2025-09-20 11:51:07,092 - DEBUG - Dequeued event (waited) of type: <class 'a2a.types.TaskStatusUpdateEvent'>
2025-09-20 11:51:07,092 - DEBUG - Dequeued event of type: <class 'a2a.types.TaskStatusUpdateEvent'> in consume_all.
2025-09-20 11:51:07,092 - DEBUG - Marking task as done in EventQueue.
2025-09-20 11:51:07,092 - DEBUG - Marked task as done in event queue in consume_all
2025-09-20 11:51:07,092 - DEBUG - Stopping event consumption in consume_all.
2025-09-20 11:51:07,094 - DEBUG - Start async tracer
2025-09-20 11:51:07,094 - DEBUG - Closing EventQueue.
2025-09-20 11:51:07,094 - DEBUG - Processing save of task event of type TaskStatusUpdateEvent for task_id: 13e2f2ba-7569-4acd-83e6-60bf3dfc75ae
2025-09-20 11:51:07,094 - DEBUG - Updating task 13e2f2ba-7569-4acd-83e6-60bf3dfc75ae status to: TaskState.failed
2025-09-20 11:51:07,094 - DEBUG - Saving task with id: 13e2f2ba-7569-4acd-83e6-60bf3dfc75ae
2025-09-20 11:51:07,094 - DEBUG - Task 13e2f2ba-7569-4acd-83e6-60bf3dfc75ae saved successfully.
2025-09-20 11:51:07,094 - DEBUG - Start async tracer
2025-09-20 11:51:07,094 - DEBUG - chunk: b'data: {"id":"95ed1a37-15fc-4b2c-b2de-6ba853377d2d","jsonrpc":"2.0","result":{"contextId":"2c9c2601-55b7-4558-bb26-64e725c524b2","final":true,"kind":"status-update","status":{"state":"failed","timestamp":"2025-09-20T04:51:07.088010+00:00"},"taskId":"13e2f2ba-7569-4acd-83e6-60bf3dfc75ae"}}\r\n\r\n'
2025-09-20 11:51:07,097 - DEBUG - Start async tracer
2025-09-20 11:51:07,098 - DEBUG - Agent task callback triggered.
2025-09-20 11:51:07,099 - DEBUG - Start async tracer
2025-09-20 11:51:07,099 - DEBUG - Start async tracer
2025-09-20 11:51:07,099 - DEBUG - Closing EventQueue.
2025-09-20 11:51:07,099 - DEBUG - Got event: http.disconnect. Stop streaming.
2025-09-20 12:04:06,639 - DEBUG - Load embedding model sentence-transformers/paraphrase-multilingual-MiniLM-L12-v2
2025-09-20 12:04:06,641 - INFO - Use pytorch device_name: cpu
2025-09-20 12:04:06,641 - INFO - Load pretrained SentenceTransformer: paraphrase-multilingual-MiniLM-L12-v2
2025-09-20 12:04:06,645 - DEBUG - Starting new HTTPS connection (1): huggingface.co:443
2025-09-20 12:04:07,271 - DEBUG - https://huggingface.co:443 "HEAD /sentence-transformers/paraphrase-multilingual-MiniLM-L12-v2/resolve/main/modules.json HTTP/1.1" 307 0
2025-09-20 12:04:07,377 - DEBUG - https://huggingface.co:443 "HEAD /api/resolve-cache/models/sentence-transformers/paraphrase-multilingual-MiniLM-L12-v2/86741b4e3f5cb7765a600d3a3d55a0f6a6cb443d/modules.json HTTP/1.1" 200 0
2025-09-20 12:04:07,751 - DEBUG - https://huggingface.co:443 "HEAD /sentence-transformers/paraphrase-multilingual-MiniLM-L12-v2/resolve/main/config_sentence_transformers.json HTTP/1.1" 307 0
2025-09-20 12:04:07,816 - DEBUG - https://huggingface.co:443 "HEAD /api/resolve-cache/models/sentence-transformers/paraphrase-multilingual-MiniLM-L12-v2/86741b4e3f5cb7765a600d3a3d55a0f6a6cb443d/config_sentence_transformers.json HTTP/1.1" 200 0
2025-09-20 12:04:08,131 - DEBUG - https://huggingface.co:443 "HEAD /sentence-transformers/paraphrase-multilingual-MiniLM-L12-v2/resolve/main/config_sentence_transformers.json HTTP/1.1" 307 0
2025-09-20 12:04:08,191 - DEBUG - https://huggingface.co:443 "HEAD /api/resolve-cache/models/sentence-transformers/paraphrase-multilingual-MiniLM-L12-v2/86741b4e3f5cb7765a600d3a3d55a0f6a6cb443d/config_sentence_transformers.json HTTP/1.1" 200 0
2025-09-20 12:04:08,648 - DEBUG - https://huggingface.co:443 "HEAD /sentence-transformers/paraphrase-multilingual-MiniLM-L12-v2/resolve/main/README.md HTTP/1.1" 307 0
2025-09-20 12:04:08,727 - DEBUG - https://huggingface.co:443 "HEAD /api/resolve-cache/models/sentence-transformers/paraphrase-multilingual-MiniLM-L12-v2/86741b4e3f5cb7765a600d3a3d55a0f6a6cb443d/README.md HTTP/1.1" 200 0
2025-09-20 12:04:09,045 - DEBUG - https://huggingface.co:443 "HEAD /sentence-transformers/paraphrase-multilingual-MiniLM-L12-v2/resolve/main/modules.json HTTP/1.1" 307 0
2025-09-20 12:04:09,121 - DEBUG - https://huggingface.co:443 "HEAD /api/resolve-cache/models/sentence-transformers/paraphrase-multilingual-MiniLM-L12-v2/86741b4e3f5cb7765a600d3a3d55a0f6a6cb443d/modules.json HTTP/1.1" 200 0
2025-09-20 12:04:09,476 - DEBUG - https://huggingface.co:443 "HEAD /sentence-transformers/paraphrase-multilingual-MiniLM-L12-v2/resolve/main/sentence_bert_config.json HTTP/1.1" 307 0
2025-09-20 12:04:09,661 - DEBUG - https://huggingface.co:443 "HEAD /api/resolve-cache/models/sentence-transformers/paraphrase-multilingual-MiniLM-L12-v2/86741b4e3f5cb7765a600d3a3d55a0f6a6cb443d/sentence_bert_config.json HTTP/1.1" 200 0
2025-09-20 12:04:10,001 - DEBUG - https://huggingface.co:443 "HEAD /sentence-transformers/paraphrase-multilingual-MiniLM-L12-v2/resolve/main/adapter_config.json HTTP/1.1" 404 0
2025-09-20 12:04:10,312 - DEBUG - https://huggingface.co:443 "HEAD /sentence-transformers/paraphrase-multilingual-MiniLM-L12-v2/resolve/main/config.json HTTP/1.1" 307 0
2025-09-20 12:04:10,452 - DEBUG - https://huggingface.co:443 "HEAD /api/resolve-cache/models/sentence-transformers/paraphrase-multilingual-MiniLM-L12-v2/86741b4e3f5cb7765a600d3a3d55a0f6a6cb443d/config.json HTTP/1.1" 200 0
2025-09-20 12:04:11,012 - DEBUG - https://huggingface.co:443 "HEAD /sentence-transformers/paraphrase-multilingual-MiniLM-L12-v2/resolve/main/tokenizer_config.json HTTP/1.1" 307 0
2025-09-20 12:04:11,081 - DEBUG - https://huggingface.co:443 "HEAD /api/resolve-cache/models/sentence-transformers/paraphrase-multilingual-MiniLM-L12-v2/86741b4e3f5cb7765a600d3a3d55a0f6a6cb443d/tokenizer_config.json HTTP/1.1" 200 0
2025-09-20 12:04:11,589 - DEBUG - https://huggingface.co:443 "GET /api/models/sentence-transformers/paraphrase-multilingual-MiniLM-L12-v2/tree/main/additional_chat_templates?recursive=False&expand=False HTTP/1.1" 404 64
2025-09-20 12:04:12,872 - DEBUG - https://huggingface.co:443 "HEAD /sentence-transformers/paraphrase-multilingual-MiniLM-L12-v2/resolve/main/1_Pooling/config.json HTTP/1.1" 307 0
2025-09-20 12:04:12,931 - DEBUG - https://huggingface.co:443 "HEAD /api/resolve-cache/models/sentence-transformers/paraphrase-multilingual-MiniLM-L12-v2/86741b4e3f5cb7765a600d3a3d55a0f6a6cb443d/1_Pooling%2Fconfig.json HTTP/1.1" 200 0
2025-09-20 12:04:13,251 - DEBUG - https://huggingface.co:443 "GET /api/models/sentence-transformers/paraphrase-multilingual-MiniLM-L12-v2 HTTP/1.1" 200 6116
2025-09-20 12:04:13,276 - DEBUG - Index ready: 3 bệnh, 2 chuyên khoa, 3 gói
2025-09-20 12:04:13,655 - DEBUG - Using proactor: IocpProactor
2025-09-20 12:04:17,905 - DEBUG - Initializing InMemoryTaskStore
2025-09-20 12:04:54,965 - DEBUG - Start async tracer
2025-09-20 12:04:54,966 - DEBUG - TaskManager initialized with task_id: None, context_id: None
2025-09-20 12:04:54,966 - DEBUG - task_id is not set, cannot get task.
2025-09-20 12:04:54,968 - DEBUG - Start async tracer
2025-09-20 12:04:54,968 - DEBUG - EventQueue initialized.
2025-09-20 12:04:54,968 - DEBUG - Start async tracer
2025-09-20 12:04:54,977 - DEBUG - EventConsumer initialized
2025-09-20 12:04:54,977 - DEBUG - Starting to consume all events from the queue.
2025-09-20 12:04:54,977 - DEBUG - Start async tracer
2025-09-20 12:04:54,977 - DEBUG - Attempting to dequeue event (waiting).
2025-09-20 12:04:54,977 - DEBUG - Start async tracer
2025-09-20 12:04:54,977 - DEBUG - Start async tracer
2025-09-20 12:04:54,977 - DEBUG - Enqueuing event of type: <class 'a2a.types.TaskStatusUpdateEvent'>
2025-09-20 12:04:54,977 - DEBUG - Start async tracer
2025-09-20 12:04:54,981 - DEBUG - Enqueuing event of type: <class 'a2a.types.TaskStatusUpdateEvent'>
2025-09-20 12:04:54,981 - DEBUG - [CostAgentExecutor] wrapped_input: {'session_id': '5c578745-cceb-483f-9d9b-2af01f4fe7ba', 'query': 'cho tôi các gói khám bệnh liên quan tới Xuất huyết tiêu hóa đi', 'final_response_parts': []}
2025-09-20 12:04:54,981 - DEBUG - [CostAgentExecutor] HumanMessage: content='cho tôi các gói khám bệnh liên quan tới Xuất huyết tiêu hóa đi' additional_kwargs={'session_id': '5c578745-cceb-483f-9d9b-2af01f4fe7ba', 'final_response_parts': []} response_metadata={}
2025-09-20 12:04:55,005 - DEBUG - Dequeued event (waited) of type: <class 'a2a.types.TaskStatusUpdateEvent'>
2025-09-20 12:04:55,005 - DEBUG - Dequeued event of type: <class 'a2a.types.TaskStatusUpdateEvent'> in consume_all.
2025-09-20 12:04:55,005 - DEBUG - Marking task as done in EventQueue.
2025-09-20 12:04:55,005 - DEBUG - Marked task as done in event queue in consume_all
2025-09-20 12:04:55,005 - DEBUG - Processing save of task event of type TaskStatusUpdateEvent for task_id: e1830d5d-2b19-402c-b2fd-9b5885ea6da1
2025-09-20 12:04:55,005 - DEBUG - Attempting to retrieve existing task with id: e1830d5d-2b19-402c-b2fd-9b5885ea6da1
2025-09-20 12:04:55,005 - DEBUG - Attempting to get task with id: e1830d5d-2b19-402c-b2fd-9b5885ea6da1
2025-09-20 12:04:55,005 - DEBUG - Task e1830d5d-2b19-402c-b2fd-9b5885ea6da1 not found in store.
2025-09-20 12:04:55,005 - INFO - Task not found or task_id not set. Creating new task for event (task_id: e1830d5d-2b19-402c-b2fd-9b5885ea6da1, context_id: 5c578745-cceb-483f-9d9b-2af01f4fe7ba).
2025-09-20 12:04:55,005 - DEBUG - Initializing new Task object with task_id: e1830d5d-2b19-402c-b2fd-9b5885ea6da1, context_id: 5c578745-cceb-483f-9d9b-2af01f4fe7ba
2025-09-20 12:04:55,005 - DEBUG - Saving task with id: e1830d5d-2b19-402c-b2fd-9b5885ea6da1
2025-09-20 12:04:55,005 - DEBUG - Task e1830d5d-2b19-402c-b2fd-9b5885ea6da1 saved successfully.
2025-09-20 12:04:55,011 - DEBUG - Updating task e1830d5d-2b19-402c-b2fd-9b5885ea6da1 status to: TaskState.submitted
2025-09-20 12:04:55,011 - DEBUG - Saving task with id: e1830d5d-2b19-402c-b2fd-9b5885ea6da1
2025-09-20 12:04:55,011 - DEBUG - Task e1830d5d-2b19-402c-b2fd-9b5885ea6da1 saved successfully.
2025-09-20 12:04:55,012 - DEBUG - Start async tracer
2025-09-20 12:04:55,012 - DEBUG - chunk: b'data: {"id":"ef54091b-538c-4116-920d-8beb84c985cf","jsonrpc":"2.0","result":{"contextId":"5c578745-cceb-483f-9d9b-2af01f4fe7ba","final":false,"kind":"status-update","status":{"state":"submitted","timestamp":"2025-09-20T05:04:54.977602+00:00"},"taskId":"e1830d5d-2b19-402c-b2fd-9b5885ea6da1"}}\r\n\r\n'
2025-09-20 12:04:55,012 - DEBUG - Start async tracer
2025-09-20 12:04:55,014 - DEBUG - Attempting to dequeue event (waiting).
2025-09-20 12:04:55,014 - DEBUG - Dequeued event (waited) of type: <class 'a2a.types.TaskStatusUpdateEvent'>
2025-09-20 12:04:55,014 - DEBUG - Dequeued event of type: <class 'a2a.types.TaskStatusUpdateEvent'> in consume_all.
2025-09-20 12:04:55,014 - DEBUG - Marking task as done in EventQueue.
2025-09-20 12:04:55,016 - DEBUG - Marked task as done in event queue in consume_all
2025-09-20 12:04:55,016 - DEBUG - Processing save of task event of type TaskStatusUpdateEvent for task_id: e1830d5d-2b19-402c-b2fd-9b5885ea6da1
2025-09-20 12:04:55,016 - DEBUG - Updating task e1830d5d-2b19-402c-b2fd-9b5885ea6da1 status to: TaskState.working
2025-09-20 12:04:55,018 - DEBUG - Saving task with id: e1830d5d-2b19-402c-b2fd-9b5885ea6da1
2025-09-20 12:04:55,018 - DEBUG - Task e1830d5d-2b19-402c-b2fd-9b5885ea6da1 saved successfully.
2025-09-20 12:04:55,018 - DEBUG - Start async tracer
2025-09-20 12:04:55,018 - DEBUG - chunk: b'data: {"id":"ef54091b-538c-4116-920d-8beb84c985cf","jsonrpc":"2.0","result":{"contextId":"5c578745-cceb-483f-9d9b-2af01f4fe7ba","final":false,"kind":"status-update","status":{"state":"working","timestamp":"2025-09-20T05:04:54.977602+00:00"},"taskId":"e1830d5d-2b19-402c-b2fd-9b5885ea6da1"}}\r\n\r\n'
2025-09-20 12:04:55,018 - DEBUG - Start async tracer
2025-09-20 12:04:55,018 - DEBUG - Attempting to dequeue event (waiting).
2025-09-20 12:04:55,021 - DEBUG - [CostAgent] received chunk keys: ['input']
2025-09-20 12:04:55,035 - ERROR - Exception while streaming from runnable
Traceback (most recent call last):
  File "D:\DEMO CHAT BOT\agents\cost_agent\cost_agent.py", line 218, in stream
    async for chunk in runnable.astream_events(langgraph_input, config, version="v1"):
  File "D:\DEMO CHAT BOT\.venv\Lib\site-packages\langchain_core\runnables\base.py", line 1403, in astream_events
    async for event in event_stream:
  File "D:\DEMO CHAT BOT\.venv\Lib\site-packages\langchain_core\tracers\event_stream.py", line 790, in _astream_events_implementation_v1
    async for log in _astream_log_implementation(
  File "D:\DEMO CHAT BOT\.venv\Lib\site-packages\langchain_core\tracers\log_stream.py", line 706, in _astream_log_implementation
    await task
  File "D:\DEMO CHAT BOT\.venv\Lib\site-packages\langchain_core\tracers\log_stream.py", line 658, in consume_astream
    async for chunk in runnable.astream(value, config, **kwargs):
  File "D:\DEMO CHAT BOT\.venv\Lib\site-packages\langgraph\pregel\main.py", line 2943, in astream
    loop.after_tick()
  File "D:\DEMO CHAT BOT\.venv\Lib\site-packages\langgraph\pregel\_loop.py", line 525, in after_tick
    self.updated_channels = apply_writes(
                            ^^^^^^^^^^^^^
  File "D:\DEMO CHAT BOT\.venv\Lib\site-packages\langgraph\pregel\_algo.py", line 298, in apply_writes
    if channels[chan].update(vals) and next_version is not None:
       ^^^^^^^^^^^^^^^^^^^^^^^^^^^
  File "D:\DEMO CHAT BOT\.venv\Lib\site-packages\langgraph\channels\binop.py", line 93, in update
    self.value = self.operator(self.value, value)
                 ^^^^^^^^^^^^^^^^^^^^^^^^^^^^^^^^
  File "D:\DEMO CHAT BOT\.venv\Lib\site-packages\langgraph\graph\message.py", line 46, in _add_messages
    return func(left, right, **kwargs)
           ^^^^^^^^^^^^^^^^^^^^^^^^^^^
  File "D:\DEMO CHAT BOT\.venv\Lib\site-packages\langgraph\graph\message.py", line 189, in add_messages
    for m in convert_to_messages(right)
             ^^^^^^^^^^^^^^^^^^^^^^^^^^
  File "D:\DEMO CHAT BOT\.venv\Lib\site-packages\langchain_core\messages\utils.py", line 367, in convert_to_messages
    return [_convert_to_message(m) for m in messages]
            ^^^^^^^^^^^^^^^^^^^^^^
  File "D:\DEMO CHAT BOT\.venv\Lib\site-packages\langchain_core\messages\utils.py", line 324, in _convert_to_message
    message_ = _create_message_from_message_type(message_type_str, template)
               ^^^^^^^^^^^^^^^^^^^^^^^^^^^^^^^^^^^^^^^^^^^^^^^^^^^^^^^^^^^^^
  File "D:\DEMO CHAT BOT\.venv\Lib\site-packages\langchain_core\messages\utils.py", line 269, in _create_message_from_message_type
    message: BaseMessage = HumanMessage(content=content, **kwargs)
                           ^^^^^^^^^^^^^^^^^^^^^^^^^^^^^^^^^^^^^^^
  File "D:\DEMO CHAT BOT\.venv\Lib\site-packages\langchain_core\messages\human.py", line 52, in __init__
    super().__init__(content=content, **kwargs)
  File "D:\DEMO CHAT BOT\.venv\Lib\site-packages\langchain_core\messages\base.py", line 72, in __init__
    super().__init__(content=content, **kwargs)
  File "D:\DEMO CHAT BOT\.venv\Lib\site-packages\langchain_core\load\serializable.py", line 130, in __init__
    super().__init__(*args, **kwargs)
  File "D:\DEMO CHAT BOT\.venv\Lib\site-packages\pydantic\main.py", line 253, in __init__
    validated_self = self.__pydantic_validator__.validate_python(data, self_instance=self)
                     ^^^^^^^^^^^^^^^^^^^^^^^^^^^^^^^^^^^^^^^^^^^^^^^^^^^^^^^^^^^^^^^^^^^^^
pydantic_core._pydantic_core.ValidationError: 2 validation errors for HumanMessage
content.str
  Input should be a valid string [type=string_type, input_value={'query': 'cho tôi các ...nal_response_parts': []}, input_type=dict]
    For further information visit https://errors.pydantic.dev/2.11/v/string_type
content.list[union[str,dict[any,any]]]
  Input should be a valid list [type=list_type, input_value={'query': 'cho tôi các ...nal_response_parts': []}, input_type=dict]
    For further information visit https://errors.pydantic.dev/2.11/v/list_type
2025-09-20 12:04:55,041 - DEBUG - [CostAgentExecutor] raw event from agent: {'is_task_complete': True, 'require_user_input': False, 'content': "Lỗi nội bộ khi xử lý: 2 validation errors for HumanMessage\ncontent.str\n  Input should be a valid string [type=string_type, input_value={'query': 'cho tôi các ...nal_response_parts': []}, input_type=dict]\n    For further information visit https://errors.pydantic.dev/2.11/v/string_type\ncontent.list[union[str,dict[any,any]]]\n  Input should be a valid list [type=list_type, input_value={'query': 'cho tôi các ...nal_response_parts': []}, input_type=dict]\n    For further information visit https://errors.pydantic.dev/2.11/v/list_type", 'status': 'error', 'data': None}
2025-09-20 12:04:55,043 - DEBUG - Start async tracer
2025-09-20 12:04:55,043 - DEBUG - Enqueuing event of type: <class 'a2a.types.TaskStatusUpdateEvent'>
2025-09-20 12:04:55,043 - ERROR - CostAgentExecutor error: 'CostAgent' object has no attribute '_get_agent_response_from_state'
Traceback (most recent call last):
  File "D:\DEMO CHAT BOT\agents\cost_agent\agent_executor.py", line 67, in execute
    async for event in self.agent.stream(message):
  File "D:\DEMO CHAT BOT\agents\cost_agent\cost_agent.py", line 265, in stream
    final_response = self._get_agent_response_from_state(config, runnable)
                     ^^^^^^^^^^^^^^^^^^^^^^^^^^^^^^^^^^^
AttributeError: 'CostAgent' object has no attribute '_get_agent_response_from_state'
2025-09-20 12:04:55,045 - DEBUG - Start async tracer
2025-09-20 12:04:55,045 - DEBUG - Enqueuing event of type: <class 'a2a.types.TaskStatusUpdateEvent'>
2025-09-20 12:04:55,045 - DEBUG - Start async tracer
2025-09-20 12:04:55,047 - DEBUG - Closing EventQueue.
2025-09-20 12:04:55,047 - DEBUG - Dequeued event (waited) of type: <class 'a2a.types.TaskStatusUpdateEvent'>
2025-09-20 12:04:55,047 - DEBUG - Dequeued event of type: <class 'a2a.types.TaskStatusUpdateEvent'> in consume_all.
2025-09-20 12:04:55,047 - DEBUG - Marking task as done in EventQueue.
2025-09-20 12:04:55,047 - DEBUG - Marked task as done in event queue in consume_all
2025-09-20 12:04:55,047 - DEBUG - Processing save of task event of type TaskStatusUpdateEvent for task_id: e1830d5d-2b19-402c-b2fd-9b5885ea6da1
2025-09-20 12:04:55,047 - DEBUG - Updating task e1830d5d-2b19-402c-b2fd-9b5885ea6da1 status to: TaskState.working
2025-09-20 12:04:55,047 - DEBUG - Saving task with id: e1830d5d-2b19-402c-b2fd-9b5885ea6da1
2025-09-20 12:04:55,047 - DEBUG - Task e1830d5d-2b19-402c-b2fd-9b5885ea6da1 saved successfully.
2025-09-20 12:04:55,050 - DEBUG - Start async tracer
2025-09-20 12:04:55,050 - DEBUG - chunk: b'data: {"id":"ef54091b-538c-4116-920d-8beb84c985cf","jsonrpc":"2.0","result":{"contextId":"5c578745-cceb-483f-9d9b-2af01f4fe7ba","final":false,"kind":"status-update","status":{"message":{"kind":"message","messageId":"07bfff34-9cbd-40ae-888a-15682b4dab20","parts":[{"kind":"text","text":"L\xe1\xbb\x97i n\xe1\xbb\x99i b\xe1\xbb\x99 khi x\xe1\xbb\xad l\xc3\xbd: 2 validation errors for HumanMessage\\ncontent.str\\n  Input should be a valid string [type=string_type, input_value={\'query\': \'cho t\xc3\xb4i c\xc3\xa1c ...nal_response_parts\': []}, input_type=dict]\\n    For further information visit https://errors.pydantic.dev/2.11/v/string_type\\ncontent.list[union[str,dict[any,any]]]\\n  Input should be a valid list [type=list_type, input_value={\'query\': \'cho t\xc3\xb4i c\xc3\xa1c ...nal_response_parts\': []}, input_type=dict]\\n    For further information visit https://errors.pydantic.dev/2.11/v/list_type"}],"role":"agent"},"state":"working","timestamp":"2025-09-20T05:04:55.043389+00:00"},"taskId":"e1830d5d-2b19-402c-b2fd-9b5885ea6da1"}}\r\n\r\n'
2025-09-20 12:04:55,051 - DEBUG - Start async tracer
2025-09-20 12:04:55,051 - DEBUG - Attempting to dequeue event (waiting).
2025-09-20 12:04:55,051 - DEBUG - Dequeued event (waited) of type: <class 'a2a.types.TaskStatusUpdateEvent'>
2025-09-20 12:04:55,051 - DEBUG - Dequeued event of type: <class 'a2a.types.TaskStatusUpdateEvent'> in consume_all.
2025-09-20 12:04:55,051 - DEBUG - Marking task as done in EventQueue.
2025-09-20 12:04:55,051 - DEBUG - Marked task as done in event queue in consume_all
2025-09-20 12:04:55,051 - DEBUG - Stopping event consumption in consume_all.
2025-09-20 12:04:55,051 - DEBUG - Start async tracer
2025-09-20 12:04:55,051 - DEBUG - Closing EventQueue.
2025-09-20 12:04:55,051 - DEBUG - Processing save of task event of type TaskStatusUpdateEvent for task_id: e1830d5d-2b19-402c-b2fd-9b5885ea6da1
2025-09-20 12:04:55,051 - DEBUG - Updating task e1830d5d-2b19-402c-b2fd-9b5885ea6da1 status to: TaskState.failed
2025-09-20 12:04:55,051 - DEBUG - Saving task with id: e1830d5d-2b19-402c-b2fd-9b5885ea6da1
2025-09-20 12:04:55,051 - DEBUG - Task e1830d5d-2b19-402c-b2fd-9b5885ea6da1 saved successfully.
2025-09-20 12:04:55,051 - DEBUG - Start async tracer
2025-09-20 12:04:55,051 - DEBUG - chunk: b'data: {"id":"ef54091b-538c-4116-920d-8beb84c985cf","jsonrpc":"2.0","result":{"contextId":"5c578745-cceb-483f-9d9b-2af01f4fe7ba","final":true,"kind":"status-update","status":{"state":"failed","timestamp":"2025-09-20T05:04:55.045522+00:00"},"taskId":"e1830d5d-2b19-402c-b2fd-9b5885ea6da1"}}\r\n\r\n'
2025-09-20 12:04:55,051 - DEBUG - Start async tracer
2025-09-20 12:04:55,051 - DEBUG - Agent task callback triggered.
2025-09-20 12:04:55,051 - DEBUG - Start async tracer
2025-09-20 12:04:55,051 - DEBUG - Start async tracer
2025-09-20 12:04:55,051 - DEBUG - Closing EventQueue.
2025-09-20 12:04:55,051 - DEBUG - Got event: http.disconnect. Stop streaming.
2025-09-20 12:16:57,327 - DEBUG - Load embedding model sentence-transformers/paraphrase-multilingual-MiniLM-L12-v2
2025-09-20 12:16:57,329 - INFO - Use pytorch device_name: cpu
2025-09-20 12:16:57,329 - INFO - Load pretrained SentenceTransformer: paraphrase-multilingual-MiniLM-L12-v2
2025-09-20 12:16:57,329 - DEBUG - Starting new HTTPS connection (1): huggingface.co:443
2025-09-20 12:16:58,311 - DEBUG - https://huggingface.co:443 "HEAD /sentence-transformers/paraphrase-multilingual-MiniLM-L12-v2/resolve/main/modules.json HTTP/1.1" 307 0
2025-09-20 12:16:58,384 - DEBUG - https://huggingface.co:443 "HEAD /api/resolve-cache/models/sentence-transformers/paraphrase-multilingual-MiniLM-L12-v2/86741b4e3f5cb7765a600d3a3d55a0f6a6cb443d/modules.json HTTP/1.1" 200 0
2025-09-20 12:16:58,696 - DEBUG - https://huggingface.co:443 "HEAD /sentence-transformers/paraphrase-multilingual-MiniLM-L12-v2/resolve/main/config_sentence_transformers.json HTTP/1.1" 307 0
2025-09-20 12:16:58,756 - DEBUG - https://huggingface.co:443 "HEAD /api/resolve-cache/models/sentence-transformers/paraphrase-multilingual-MiniLM-L12-v2/86741b4e3f5cb7765a600d3a3d55a0f6a6cb443d/config_sentence_transformers.json HTTP/1.1" 200 0
2025-09-20 12:16:59,109 - DEBUG - https://huggingface.co:443 "HEAD /sentence-transformers/paraphrase-multilingual-MiniLM-L12-v2/resolve/main/config_sentence_transformers.json HTTP/1.1" 307 0
2025-09-20 12:16:59,279 - DEBUG - https://huggingface.co:443 "HEAD /api/resolve-cache/models/sentence-transformers/paraphrase-multilingual-MiniLM-L12-v2/86741b4e3f5cb7765a600d3a3d55a0f6a6cb443d/config_sentence_transformers.json HTTP/1.1" 200 0
2025-09-20 12:16:59,592 - DEBUG - https://huggingface.co:443 "HEAD /sentence-transformers/paraphrase-multilingual-MiniLM-L12-v2/resolve/main/README.md HTTP/1.1" 307 0
2025-09-20 12:16:59,663 - DEBUG - https://huggingface.co:443 "HEAD /api/resolve-cache/models/sentence-transformers/paraphrase-multilingual-MiniLM-L12-v2/86741b4e3f5cb7765a600d3a3d55a0f6a6cb443d/README.md HTTP/1.1" 200 0
2025-09-20 12:16:59,969 - DEBUG - https://huggingface.co:443 "HEAD /sentence-transformers/paraphrase-multilingual-MiniLM-L12-v2/resolve/main/modules.json HTTP/1.1" 307 0
2025-09-20 12:17:00,038 - DEBUG - https://huggingface.co:443 "HEAD /api/resolve-cache/models/sentence-transformers/paraphrase-multilingual-MiniLM-L12-v2/86741b4e3f5cb7765a600d3a3d55a0f6a6cb443d/modules.json HTTP/1.1" 200 0
2025-09-20 12:17:00,394 - DEBUG - https://huggingface.co:443 "HEAD /sentence-transformers/paraphrase-multilingual-MiniLM-L12-v2/resolve/main/sentence_bert_config.json HTTP/1.1" 307 0
2025-09-20 12:17:00,453 - DEBUG - https://huggingface.co:443 "HEAD /api/resolve-cache/models/sentence-transformers/paraphrase-multilingual-MiniLM-L12-v2/86741b4e3f5cb7765a600d3a3d55a0f6a6cb443d/sentence_bert_config.json HTTP/1.1" 200 0
2025-09-20 12:17:00,879 - DEBUG - https://huggingface.co:443 "HEAD /sentence-transformers/paraphrase-multilingual-MiniLM-L12-v2/resolve/main/adapter_config.json HTTP/1.1" 404 0
2025-09-20 12:17:01,189 - DEBUG - https://huggingface.co:443 "HEAD /sentence-transformers/paraphrase-multilingual-MiniLM-L12-v2/resolve/main/config.json HTTP/1.1" 307 0
2025-09-20 12:17:01,255 - DEBUG - https://huggingface.co:443 "HEAD /api/resolve-cache/models/sentence-transformers/paraphrase-multilingual-MiniLM-L12-v2/86741b4e3f5cb7765a600d3a3d55a0f6a6cb443d/config.json HTTP/1.1" 200 0
2025-09-20 12:17:01,720 - DEBUG - https://huggingface.co:443 "HEAD /sentence-transformers/paraphrase-multilingual-MiniLM-L12-v2/resolve/main/tokenizer_config.json HTTP/1.1" 307 0
2025-09-20 12:17:01,789 - DEBUG - https://huggingface.co:443 "HEAD /api/resolve-cache/models/sentence-transformers/paraphrase-multilingual-MiniLM-L12-v2/86741b4e3f5cb7765a600d3a3d55a0f6a6cb443d/tokenizer_config.json HTTP/1.1" 200 0
2025-09-20 12:17:02,194 - DEBUG - https://huggingface.co:443 "GET /api/models/sentence-transformers/paraphrase-multilingual-MiniLM-L12-v2/tree/main/additional_chat_templates?recursive=False&expand=False HTTP/1.1" 404 64
2025-09-20 12:17:03,414 - DEBUG - https://huggingface.co:443 "HEAD /sentence-transformers/paraphrase-multilingual-MiniLM-L12-v2/resolve/main/1_Pooling/config.json HTTP/1.1" 307 0
2025-09-20 12:17:03,478 - DEBUG - https://huggingface.co:443 "HEAD /api/resolve-cache/models/sentence-transformers/paraphrase-multilingual-MiniLM-L12-v2/86741b4e3f5cb7765a600d3a3d55a0f6a6cb443d/1_Pooling%2Fconfig.json HTTP/1.1" 200 0
2025-09-20 12:17:03,933 - DEBUG - https://huggingface.co:443 "GET /api/models/sentence-transformers/paraphrase-multilingual-MiniLM-L12-v2 HTTP/1.1" 200 6116
2025-09-20 12:17:03,958 - DEBUG - Index ready: 3 bệnh, 2 chuyên khoa, 3 gói
2025-09-20 12:17:04,402 - DEBUG - Using proactor: IocpProactor
2025-09-20 12:17:08,589 - DEBUG - Initializing InMemoryTaskStore
2025-09-20 12:17:55,908 - DEBUG - Start async tracer
2025-09-20 12:17:55,908 - DEBUG - TaskManager initialized with task_id: None, context_id: None
2025-09-20 12:17:55,908 - DEBUG - task_id is not set, cannot get task.
2025-09-20 12:17:55,908 - DEBUG - Start async tracer
2025-09-20 12:17:55,908 - DEBUG - EventQueue initialized.
2025-09-20 12:17:55,908 - DEBUG - Start async tracer
2025-09-20 12:17:55,908 - DEBUG - EventConsumer initialized
2025-09-20 12:17:55,912 - DEBUG - Starting to consume all events from the queue.
2025-09-20 12:17:55,913 - DEBUG - Start async tracer
2025-09-20 12:17:55,913 - DEBUG - Attempting to dequeue event (waiting).
2025-09-20 12:17:55,913 - DEBUG - Start async tracer
2025-09-20 12:17:55,913 - DEBUG - Start async tracer
2025-09-20 12:17:55,913 - DEBUG - Enqueuing event of type: <class 'a2a.types.TaskStatusUpdateEvent'>
2025-09-20 12:17:55,913 - DEBUG - Start async tracer
2025-09-20 12:17:55,913 - DEBUG - Enqueuing event of type: <class 'a2a.types.TaskStatusUpdateEvent'>
2025-09-20 12:17:55,913 - DEBUG - [CostAgentExecutor] wrapped_input: {'session_id': '4a94d92b-7e53-4dc2-b765-e87e9d26a46b', 'query': 'cho tôi các gói khám bệnh liên quan tới Xuất huyết tiêu hóa đi', 'final_response_parts': []}
2025-09-20 12:17:55,913 - DEBUG - [CostAgentExecutor] HumanMessage: content='cho tôi các gói khám bệnh liên quan tới Xuất huyết tiêu hóa đi' additional_kwargs={'session_id': '4a94d92b-7e53-4dc2-b765-e87e9d26a46b', 'final_response_parts': []} response_metadata={}
2025-09-20 12:17:55,937 - DEBUG - Dequeued event (waited) of type: <class 'a2a.types.TaskStatusUpdateEvent'>
2025-09-20 12:17:55,938 - DEBUG - Dequeued event of type: <class 'a2a.types.TaskStatusUpdateEvent'> in consume_all.
2025-09-20 12:17:55,939 - DEBUG - Marking task as done in EventQueue.
2025-09-20 12:17:55,939 - DEBUG - Marked task as done in event queue in consume_all
2025-09-20 12:17:55,939 - DEBUG - Processing save of task event of type TaskStatusUpdateEvent for task_id: 794d0f5e-27c1-4c02-ade8-d91dc517235c
2025-09-20 12:17:55,939 - DEBUG - Attempting to retrieve existing task with id: 794d0f5e-27c1-4c02-ade8-d91dc517235c
2025-09-20 12:17:55,939 - DEBUG - Attempting to get task with id: 794d0f5e-27c1-4c02-ade8-d91dc517235c
2025-09-20 12:17:55,939 - DEBUG - Task 794d0f5e-27c1-4c02-ade8-d91dc517235c not found in store.
2025-09-20 12:17:55,939 - INFO - Task not found or task_id not set. Creating new task for event (task_id: 794d0f5e-27c1-4c02-ade8-d91dc517235c, context_id: 4a94d92b-7e53-4dc2-b765-e87e9d26a46b).
2025-09-20 12:17:55,939 - DEBUG - Initializing new Task object with task_id: 794d0f5e-27c1-4c02-ade8-d91dc517235c, context_id: 4a94d92b-7e53-4dc2-b765-e87e9d26a46b
2025-09-20 12:17:55,941 - DEBUG - Saving task with id: 794d0f5e-27c1-4c02-ade8-d91dc517235c
2025-09-20 12:17:55,941 - DEBUG - Task 794d0f5e-27c1-4c02-ade8-d91dc517235c saved successfully.
2025-09-20 12:17:55,941 - DEBUG - Updating task 794d0f5e-27c1-4c02-ade8-d91dc517235c status to: TaskState.submitted
2025-09-20 12:17:55,941 - DEBUG - Saving task with id: 794d0f5e-27c1-4c02-ade8-d91dc517235c
2025-09-20 12:17:55,941 - DEBUG - Task 794d0f5e-27c1-4c02-ade8-d91dc517235c saved successfully.
2025-09-20 12:17:55,943 - DEBUG - Start async tracer
2025-09-20 12:17:55,943 - DEBUG - chunk: b'data: {"id":"51c06aac-cd44-4942-8b2c-721bd3ac7bd1","jsonrpc":"2.0","result":{"contextId":"4a94d92b-7e53-4dc2-b765-e87e9d26a46b","final":false,"kind":"status-update","status":{"state":"submitted","timestamp":"2025-09-20T05:17:55.913847+00:00"},"taskId":"794d0f5e-27c1-4c02-ade8-d91dc517235c"}}\r\n\r\n'
2025-09-20 12:17:55,945 - DEBUG - Start async tracer
2025-09-20 12:17:55,945 - DEBUG - Attempting to dequeue event (waiting).
2025-09-20 12:17:55,945 - DEBUG - Dequeued event (waited) of type: <class 'a2a.types.TaskStatusUpdateEvent'>
2025-09-20 12:17:55,945 - DEBUG - Dequeued event of type: <class 'a2a.types.TaskStatusUpdateEvent'> in consume_all.
2025-09-20 12:17:55,945 - DEBUG - Marking task as done in EventQueue.
2025-09-20 12:17:55,945 - DEBUG - Marked task as done in event queue in consume_all
2025-09-20 12:17:55,945 - DEBUG - Processing save of task event of type TaskStatusUpdateEvent for task_id: 794d0f5e-27c1-4c02-ade8-d91dc517235c
2025-09-20 12:17:55,945 - DEBUG - Updating task 794d0f5e-27c1-4c02-ade8-d91dc517235c status to: TaskState.working
2025-09-20 12:17:55,945 - DEBUG - Saving task with id: 794d0f5e-27c1-4c02-ade8-d91dc517235c
2025-09-20 12:17:55,945 - DEBUG - Task 794d0f5e-27c1-4c02-ade8-d91dc517235c saved successfully.
2025-09-20 12:17:55,945 - DEBUG - Start async tracer
2025-09-20 12:17:55,948 - DEBUG - chunk: b'data: {"id":"51c06aac-cd44-4942-8b2c-721bd3ac7bd1","jsonrpc":"2.0","result":{"contextId":"4a94d92b-7e53-4dc2-b765-e87e9d26a46b","final":false,"kind":"status-update","status":{"state":"working","timestamp":"2025-09-20T05:17:55.913847+00:00"},"taskId":"794d0f5e-27c1-4c02-ade8-d91dc517235c"}}\r\n\r\n'
2025-09-20 12:17:55,948 - DEBUG - Start async tracer
2025-09-20 12:17:55,948 - DEBUG - Attempting to dequeue event (waiting).
2025-09-20 12:17:55,948 - DEBUG - [CostAgent] received chunk keys: ['input']
2025-09-20 12:17:55,948 - DEBUG - [CostAgent] received chunk keys: ['input']
2025-09-20 12:17:55,958 - DEBUG - [CostAgent] received chunk keys: ['input']
2025-09-20 12:17:55,983 - DEBUG - [CostAgent] received chunk keys: ['input']
2025-09-20 12:17:55,984 - DEBUG - [CostAgent] received chunk keys: ['input']
2025-09-20 12:17:55,984 - DEBUG - [CostAgent] received chunk keys: ['input', 'output']
2025-09-20 12:17:55,984 - DEBUG - [CostAgent] received chunk keys: ['input']
2025-09-20 12:17:55,988 - DEBUG - Using AsyncIOEngine.POLLER as I/O engine
2025-09-20 12:17:56,449 - DEBUG - CancelledError in span a2a.server.events.event_queue.EventQueue.dequeue_event
2025-09-20 12:17:56,449 - DEBUG - Start async tracer
2025-09-20 12:17:56,451 - DEBUG - Attempting to dequeue event (waiting).
2025-09-20 12:17:56,950 - DEBUG - CancelledError in span a2a.server.events.event_queue.EventQueue.dequeue_event
2025-09-20 12:17:56,951 - DEBUG - Start async tracer
2025-09-20 12:17:56,951 - DEBUG - Attempting to dequeue event (waiting).
2025-09-20 12:17:57,447 - DEBUG - CancelledError in span a2a.server.events.event_queue.EventQueue.dequeue_event
2025-09-20 12:17:57,447 - DEBUG - Start async tracer
2025-09-20 12:17:57,447 - DEBUG - Attempting to dequeue event (waiting).
2025-09-20 12:17:57,949 - DEBUG - CancelledError in span a2a.server.events.event_queue.EventQueue.dequeue_event
2025-09-20 12:17:57,949 - DEBUG - Start async tracer
2025-09-20 12:17:57,951 - DEBUG - Attempting to dequeue event (waiting).
2025-09-20 12:17:58,035 - DEBUG - [CostAgent] received chunk keys: ['chunk']
2025-09-20 12:17:58,038 - DEBUG - [CostAgent] received chunk keys: ['input', 'output']
2025-09-20 12:17:58,038 - DEBUG - [CostAgent] received chunk keys: ['input', 'output']
2025-09-20 12:17:58,038 - DEBUG - [CostAgent] received chunk keys: ['input', 'output']
2025-09-20 12:17:58,049 - DEBUG - [CostAgent] received chunk keys: ['input']
2025-09-20 12:17:58,052 - DEBUG - [CostAgent] received chunk keys: ['input', 'output']
2025-09-20 12:17:58,052 - DEBUG - [CostAgent] received chunk keys: ['chunk']
2025-09-20 12:17:58,052 - DEBUG - [CostAgent] received chunk keys: ['input', 'output']
2025-09-20 12:17:58,058 - DEBUG - [CostAgent] received chunk keys: ['chunk']
2025-09-20 12:17:58,060 - DEBUG - [CostAgent] received chunk keys: ['input']
2025-09-20 12:17:58,066 - DEBUG - [CostAgent] received chunk keys: ['input']
2025-09-20 12:17:58,071 - DEBUG - [CostAgent] received chunk keys: ['input', 'output']
2025-09-20 12:17:58,073 - DEBUG - [CostAgent] received chunk keys: ['chunk']
2025-09-20 12:17:58,073 - DEBUG - [CostAgent] received chunk keys: ['input', 'output']
2025-09-20 12:17:58,080 - DEBUG - [CostAgent] received chunk keys: ['chunk']
2025-09-20 12:17:58,082 - DEBUG - [CostAgent] received chunk keys: ['input']
2025-09-20 12:17:58,082 - DEBUG - [CostAgent] received chunk keys: ['input']
2025-09-20 12:17:58,088 - DEBUG - [CostAgent] received chunk keys: ['input']
2025-09-20 12:17:58,092 - DEBUG - [CostAgent] received chunk keys: ['input']
2025-09-20 12:17:58,093 - DEBUG - [CostAgent] received chunk keys: ['input', 'output']
2025-09-20 12:17:58,096 - DEBUG - [CostAgent] received chunk keys: ['input']
2025-09-20 12:17:58,449 - DEBUG - CancelledError in span a2a.server.events.event_queue.EventQueue.dequeue_event
2025-09-20 12:17:58,449 - DEBUG - Start async tracer
2025-09-20 12:17:58,449 - DEBUG - Attempting to dequeue event (waiting).
2025-09-20 12:17:58,962 - DEBUG - CancelledError in span a2a.server.events.event_queue.EventQueue.dequeue_event
2025-09-20 12:17:58,962 - DEBUG - Start async tracer
2025-09-20 12:17:58,962 - DEBUG - Attempting to dequeue event (waiting).
2025-09-20 12:17:59,132 - DEBUG - [CostAgent] received chunk keys: ['chunk']
2025-09-20 12:17:59,134 - DEBUG - [CostAgent] received chunk keys: ['chunk']
2025-09-20 12:17:59,140 - DEBUG - [CostAgent] received chunk keys: ['chunk']
2025-09-20 12:17:59,465 - DEBUG - CancelledError in span a2a.server.events.event_queue.EventQueue.dequeue_event
2025-09-20 12:17:59,465 - DEBUG - Start async tracer
2025-09-20 12:17:59,465 - DEBUG - Attempting to dequeue event (waiting).
2025-09-20 12:17:59,564 - DEBUG - [CostAgent] received chunk keys: ['chunk']
2025-09-20 12:17:59,569 - DEBUG - [CostAgent] received chunk keys: ['input', 'output']
2025-09-20 12:17:59,569 - DEBUG - [CostAgent] received chunk keys: ['input', 'output']
2025-09-20 12:17:59,574 - DEBUG - [CostAgent] received chunk keys: ['input', 'output']
2025-09-20 12:17:59,574 - DEBUG - [CostAgent] received chunk keys: ['input']
2025-09-20 12:17:59,578 - DEBUG - [CostAgent] received chunk keys: ['input', 'output']
2025-09-20 12:17:59,582 - DEBUG - [CostAgent] received chunk keys: ['chunk']
2025-09-20 12:17:59,584 - DEBUG - [CostAgent] received chunk keys: ['input', 'output']
2025-09-20 12:17:59,588 - DEBUG - [CostAgent] received chunk keys: ['chunk']
2025-09-20 12:17:59,588 - DEBUG - [CostAgent] received chunk keys: ['input']
2025-09-20 12:17:59,588 - DEBUG - [CostAgent] received chunk keys: ['input']
2025-09-20 12:17:59,588 - DEBUG - cost_tool_rag called
2025-09-20 12:17:59,601 - DEBUG - Lưu history cho session None
2025-09-20 12:17:59,601 - DEBUG - cost_tool_rag completed
2025-09-20 12:17:59,609 - DEBUG - [CostAgent] received chunk keys: ['input', 'output']
2025-09-20 12:17:59,612 - DEBUG - [CostAgent] received chunk keys: ['chunk']
2025-09-20 12:17:59,612 - DEBUG - [CostAgent] received chunk keys: ['input', 'output']
2025-09-20 12:17:59,619 - DEBUG - [CostAgent] received chunk keys: ['chunk']
2025-09-20 12:17:59,623 - DEBUG - [CostAgent] received chunk keys: ['input']
2025-09-20 12:17:59,623 - DEBUG - [CostAgent] received chunk keys: ['input']
2025-09-20 12:17:59,632 - DEBUG - [CostAgent] received chunk keys: ['input']
2025-09-20 12:17:59,636 - DEBUG - [CostAgent] received chunk keys: ['input']
2025-09-20 12:17:59,638 - DEBUG - [CostAgent] received chunk keys: ['input', 'output']
2025-09-20 12:17:59,638 - DEBUG - [CostAgent] received chunk keys: ['input']
2025-09-20 12:17:59,966 - DEBUG - CancelledError in span a2a.server.events.event_queue.EventQueue.dequeue_event
2025-09-20 12:17:59,966 - DEBUG - Start async tracer
2025-09-20 12:17:59,966 - DEBUG - Attempting to dequeue event (waiting).
2025-09-20 12:18:00,409 - DEBUG - [CostAgent] received chunk keys: ['chunk']
2025-09-20 12:18:00,470 - DEBUG - [CostAgent] received chunk keys: ['chunk']
2025-09-20 12:18:00,474 - DEBUG - CancelledError in span a2a.server.events.event_queue.EventQueue.dequeue_event
2025-09-20 12:18:00,474 - DEBUG - Start async tracer
2025-09-20 12:18:00,474 - DEBUG - Attempting to dequeue event (waiting).
2025-09-20 12:18:00,728 - DEBUG - [CostAgent] received chunk keys: ['chunk']
2025-09-20 12:18:00,750 - DEBUG - [CostAgent] received chunk keys: ['input', 'output']
2025-09-20 12:18:00,762 - DEBUG - [CostAgent] received chunk keys: ['input', 'output']
2025-09-20 12:18:00,778 - DEBUG - [CostAgent] received chunk keys: ['input', 'output']
2025-09-20 12:18:00,794 - DEBUG - [CostAgent] received chunk keys: ['input']
2025-09-20 12:18:00,808 - DEBUG - [CostAgent] received chunk keys: ['input', 'output']
2025-09-20 12:18:00,824 - DEBUG - [CostAgent] received chunk keys: ['chunk']
2025-09-20 12:18:00,838 - DEBUG - [CostAgent] received chunk keys: ['input', 'output']
2025-09-20 12:18:00,859 - DEBUG - [CostAgent] received chunk keys: ['chunk']
2025-09-20 12:18:00,872 - DEBUG - [CostAgent] received chunk keys: ['input']
2025-09-20 12:18:00,888 - DEBUG - [CostAgent] received chunk keys: ['input']
2025-09-20 12:18:00,909 - DEBUG - [CostAgent] received chunk keys: ['input']
2025-09-20 12:18:00,917 - DEBUG - [CostAgent] received chunk keys: ['input']
2025-09-20 12:18:00,978 - DEBUG - CancelledError in span a2a.server.events.event_queue.EventQueue.dequeue_event
2025-09-20 12:18:00,979 - DEBUG - Start async tracer
2025-09-20 12:18:00,979 - DEBUG - Attempting to dequeue event (waiting).
2025-09-20 12:18:01,489 - DEBUG - CancelledError in span a2a.server.events.event_queue.EventQueue.dequeue_event
2025-09-20 12:18:01,489 - DEBUG - Start async tracer
2025-09-20 12:18:01,489 - DEBUG - Attempting to dequeue event (waiting).
2025-09-20 12:18:01,998 - DEBUG - CancelledError in span a2a.server.events.event_queue.EventQueue.dequeue_event
2025-09-20 12:18:01,998 - DEBUG - Start async tracer
2025-09-20 12:18:01,998 - DEBUG - Attempting to dequeue event (waiting).
2025-09-20 12:18:02,134 - DEBUG - [CostAgent] received chunk keys: ['chunk']
2025-09-20 12:18:02,158 - DEBUG - [CostAgent] received chunk keys: ['input', 'output']
2025-09-20 12:18:02,190 - DEBUG - [CostAgent] received chunk keys: ['input']
2025-09-20 12:18:02,208 - DEBUG - [CostAgent] received chunk keys: ['input', 'output']
2025-09-20 12:18:02,238 - DEBUG - [CostAgent] received chunk keys: ['input', 'output']
2025-09-20 12:18:02,258 - DEBUG - [CostAgent] received chunk keys: ['input', 'output']
2025-09-20 12:18:02,273 - DEBUG - [CostAgent] received chunk keys: ['chunk']
2025-09-20 12:18:02,283 - DEBUG - [CostAgent] received chunk keys: ['input', 'output']
2025-09-20 12:18:02,292 - DEBUG - [CostAgent] received chunk keys: ['chunk']
2025-09-20 12:18:02,292 - DEBUG - [CostAgent] received chunk keys: ['output']
2025-09-20 12:18:02,295 - ERROR - Error getting response from state: string indices must be integers, not 'str'
2025-09-20 12:18:02,295 - DEBUG - [CostAgentExecutor] raw event from agent: {'content': '', 'is_task_complete': True, 'require_user_input': False, 'status': 'error', 'data': None}
2025-09-20 12:18:02,295 - DEBUG - Start async tracer
2025-09-20 12:18:02,295 - DEBUG - Enqueuing event of type: <class 'a2a.types.TaskStatusUpdateEvent'>
2025-09-20 12:18:02,295 - ERROR - CostAgentExecutor error: new_text_artifact() missing 1 required positional argument: 'text'
Traceback (most recent call last):
  File "D:\DEMO CHAT BOT\agents\cost_agent\agent_executor.py", line 77, in execute
    await updater.add_artifact([new_text_artifact(last_event["content"])])
                                ^^^^^^^^^^^^^^^^^^^^^^^^^^^^^^^^^^^^^^^^
TypeError: new_text_artifact() missing 1 required positional argument: 'text'
2025-09-20 12:18:02,298 - DEBUG - Start async tracer
2025-09-20 12:18:02,298 - DEBUG - Enqueuing event of type: <class 'a2a.types.TaskStatusUpdateEvent'>
2025-09-20 12:18:02,298 - DEBUG - Start async tracer
2025-09-20 12:18:02,298 - DEBUG - Closing EventQueue.
2025-09-20 12:18:02,298 - DEBUG - Dequeued event (waited) of type: <class 'a2a.types.TaskStatusUpdateEvent'>
2025-09-20 12:18:02,298 - DEBUG - Dequeued event of type: <class 'a2a.types.TaskStatusUpdateEvent'> in consume_all.
2025-09-20 12:18:02,298 - DEBUG - Marking task as done in EventQueue.
2025-09-20 12:18:02,298 - DEBUG - Marked task as done in event queue in consume_all
2025-09-20 12:18:02,298 - DEBUG - Processing save of task event of type TaskStatusUpdateEvent for task_id: 794d0f5e-27c1-4c02-ade8-d91dc517235c
2025-09-20 12:18:02,298 - DEBUG - Updating task 794d0f5e-27c1-4c02-ade8-d91dc517235c status to: TaskState.working
2025-09-20 12:18:02,298 - DEBUG - Saving task with id: 794d0f5e-27c1-4c02-ade8-d91dc517235c
2025-09-20 12:18:02,298 - DEBUG - Task 794d0f5e-27c1-4c02-ade8-d91dc517235c saved successfully.
2025-09-20 12:18:02,298 - DEBUG - Start async tracer
2025-09-20 12:18:02,298 - DEBUG - chunk: b'data: {"id":"51c06aac-cd44-4942-8b2c-721bd3ac7bd1","jsonrpc":"2.0","result":{"contextId":"4a94d92b-7e53-4dc2-b765-e87e9d26a46b","final":false,"kind":"status-update","status":{"message":{"kind":"message","messageId":"a272842a-34eb-4a2d-a628-0139d36565a4","parts":[{"kind":"text","text":""}],"role":"agent"},"state":"working","timestamp":"2025-09-20T05:18:02.295688+00:00"},"taskId":"794d0f5e-27c1-4c02-ade8-d91dc517235c"}}\r\n\r\n'
2025-09-20 12:18:02,298 - DEBUG - Start async tracer
2025-09-20 12:18:02,298 - DEBUG - Attempting to dequeue event (waiting).
2025-09-20 12:18:02,298 - DEBUG - Dequeued event (waited) of type: <class 'a2a.types.TaskStatusUpdateEvent'>
2025-09-20 12:18:02,298 - DEBUG - Dequeued event of type: <class 'a2a.types.TaskStatusUpdateEvent'> in consume_all.
2025-09-20 12:18:02,298 - DEBUG - Marking task as done in EventQueue.
2025-09-20 12:18:02,298 - DEBUG - Marked task as done in event queue in consume_all
2025-09-20 12:18:02,298 - DEBUG - Stopping event consumption in consume_all.
2025-09-20 12:18:02,298 - DEBUG - Start async tracer
2025-09-20 12:18:02,298 - DEBUG - Closing EventQueue.
2025-09-20 12:18:02,308 - DEBUG - Processing save of task event of type TaskStatusUpdateEvent for task_id: 794d0f5e-27c1-4c02-ade8-d91dc517235c
2025-09-20 12:18:02,308 - DEBUG - Updating task 794d0f5e-27c1-4c02-ade8-d91dc517235c status to: TaskState.failed
2025-09-20 12:18:02,308 - DEBUG - Saving task with id: 794d0f5e-27c1-4c02-ade8-d91dc517235c
2025-09-20 12:18:02,308 - DEBUG - Task 794d0f5e-27c1-4c02-ade8-d91dc517235c saved successfully.
2025-09-20 12:18:02,308 - DEBUG - Start async tracer
2025-09-20 12:18:02,308 - DEBUG - chunk: b'data: {"id":"51c06aac-cd44-4942-8b2c-721bd3ac7bd1","jsonrpc":"2.0","result":{"contextId":"4a94d92b-7e53-4dc2-b765-e87e9d26a46b","final":true,"kind":"status-update","status":{"state":"failed","timestamp":"2025-09-20T05:18:02.295688+00:00"},"taskId":"794d0f5e-27c1-4c02-ade8-d91dc517235c"}}\r\n\r\n'
2025-09-20 12:18:02,308 - DEBUG - Start async tracer
2025-09-20 12:18:02,311 - DEBUG - Agent task callback triggered.
2025-09-20 12:18:02,311 - DEBUG - Start async tracer
2025-09-20 12:18:02,311 - DEBUG - Start async tracer
2025-09-20 12:18:02,311 - DEBUG - Closing EventQueue.
2025-09-20 12:18:02,311 - DEBUG - Got event: http.disconnect. Stop streaming.
2025-09-20 18:10:16,163 - DEBUG - Load embedding model sentence-transformers/paraphrase-multilingual-MiniLM-L12-v2
2025-09-20 18:10:16,163 - INFO - Use pytorch device_name: cpu
2025-09-20 18:10:16,170 - INFO - Load pretrained SentenceTransformer: paraphrase-multilingual-MiniLM-L12-v2
2025-09-20 18:10:16,170 - DEBUG - Starting new HTTPS connection (1): huggingface.co:443
2025-09-20 18:10:16,581 - DEBUG - https://huggingface.co:443 "HEAD /sentence-transformers/paraphrase-multilingual-MiniLM-L12-v2/resolve/main/modules.json HTTP/1.1" 307 0
2025-09-20 18:10:16,620 - DEBUG - https://huggingface.co:443 "HEAD /api/resolve-cache/models/sentence-transformers/paraphrase-multilingual-MiniLM-L12-v2/86741b4e3f5cb7765a600d3a3d55a0f6a6cb443d/modules.json HTTP/1.1" 200 0
2025-09-20 18:10:16,891 - DEBUG - https://huggingface.co:443 "HEAD /sentence-transformers/paraphrase-multilingual-MiniLM-L12-v2/resolve/main/config_sentence_transformers.json HTTP/1.1" 307 0
2025-09-20 18:10:16,934 - DEBUG - https://huggingface.co:443 "HEAD /api/resolve-cache/models/sentence-transformers/paraphrase-multilingual-MiniLM-L12-v2/86741b4e3f5cb7765a600d3a3d55a0f6a6cb443d/config_sentence_transformers.json HTTP/1.1" 200 0
2025-09-20 18:10:17,197 - DEBUG - https://huggingface.co:443 "HEAD /sentence-transformers/paraphrase-multilingual-MiniLM-L12-v2/resolve/main/config_sentence_transformers.json HTTP/1.1" 307 0
2025-09-20 18:10:17,241 - DEBUG - https://huggingface.co:443 "HEAD /api/resolve-cache/models/sentence-transformers/paraphrase-multilingual-MiniLM-L12-v2/86741b4e3f5cb7765a600d3a3d55a0f6a6cb443d/config_sentence_transformers.json HTTP/1.1" 200 0
2025-09-20 18:10:17,904 - DEBUG - https://huggingface.co:443 "HEAD /sentence-transformers/paraphrase-multilingual-MiniLM-L12-v2/resolve/main/README.md HTTP/1.1" 307 0
2025-09-20 18:10:17,951 - DEBUG - https://huggingface.co:443 "HEAD /api/resolve-cache/models/sentence-transformers/paraphrase-multilingual-MiniLM-L12-v2/86741b4e3f5cb7765a600d3a3d55a0f6a6cb443d/README.md HTTP/1.1" 200 0
2025-09-20 18:10:18,211 - DEBUG - https://huggingface.co:443 "HEAD /sentence-transformers/paraphrase-multilingual-MiniLM-L12-v2/resolve/main/modules.json HTTP/1.1" 307 0
2025-09-20 18:10:18,255 - DEBUG - https://huggingface.co:443 "HEAD /api/resolve-cache/models/sentence-transformers/paraphrase-multilingual-MiniLM-L12-v2/86741b4e3f5cb7765a600d3a3d55a0f6a6cb443d/modules.json HTTP/1.1" 200 0
2025-09-20 18:10:18,526 - DEBUG - https://huggingface.co:443 "HEAD /sentence-transformers/paraphrase-multilingual-MiniLM-L12-v2/resolve/main/sentence_bert_config.json HTTP/1.1" 307 0
2025-09-20 18:10:18,561 - DEBUG - https://huggingface.co:443 "HEAD /api/resolve-cache/models/sentence-transformers/paraphrase-multilingual-MiniLM-L12-v2/86741b4e3f5cb7765a600d3a3d55a0f6a6cb443d/sentence_bert_config.json HTTP/1.1" 200 0
2025-09-20 18:10:18,821 - DEBUG - https://huggingface.co:443 "HEAD /sentence-transformers/paraphrase-multilingual-MiniLM-L12-v2/resolve/main/adapter_config.json HTTP/1.1" 404 0
2025-09-20 18:10:19,092 - DEBUG - https://huggingface.co:443 "HEAD /sentence-transformers/paraphrase-multilingual-MiniLM-L12-v2/resolve/main/config.json HTTP/1.1" 307 0
2025-09-20 18:10:19,137 - DEBUG - https://huggingface.co:443 "HEAD /api/resolve-cache/models/sentence-transformers/paraphrase-multilingual-MiniLM-L12-v2/86741b4e3f5cb7765a600d3a3d55a0f6a6cb443d/config.json HTTP/1.1" 200 0
2025-09-20 18:10:19,571 - DEBUG - https://huggingface.co:443 "HEAD /sentence-transformers/paraphrase-multilingual-MiniLM-L12-v2/resolve/main/tokenizer_config.json HTTP/1.1" 307 0
2025-09-20 18:10:19,611 - DEBUG - https://huggingface.co:443 "HEAD /api/resolve-cache/models/sentence-transformers/paraphrase-multilingual-MiniLM-L12-v2/86741b4e3f5cb7765a600d3a3d55a0f6a6cb443d/tokenizer_config.json HTTP/1.1" 200 0
2025-09-20 18:10:19,881 - DEBUG - https://huggingface.co:443 "GET /api/models/sentence-transformers/paraphrase-multilingual-MiniLM-L12-v2/tree/main/additional_chat_templates?recursive=False&expand=False HTTP/1.1" 404 64
2025-09-20 18:10:20,861 - DEBUG - https://huggingface.co:443 "HEAD /sentence-transformers/paraphrase-multilingual-MiniLM-L12-v2/resolve/main/1_Pooling/config.json HTTP/1.1" 307 0
2025-09-20 18:10:20,911 - DEBUG - https://huggingface.co:443 "HEAD /api/resolve-cache/models/sentence-transformers/paraphrase-multilingual-MiniLM-L12-v2/86741b4e3f5cb7765a600d3a3d55a0f6a6cb443d/1_Pooling%2Fconfig.json HTTP/1.1" 200 0
2025-09-20 18:10:21,171 - DEBUG - https://huggingface.co:443 "GET /api/models/sentence-transformers/paraphrase-multilingual-MiniLM-L12-v2 HTTP/1.1" 200 6119
2025-09-20 18:10:21,191 - DEBUG - Index ready: 3 bệnh, 2 chuyên khoa, 3 gói
2025-09-20 18:10:21,451 - DEBUG - Using proactor: IocpProactor
2025-09-20 18:10:24,401 - DEBUG - Initializing InMemoryTaskStore
2025-09-20 18:11:33,894 - DEBUG - Start async tracer
2025-09-20 18:11:33,895 - DEBUG - TaskManager initialized with task_id: None, context_id: None
2025-09-20 18:11:33,895 - DEBUG - task_id is not set, cannot get task.
2025-09-20 18:11:33,896 - DEBUG - Start async tracer
2025-09-20 18:11:33,896 - DEBUG - EventQueue initialized.
2025-09-20 18:11:33,896 - DEBUG - Start async tracer
2025-09-20 18:11:33,896 - DEBUG - EventConsumer initialized
2025-09-20 18:11:33,896 - DEBUG - Starting to consume all events from the queue.
2025-09-20 18:11:33,896 - DEBUG - Start async tracer
2025-09-20 18:11:33,897 - DEBUG - Attempting to dequeue event (waiting).
2025-09-20 18:11:33,897 - DEBUG - Start async tracer
2025-09-20 18:11:33,897 - DEBUG - Start async tracer
2025-09-20 18:11:33,898 - DEBUG - Enqueuing event of type: <class 'a2a.types.TaskStatusUpdateEvent'>
2025-09-20 18:11:33,898 - DEBUG - Start async tracer
2025-09-20 18:11:33,898 - DEBUG - Enqueuing event of type: <class 'a2a.types.TaskStatusUpdateEvent'>
2025-09-20 18:11:33,898 - DEBUG - [CostAgentExecutor] wrapped_input: {'session_id': 'edcc258e-ba24-40d9-81e2-680a855f911f', 'query': 'cho tôi các gói khám bệnh liên quan tới Xuất huyết tiêu hóa đi', 'final_response_parts': []}
2025-09-20 18:11:33,898 - DEBUG - [CostAgentExecutor] HumanMessage: content='cho tôi các gói khám bệnh liên quan tới Xuất huyết tiêu hóa đi' additional_kwargs={'session_id': 'edcc258e-ba24-40d9-81e2-680a855f911f', 'final_response_parts': []} response_metadata={}
2025-09-20 18:11:33,917 - DEBUG - Dequeued event (waited) of type: <class 'a2a.types.TaskStatusUpdateEvent'>
2025-09-20 18:11:33,917 - DEBUG - Dequeued event of type: <class 'a2a.types.TaskStatusUpdateEvent'> in consume_all.
2025-09-20 18:11:33,917 - DEBUG - Marking task as done in EventQueue.
2025-09-20 18:11:33,917 - DEBUG - Marked task as done in event queue in consume_all
2025-09-20 18:11:33,917 - DEBUG - Processing save of task event of type TaskStatusUpdateEvent for task_id: 0a8c5f10-137e-4d95-b901-332f7f8f90a2
2025-09-20 18:11:33,917 - DEBUG - Attempting to retrieve existing task with id: 0a8c5f10-137e-4d95-b901-332f7f8f90a2
2025-09-20 18:11:33,920 - DEBUG - Attempting to get task with id: 0a8c5f10-137e-4d95-b901-332f7f8f90a2
2025-09-20 18:11:33,920 - DEBUG - Task 0a8c5f10-137e-4d95-b901-332f7f8f90a2 not found in store.
2025-09-20 18:11:33,920 - INFO - Task not found or task_id not set. Creating new task for event (task_id: 0a8c5f10-137e-4d95-b901-332f7f8f90a2, context_id: edcc258e-ba24-40d9-81e2-680a855f911f).
2025-09-20 18:11:33,920 - DEBUG - Initializing new Task object with task_id: 0a8c5f10-137e-4d95-b901-332f7f8f90a2, context_id: edcc258e-ba24-40d9-81e2-680a855f911f
2025-09-20 18:11:33,920 - DEBUG - Saving task with id: 0a8c5f10-137e-4d95-b901-332f7f8f90a2
2025-09-20 18:11:33,920 - DEBUG - Task 0a8c5f10-137e-4d95-b901-332f7f8f90a2 saved successfully.
2025-09-20 18:11:33,920 - DEBUG - Updating task 0a8c5f10-137e-4d95-b901-332f7f8f90a2 status to: TaskState.submitted
2025-09-20 18:11:33,922 - DEBUG - Saving task with id: 0a8c5f10-137e-4d95-b901-332f7f8f90a2
2025-09-20 18:11:33,922 - DEBUG - Task 0a8c5f10-137e-4d95-b901-332f7f8f90a2 saved successfully.
2025-09-20 18:11:33,922 - DEBUG - Start async tracer
2025-09-20 18:11:33,924 - DEBUG - chunk: b'data: {"id":"8ffbe34a-ce7e-475a-832d-3d1a7c1710dd","jsonrpc":"2.0","result":{"contextId":"edcc258e-ba24-40d9-81e2-680a855f911f","final":false,"kind":"status-update","status":{"state":"submitted","timestamp":"2025-09-20T11:11:33.897673+00:00"},"taskId":"0a8c5f10-137e-4d95-b901-332f7f8f90a2"}}\r\n\r\n'
2025-09-20 18:11:33,924 - DEBUG - Start async tracer
2025-09-20 18:11:33,924 - DEBUG - Attempting to dequeue event (waiting).
2025-09-20 18:11:33,924 - DEBUG - Dequeued event (waited) of type: <class 'a2a.types.TaskStatusUpdateEvent'>
2025-09-20 18:11:33,924 - DEBUG - Dequeued event of type: <class 'a2a.types.TaskStatusUpdateEvent'> in consume_all.
2025-09-20 18:11:33,924 - DEBUG - Marking task as done in EventQueue.
2025-09-20 18:11:33,924 - DEBUG - Marked task as done in event queue in consume_all
2025-09-20 18:11:33,924 - DEBUG - Processing save of task event of type TaskStatusUpdateEvent for task_id: 0a8c5f10-137e-4d95-b901-332f7f8f90a2
2025-09-20 18:11:33,924 - DEBUG - Updating task 0a8c5f10-137e-4d95-b901-332f7f8f90a2 status to: TaskState.working
2025-09-20 18:11:33,924 - DEBUG - Saving task with id: 0a8c5f10-137e-4d95-b901-332f7f8f90a2
2025-09-20 18:11:33,924 - DEBUG - Task 0a8c5f10-137e-4d95-b901-332f7f8f90a2 saved successfully.
2025-09-20 18:11:33,924 - DEBUG - Start async tracer
2025-09-20 18:11:33,924 - DEBUG - chunk: b'data: {"id":"8ffbe34a-ce7e-475a-832d-3d1a7c1710dd","jsonrpc":"2.0","result":{"contextId":"edcc258e-ba24-40d9-81e2-680a855f911f","final":false,"kind":"status-update","status":{"state":"working","timestamp":"2025-09-20T11:11:33.898126+00:00"},"taskId":"0a8c5f10-137e-4d95-b901-332f7f8f90a2"}}\r\n\r\n'
2025-09-20 18:11:33,924 - DEBUG - Start async tracer
2025-09-20 18:11:33,924 - DEBUG - Attempting to dequeue event (waiting).
2025-09-20 18:11:33,931 - DEBUG - [CostAgent] received chunk keys: ['input']
2025-09-20 18:11:33,931 - DEBUG - [CostAgent] received chunk keys: ['input']
2025-09-20 18:11:33,934 - DEBUG - [CostAgent] received chunk keys: ['input']
2025-09-20 18:11:33,943 - DEBUG - [CostAgent] received chunk keys: ['input']
2025-09-20 18:11:33,944 - DEBUG - [CostAgent] received chunk keys: ['input']
2025-09-20 18:11:33,944 - DEBUG - [CostAgent] received chunk keys: ['input', 'output']
2025-09-20 18:11:33,944 - DEBUG - [CostAgent] received chunk keys: ['input']
2025-09-20 18:11:33,950 - DEBUG - Using AsyncIOEngine.POLLER as I/O engine
2025-09-20 18:11:34,441 - DEBUG - CancelledError in span a2a.server.events.event_queue.EventQueue.dequeue_event
2025-09-20 18:11:34,441 - DEBUG - Start async tracer
2025-09-20 18:11:34,441 - DEBUG - Attempting to dequeue event (waiting).
2025-09-20 18:11:34,936 - DEBUG - CancelledError in span a2a.server.events.event_queue.EventQueue.dequeue_event
2025-09-20 18:11:34,936 - DEBUG - Start async tracer
2025-09-20 18:11:34,937 - DEBUG - Attempting to dequeue event (waiting).
2025-09-20 18:11:35,444 - DEBUG - CancelledError in span a2a.server.events.event_queue.EventQueue.dequeue_event
2025-09-20 18:11:35,444 - DEBUG - Start async tracer
2025-09-20 18:11:35,444 - DEBUG - Attempting to dequeue event (waiting).
2025-09-20 18:11:35,653 - DEBUG - [CostAgent] received chunk keys: ['chunk']
2025-09-20 18:11:35,658 - DEBUG - [CostAgent] received chunk keys: ['input', 'output']
2025-09-20 18:11:35,660 - DEBUG - [CostAgent] received chunk keys: ['input', 'output']
2025-09-20 18:11:35,661 - DEBUG - [CostAgent] received chunk keys: ['input', 'output']
2025-09-20 18:11:35,661 - DEBUG - [CostAgent] received chunk keys: ['input']
2025-09-20 18:11:35,661 - DEBUG - [CostAgent] received chunk keys: ['input', 'output']
2025-09-20 18:11:35,661 - DEBUG - [CostAgent] received chunk keys: ['chunk']
2025-09-20 18:11:35,665 - DEBUG - [CostAgent] received chunk keys: ['input', 'output']
2025-09-20 18:11:35,667 - DEBUG - [CostAgent] received chunk keys: ['chunk']
2025-09-20 18:11:35,667 - DEBUG - [CostAgent] received chunk keys: ['input']
2025-09-20 18:11:35,670 - DEBUG - [CostAgent] received chunk keys: ['input']
2025-09-20 18:11:35,673 - DEBUG - [CostAgent] received chunk keys: ['input', 'output']
2025-09-20 18:11:35,673 - DEBUG - [CostAgent] received chunk keys: ['chunk']
2025-09-20 18:11:35,673 - DEBUG - [CostAgent] received chunk keys: ['input', 'output']
2025-09-20 18:11:35,673 - DEBUG - [CostAgent] received chunk keys: ['chunk']
2025-09-20 18:11:35,679 - DEBUG - [CostAgent] received chunk keys: ['input']
2025-09-20 18:11:35,681 - DEBUG - [CostAgent] received chunk keys: ['input']
2025-09-20 18:11:35,683 - DEBUG - [CostAgent] received chunk keys: ['input']
2025-09-20 18:11:35,683 - DEBUG - [CostAgent] received chunk keys: ['input']
2025-09-20 18:11:35,686 - DEBUG - [CostAgent] received chunk keys: ['input', 'output']
2025-09-20 18:11:35,688 - DEBUG - [CostAgent] received chunk keys: ['input']
2025-09-20 18:11:35,937 - DEBUG - CancelledError in span a2a.server.events.event_queue.EventQueue.dequeue_event
2025-09-20 18:11:35,937 - DEBUG - Start async tracer
2025-09-20 18:11:35,937 - DEBUG - Attempting to dequeue event (waiting).
2025-09-20 18:11:36,397 - DEBUG - [CostAgent] received chunk keys: ['chunk']
2025-09-20 18:11:36,446 - DEBUG - CancelledError in span a2a.server.events.event_queue.EventQueue.dequeue_event
2025-09-20 18:11:36,447 - DEBUG - Start async tracer
2025-09-20 18:11:36,447 - DEBUG - Attempting to dequeue event (waiting).
2025-09-20 18:11:36,542 - DEBUG - [CostAgent] received chunk keys: ['chunk']
2025-09-20 18:11:36,626 - DEBUG - [CostAgent] received chunk keys: ['chunk']
2025-09-20 18:11:36,947 - DEBUG - CancelledError in span a2a.server.events.event_queue.EventQueue.dequeue_event
2025-09-20 18:11:36,950 - DEBUG - Start async tracer
2025-09-20 18:11:36,950 - DEBUG - Attempting to dequeue event (waiting).
2025-09-20 18:11:36,951 - DEBUG - [CostAgent] received chunk keys: ['chunk']
2025-09-20 18:11:36,960 - DEBUG - [CostAgent] received chunk keys: ['input', 'output']
2025-09-20 18:11:36,960 - DEBUG - [CostAgent] received chunk keys: ['input', 'output']
2025-09-20 18:11:36,964 - DEBUG - [CostAgent] received chunk keys: ['input', 'output']
2025-09-20 18:11:36,965 - DEBUG - [CostAgent] received chunk keys: ['input']
2025-09-20 18:11:36,965 - DEBUG - [CostAgent] received chunk keys: ['input', 'output']
2025-09-20 18:11:36,970 - DEBUG - [CostAgent] received chunk keys: ['chunk']
2025-09-20 18:11:36,972 - DEBUG - [CostAgent] received chunk keys: ['input', 'output']
2025-09-20 18:11:36,972 - DEBUG - [CostAgent] received chunk keys: ['chunk']
2025-09-20 18:11:36,972 - DEBUG - [CostAgent] received chunk keys: ['input']
2025-09-20 18:11:36,980 - DEBUG - [CostAgent] received chunk keys: ['input']
2025-09-20 18:11:36,981 - DEBUG - [CostAgent] received chunk keys: ['input']
2025-09-20 18:11:36,987 - DEBUG - [CostAgent] received chunk keys: ['input']
2025-09-20 18:11:37,451 - DEBUG - CancelledError in span a2a.server.events.event_queue.EventQueue.dequeue_event
2025-09-20 18:11:37,451 - DEBUG - Start async tracer
2025-09-20 18:11:37,452 - DEBUG - Attempting to dequeue event (waiting).
2025-09-20 18:11:37,875 - DEBUG - [CostAgent] received chunk keys: ['chunk']
2025-09-20 18:11:37,884 - DEBUG - [CostAgent] received chunk keys: ['input', 'output']
2025-09-20 18:11:37,888 - DEBUG - [CostAgent] received chunk keys: ['input']
2025-09-20 18:11:37,891 - DEBUG - [CostAgent] received chunk keys: ['input', 'output']
2025-09-20 18:11:37,894 - DEBUG - [CostAgent] received chunk keys: ['input', 'output']
2025-09-20 18:11:37,897 - DEBUG - [CostAgent] received chunk keys: ['input', 'output']
2025-09-20 18:11:37,898 - DEBUG - [CostAgent] received chunk keys: ['chunk']
2025-09-20 18:11:37,902 - DEBUG - [CostAgent] received chunk keys: ['input', 'output']
2025-09-20 18:11:37,905 - DEBUG - [CostAgent] received chunk keys: ['chunk']
2025-09-20 18:11:37,905 - DEBUG - [CostAgent] received chunk keys: ['output']
2025-09-20 18:11:37,905 - ERROR - Error getting response from state: string indices must be integers, not 'str'
2025-09-20 18:11:37,905 - DEBUG - [CostAgentExecutor] raw event from agent: {'content': '', 'is_task_complete': True, 'require_user_input': False, 'status': 'error', 'data': None}
2025-09-20 18:11:37,908 - DEBUG - Start async tracer
2025-09-20 18:11:37,908 - DEBUG - Enqueuing event of type: <class 'a2a.types.TaskStatusUpdateEvent'>
2025-09-20 18:11:37,908 - ERROR - CostAgentExecutor error: new_text_artifact() missing 1 required positional argument: 'text'
Traceback (most recent call last):
  File "D:\DEMO CHAT BOT\agents\cost_agent\agent_executor.py", line 77, in execute
    await updater.add_artifact([new_text_artifact(last_event["content"])])
                                ^^^^^^^^^^^^^^^^^^^^^^^^^^^^^^^^^^^^^^^^
TypeError: new_text_artifact() missing 1 required positional argument: 'text'
2025-09-20 18:11:37,909 - DEBUG - Start async tracer
2025-09-20 18:11:37,910 - DEBUG - Enqueuing event of type: <class 'a2a.types.TaskStatusUpdateEvent'>
2025-09-20 18:11:37,910 - DEBUG - Start async tracer
2025-09-20 18:11:37,910 - DEBUG - Closing EventQueue.
2025-09-20 18:11:37,910 - DEBUG - Dequeued event (waited) of type: <class 'a2a.types.TaskStatusUpdateEvent'>
2025-09-20 18:11:37,911 - DEBUG - Dequeued event of type: <class 'a2a.types.TaskStatusUpdateEvent'> in consume_all.
2025-09-20 18:11:37,911 - DEBUG - Marking task as done in EventQueue.
2025-09-20 18:11:37,911 - DEBUG - Marked task as done in event queue in consume_all
2025-09-20 18:11:37,911 - DEBUG - Processing save of task event of type TaskStatusUpdateEvent for task_id: 0a8c5f10-137e-4d95-b901-332f7f8f90a2
2025-09-20 18:11:37,911 - DEBUG - Updating task 0a8c5f10-137e-4d95-b901-332f7f8f90a2 status to: TaskState.working
2025-09-20 18:11:37,911 - DEBUG - Saving task with id: 0a8c5f10-137e-4d95-b901-332f7f8f90a2
2025-09-20 18:11:37,911 - DEBUG - Task 0a8c5f10-137e-4d95-b901-332f7f8f90a2 saved successfully.
2025-09-20 18:11:37,912 - DEBUG - Start async tracer
2025-09-20 18:11:37,912 - DEBUG - chunk: b'data: {"id":"8ffbe34a-ce7e-475a-832d-3d1a7c1710dd","jsonrpc":"2.0","result":{"contextId":"edcc258e-ba24-40d9-81e2-680a855f911f","final":false,"kind":"status-update","status":{"message":{"kind":"message","messageId":"96e64508-287e-4ed1-a2cd-a2ed3f0e0325","parts":[{"kind":"text","text":""}],"role":"agent"},"state":"working","timestamp":"2025-09-20T11:11:37.908521+00:00"},"taskId":"0a8c5f10-137e-4d95-b901-332f7f8f90a2"}}\r\n\r\n'
2025-09-20 18:11:37,912 - DEBUG - Start async tracer
2025-09-20 18:11:37,912 - DEBUG - Attempting to dequeue event (waiting).
2025-09-20 18:11:37,912 - DEBUG - Dequeued event (waited) of type: <class 'a2a.types.TaskStatusUpdateEvent'>
2025-09-20 18:11:37,912 - DEBUG - Dequeued event of type: <class 'a2a.types.TaskStatusUpdateEvent'> in consume_all.
2025-09-20 18:11:37,912 - DEBUG - Marking task as done in EventQueue.
2025-09-20 18:11:37,912 - DEBUG - Marked task as done in event queue in consume_all
2025-09-20 18:11:37,912 - DEBUG - Stopping event consumption in consume_all.
2025-09-20 18:11:37,912 - DEBUG - Start async tracer
2025-09-20 18:11:37,912 - DEBUG - Closing EventQueue.
2025-09-20 18:11:37,912 - DEBUG - Processing save of task event of type TaskStatusUpdateEvent for task_id: 0a8c5f10-137e-4d95-b901-332f7f8f90a2
2025-09-20 18:11:37,912 - DEBUG - Updating task 0a8c5f10-137e-4d95-b901-332f7f8f90a2 status to: TaskState.failed
2025-09-20 18:11:37,912 - DEBUG - Saving task with id: 0a8c5f10-137e-4d95-b901-332f7f8f90a2
2025-09-20 18:11:37,912 - DEBUG - Task 0a8c5f10-137e-4d95-b901-332f7f8f90a2 saved successfully.
2025-09-20 18:11:37,912 - DEBUG - Start async tracer
2025-09-20 18:11:37,912 - DEBUG - chunk: b'data: {"id":"8ffbe34a-ce7e-475a-832d-3d1a7c1710dd","jsonrpc":"2.0","result":{"contextId":"edcc258e-ba24-40d9-81e2-680a855f911f","final":true,"kind":"status-update","status":{"state":"failed","timestamp":"2025-09-20T11:11:37.909852+00:00"},"taskId":"0a8c5f10-137e-4d95-b901-332f7f8f90a2"}}\r\n\r\n'
2025-09-20 18:11:37,912 - DEBUG - Start async tracer
2025-09-20 18:11:37,915 - DEBUG - Agent task callback triggered.
2025-09-20 18:11:37,915 - DEBUG - Start async tracer
2025-09-20 18:11:37,915 - DEBUG - Start async tracer
2025-09-20 18:11:37,915 - DEBUG - Closing EventQueue.
2025-09-20 18:11:37,916 - DEBUG - Got event: http.disconnect. Stop streaming.
2025-09-20 18:48:34,595 - DEBUG - Load embedding model sentence-transformers/paraphrase-multilingual-MiniLM-L12-v2
2025-09-20 18:48:34,600 - INFO - Use pytorch device_name: cpu
2025-09-20 18:48:34,600 - INFO - Load pretrained SentenceTransformer: paraphrase-multilingual-MiniLM-L12-v2
2025-09-20 18:48:34,604 - DEBUG - Starting new HTTPS connection (1): huggingface.co:443
2025-09-20 18:48:34,972 - DEBUG - https://huggingface.co:443 "HEAD /sentence-transformers/paraphrase-multilingual-MiniLM-L12-v2/resolve/main/modules.json HTTP/1.1" 307 0
2025-09-20 18:48:34,985 - DEBUG - https://huggingface.co:443 "HEAD /api/resolve-cache/models/sentence-transformers/paraphrase-multilingual-MiniLM-L12-v2/86741b4e3f5cb7765a600d3a3d55a0f6a6cb443d/modules.json HTTP/1.1" 200 0
2025-09-20 18:48:35,260 - DEBUG - https://huggingface.co:443 "HEAD /sentence-transformers/paraphrase-multilingual-MiniLM-L12-v2/resolve/main/config_sentence_transformers.json HTTP/1.1" 307 0
2025-09-20 18:48:35,271 - DEBUG - https://huggingface.co:443 "HEAD /api/resolve-cache/models/sentence-transformers/paraphrase-multilingual-MiniLM-L12-v2/86741b4e3f5cb7765a600d3a3d55a0f6a6cb443d/config_sentence_transformers.json HTTP/1.1" 200 0
2025-09-20 18:48:35,545 - DEBUG - https://huggingface.co:443 "HEAD /sentence-transformers/paraphrase-multilingual-MiniLM-L12-v2/resolve/main/config_sentence_transformers.json HTTP/1.1" 307 0
2025-09-20 18:48:35,555 - DEBUG - https://huggingface.co:443 "HEAD /api/resolve-cache/models/sentence-transformers/paraphrase-multilingual-MiniLM-L12-v2/86741b4e3f5cb7765a600d3a3d55a0f6a6cb443d/config_sentence_transformers.json HTTP/1.1" 200 0
2025-09-20 18:48:35,827 - DEBUG - https://huggingface.co:443 "HEAD /sentence-transformers/paraphrase-multilingual-MiniLM-L12-v2/resolve/main/README.md HTTP/1.1" 307 0
2025-09-20 18:48:35,835 - DEBUG - https://huggingface.co:443 "HEAD /api/resolve-cache/models/sentence-transformers/paraphrase-multilingual-MiniLM-L12-v2/86741b4e3f5cb7765a600d3a3d55a0f6a6cb443d/README.md HTTP/1.1" 200 0
2025-09-20 18:48:36,115 - DEBUG - https://huggingface.co:443 "HEAD /sentence-transformers/paraphrase-multilingual-MiniLM-L12-v2/resolve/main/modules.json HTTP/1.1" 307 0
2025-09-20 18:48:36,125 - DEBUG - https://huggingface.co:443 "HEAD /api/resolve-cache/models/sentence-transformers/paraphrase-multilingual-MiniLM-L12-v2/86741b4e3f5cb7765a600d3a3d55a0f6a6cb443d/modules.json HTTP/1.1" 200 0
2025-09-20 18:48:36,411 - DEBUG - https://huggingface.co:443 "HEAD /sentence-transformers/paraphrase-multilingual-MiniLM-L12-v2/resolve/main/sentence_bert_config.json HTTP/1.1" 307 0
2025-09-20 18:48:36,415 - DEBUG - https://huggingface.co:443 "HEAD /api/resolve-cache/models/sentence-transformers/paraphrase-multilingual-MiniLM-L12-v2/86741b4e3f5cb7765a600d3a3d55a0f6a6cb443d/sentence_bert_config.json HTTP/1.1" 200 0
2025-09-20 18:48:36,708 - DEBUG - https://huggingface.co:443 "HEAD /sentence-transformers/paraphrase-multilingual-MiniLM-L12-v2/resolve/main/adapter_config.json HTTP/1.1" 404 0
2025-09-20 18:48:36,976 - DEBUG - https://huggingface.co:443 "HEAD /sentence-transformers/paraphrase-multilingual-MiniLM-L12-v2/resolve/main/config.json HTTP/1.1" 307 0
2025-09-20 18:48:36,986 - DEBUG - https://huggingface.co:443 "HEAD /api/resolve-cache/models/sentence-transformers/paraphrase-multilingual-MiniLM-L12-v2/86741b4e3f5cb7765a600d3a3d55a0f6a6cb443d/config.json HTTP/1.1" 200 0
2025-09-20 18:48:37,365 - DEBUG - https://huggingface.co:443 "HEAD /sentence-transformers/paraphrase-multilingual-MiniLM-L12-v2/resolve/main/tokenizer_config.json HTTP/1.1" 307 0
2025-09-20 18:48:37,384 - DEBUG - https://huggingface.co:443 "HEAD /api/resolve-cache/models/sentence-transformers/paraphrase-multilingual-MiniLM-L12-v2/86741b4e3f5cb7765a600d3a3d55a0f6a6cb443d/tokenizer_config.json HTTP/1.1" 200 0
2025-09-20 18:48:37,660 - DEBUG - https://huggingface.co:443 "GET /api/models/sentence-transformers/paraphrase-multilingual-MiniLM-L12-v2/tree/main/additional_chat_templates?recursive=False&expand=False HTTP/1.1" 404 64
2025-09-20 18:48:38,615 - DEBUG - https://huggingface.co:443 "HEAD /sentence-transformers/paraphrase-multilingual-MiniLM-L12-v2/resolve/main/1_Pooling/config.json HTTP/1.1" 307 0
2025-09-20 18:48:38,625 - DEBUG - https://huggingface.co:443 "HEAD /api/resolve-cache/models/sentence-transformers/paraphrase-multilingual-MiniLM-L12-v2/86741b4e3f5cb7765a600d3a3d55a0f6a6cb443d/1_Pooling%2Fconfig.json HTTP/1.1" 200 0
2025-09-20 18:48:38,915 - DEBUG - https://huggingface.co:443 "GET /api/models/sentence-transformers/paraphrase-multilingual-MiniLM-L12-v2 HTTP/1.1" 200 6119
2025-09-20 18:48:38,925 - DEBUG - Index ready: 3 bệnh, 2 chuyên khoa, 3 gói
2025-09-20 18:48:39,173 - DEBUG - Using proactor: IocpProactor
2025-09-20 18:48:42,357 - DEBUG - Initializing InMemoryTaskStore
2025-09-20 18:49:24,541 - DEBUG - Start async tracer
2025-09-20 18:49:24,542 - DEBUG - TaskManager initialized with task_id: None, context_id: None
2025-09-20 18:49:24,543 - DEBUG - task_id is not set, cannot get task.
2025-09-20 18:49:24,543 - DEBUG - Start async tracer
2025-09-20 18:49:24,543 - DEBUG - EventQueue initialized.
2025-09-20 18:49:24,543 - DEBUG - Start async tracer
2025-09-20 18:49:24,543 - DEBUG - EventConsumer initialized
2025-09-20 18:49:24,543 - DEBUG - Starting to consume all events from the queue.
2025-09-20 18:49:24,543 - DEBUG - Start async tracer
2025-09-20 18:49:24,543 - DEBUG - Attempting to dequeue event (waiting).
2025-09-20 18:49:24,543 - DEBUG - Start async tracer
2025-09-20 18:49:24,544 - DEBUG - Start async tracer
2025-09-20 18:49:24,544 - DEBUG - Enqueuing event of type: <class 'a2a.types.TaskStatusUpdateEvent'>
2025-09-20 18:49:24,544 - DEBUG - Start async tracer
2025-09-20 18:49:24,544 - DEBUG - Enqueuing event of type: <class 'a2a.types.TaskStatusUpdateEvent'>
2025-09-20 18:49:24,544 - DEBUG - [CostAgentExecutor] wrapped_input: {'session_id': '8ccf5586-68cc-44b2-a401-55772c3fc663', 'query': 'cho tôi các gói khám bệnh liên quan tới Xuất huyết tiêu hóa đi', 'final_response_parts': []}
2025-09-20 18:49:24,544 - DEBUG - [CostAgentExecutor] HumanMessage: content='cho tôi các gói khám bệnh liên quan tới Xuất huyết tiêu hóa đi' additional_kwargs={'session_id': '8ccf5586-68cc-44b2-a401-55772c3fc663', 'final_response_parts': []} response_metadata={}
2025-09-20 18:49:24,561 - DEBUG - Dequeued event (waited) of type: <class 'a2a.types.TaskStatusUpdateEvent'>
2025-09-20 18:49:24,561 - DEBUG - Dequeued event of type: <class 'a2a.types.TaskStatusUpdateEvent'> in consume_all.
2025-09-20 18:49:24,561 - DEBUG - Marking task as done in EventQueue.
2025-09-20 18:49:24,561 - DEBUG - Marked task as done in event queue in consume_all
2025-09-20 18:49:24,561 - DEBUG - Processing save of task event of type TaskStatusUpdateEvent for task_id: 5dccf2b1-cf4c-404b-b2a3-5fb3d329ef9f
2025-09-20 18:49:24,561 - DEBUG - Attempting to retrieve existing task with id: 5dccf2b1-cf4c-404b-b2a3-5fb3d329ef9f
2025-09-20 18:49:24,561 - DEBUG - Attempting to get task with id: 5dccf2b1-cf4c-404b-b2a3-5fb3d329ef9f
2025-09-20 18:49:24,561 - DEBUG - Task 5dccf2b1-cf4c-404b-b2a3-5fb3d329ef9f not found in store.
2025-09-20 18:49:24,561 - INFO - Task not found or task_id not set. Creating new task for event (task_id: 5dccf2b1-cf4c-404b-b2a3-5fb3d329ef9f, context_id: 8ccf5586-68cc-44b2-a401-55772c3fc663).
2025-09-20 18:49:24,561 - DEBUG - Initializing new Task object with task_id: 5dccf2b1-cf4c-404b-b2a3-5fb3d329ef9f, context_id: 8ccf5586-68cc-44b2-a401-55772c3fc663
2025-09-20 18:49:24,561 - DEBUG - Saving task with id: 5dccf2b1-cf4c-404b-b2a3-5fb3d329ef9f
2025-09-20 18:49:24,564 - DEBUG - Task 5dccf2b1-cf4c-404b-b2a3-5fb3d329ef9f saved successfully.
2025-09-20 18:49:24,564 - DEBUG - Updating task 5dccf2b1-cf4c-404b-b2a3-5fb3d329ef9f status to: TaskState.submitted
2025-09-20 18:49:24,564 - DEBUG - Saving task with id: 5dccf2b1-cf4c-404b-b2a3-5fb3d329ef9f
2025-09-20 18:49:24,564 - DEBUG - Task 5dccf2b1-cf4c-404b-b2a3-5fb3d329ef9f saved successfully.
2025-09-20 18:49:24,564 - DEBUG - Start async tracer
2025-09-20 18:49:24,564 - DEBUG - chunk: b'data: {"id":"5c51238d-81d3-40e2-a2c5-a2d47320deef","jsonrpc":"2.0","result":{"contextId":"8ccf5586-68cc-44b2-a401-55772c3fc663","final":false,"kind":"status-update","status":{"state":"submitted","timestamp":"2025-09-20T11:49:24.544674+00:00"},"taskId":"5dccf2b1-cf4c-404b-b2a3-5fb3d329ef9f"}}\r\n\r\n'
2025-09-20 18:49:24,564 - DEBUG - Start async tracer
2025-09-20 18:49:24,564 - DEBUG - Attempting to dequeue event (waiting).
2025-09-20 18:49:24,564 - DEBUG - Dequeued event (waited) of type: <class 'a2a.types.TaskStatusUpdateEvent'>
2025-09-20 18:49:24,564 - DEBUG - Dequeued event of type: <class 'a2a.types.TaskStatusUpdateEvent'> in consume_all.
2025-09-20 18:49:24,567 - DEBUG - Marking task as done in EventQueue.
2025-09-20 18:49:24,567 - DEBUG - Marked task as done in event queue in consume_all
2025-09-20 18:49:24,567 - DEBUG - Processing save of task event of type TaskStatusUpdateEvent for task_id: 5dccf2b1-cf4c-404b-b2a3-5fb3d329ef9f
2025-09-20 18:49:24,567 - DEBUG - Updating task 5dccf2b1-cf4c-404b-b2a3-5fb3d329ef9f status to: TaskState.working
2025-09-20 18:49:24,567 - DEBUG - Saving task with id: 5dccf2b1-cf4c-404b-b2a3-5fb3d329ef9f
2025-09-20 18:49:24,567 - DEBUG - Task 5dccf2b1-cf4c-404b-b2a3-5fb3d329ef9f saved successfully.
2025-09-20 18:49:24,568 - DEBUG - Start async tracer
2025-09-20 18:49:24,568 - DEBUG - chunk: b'data: {"id":"5c51238d-81d3-40e2-a2c5-a2d47320deef","jsonrpc":"2.0","result":{"contextId":"8ccf5586-68cc-44b2-a401-55772c3fc663","final":false,"kind":"status-update","status":{"state":"working","timestamp":"2025-09-20T11:49:24.544674+00:00"},"taskId":"5dccf2b1-cf4c-404b-b2a3-5fb3d329ef9f"}}\r\n\r\n'
2025-09-20 18:49:24,568 - DEBUG - Start async tracer
2025-09-20 18:49:24,568 - DEBUG - Attempting to dequeue event (waiting).
2025-09-20 18:49:24,571 - DEBUG - [CostAgent] received chunk keys: ['input']
2025-09-20 18:49:24,571 - DEBUG - [CostAgent] received chunk keys: ['input']
2025-09-20 18:49:24,574 - DEBUG - [CostAgent] received chunk keys: ['input']
2025-09-20 18:49:24,581 - DEBUG - [CostAgent] received chunk keys: ['input']
2025-09-20 18:49:24,583 - DEBUG - [CostAgent] received chunk keys: ['input']
2025-09-20 18:49:24,584 - DEBUG - [CostAgent] received chunk keys: ['input', 'output']
2025-09-20 18:49:24,584 - DEBUG - [CostAgent] received chunk keys: ['input']
2025-09-20 18:49:24,589 - DEBUG - Using AsyncIOEngine.POLLER as I/O engine
2025-09-20 18:49:25,061 - DEBUG - CancelledError in span a2a.server.events.event_queue.EventQueue.dequeue_event
2025-09-20 18:49:25,061 - DEBUG - Start async tracer
2025-09-20 18:49:25,061 - DEBUG - Attempting to dequeue event (waiting).
2025-09-20 18:49:25,570 - DEBUG - CancelledError in span a2a.server.events.event_queue.EventQueue.dequeue_event
2025-09-20 18:49:25,570 - DEBUG - Start async tracer
2025-09-20 18:49:25,570 - DEBUG - Attempting to dequeue event (waiting).
2025-09-20 18:49:26,059 - DEBUG - CancelledError in span a2a.server.events.event_queue.EventQueue.dequeue_event
2025-09-20 18:49:26,060 - DEBUG - Start async tracer
2025-09-20 18:49:26,060 - DEBUG - Attempting to dequeue event (waiting).
2025-09-20 18:49:26,245 - DEBUG - [CostAgent] received chunk keys: ['chunk']
2025-09-20 18:49:26,254 - DEBUG - [CostAgent] received chunk keys: ['input', 'output']
2025-09-20 18:49:26,256 - DEBUG - [CostAgent] received chunk keys: ['input', 'output']
2025-09-20 18:49:26,258 - DEBUG - [CostAgent] received chunk keys: ['input', 'output']
2025-09-20 18:49:26,258 - DEBUG - [CostAgent] received chunk keys: ['input']
2025-09-20 18:49:26,258 - DEBUG - [CostAgent] received chunk keys: ['input', 'output']
2025-09-20 18:49:26,258 - DEBUG - [CostAgent] received chunk keys: ['chunk']
2025-09-20 18:49:26,258 - DEBUG - [CostAgent] received chunk keys: ['input', 'output']
2025-09-20 18:49:26,264 - DEBUG - [CostAgent] received chunk keys: ['chunk']
2025-09-20 18:49:26,264 - DEBUG - [CostAgent] received chunk keys: ['input']
2025-09-20 18:49:26,264 - DEBUG - [CostAgent] received chunk keys: ['input']
2025-09-20 18:49:26,270 - DEBUG - [CostAgent] received chunk keys: ['input', 'output']
2025-09-20 18:49:26,272 - DEBUG - [CostAgent] received chunk keys: ['chunk']
2025-09-20 18:49:26,273 - DEBUG - [CostAgent] received chunk keys: ['input', 'output']
2025-09-20 18:49:26,276 - DEBUG - [CostAgent] received chunk keys: ['chunk']
2025-09-20 18:49:26,277 - DEBUG - [CostAgent] received chunk keys: ['input']
2025-09-20 18:49:26,278 - DEBUG - [CostAgent] received chunk keys: ['input']
2025-09-20 18:49:26,280 - DEBUG - [CostAgent] received chunk keys: ['input']
2025-09-20 18:49:26,282 - DEBUG - [CostAgent] received chunk keys: ['input']
2025-09-20 18:49:26,283 - DEBUG - [CostAgent] received chunk keys: ['input', 'output']
2025-09-20 18:49:26,286 - DEBUG - [CostAgent] received chunk keys: ['input']
2025-09-20 18:49:26,567 - DEBUG - CancelledError in span a2a.server.events.event_queue.EventQueue.dequeue_event
2025-09-20 18:49:26,567 - DEBUG - Start async tracer
2025-09-20 18:49:26,567 - DEBUG - Attempting to dequeue event (waiting).
2025-09-20 18:49:26,947 - DEBUG - [CostAgent] received chunk keys: ['chunk']
2025-09-20 18:49:27,014 - DEBUG - [CostAgent] received chunk keys: ['chunk']
2025-09-20 18:49:27,040 - DEBUG - CancelledError in span a2a.server.events.event_queue.EventQueue.dequeue_event
2025-09-20 18:49:27,040 - DEBUG - Start async tracer
2025-09-20 18:49:27,040 - DEBUG - Attempting to dequeue event (waiting).
2025-09-20 18:49:27,067 - DEBUG - [CostAgent] received chunk keys: ['chunk']
2025-09-20 18:49:27,077 - DEBUG - [CostAgent] received chunk keys: ['input', 'output']
2025-09-20 18:49:27,083 - DEBUG - [CostAgent] received chunk keys: ['input', 'output']
2025-09-20 18:49:27,085 - DEBUG - [CostAgent] received chunk keys: ['input', 'output']
2025-09-20 18:49:27,088 - DEBUG - [CostAgent] received chunk keys: ['input']
2025-09-20 18:49:27,088 - DEBUG - [CostAgent] received chunk keys: ['input', 'output']
2025-09-20 18:49:27,088 - DEBUG - [CostAgent] received chunk keys: ['chunk']
2025-09-20 18:49:27,088 - DEBUG - [CostAgent] received chunk keys: ['input', 'output']
2025-09-20 18:49:27,096 - DEBUG - [CostAgent] received chunk keys: ['chunk']
2025-09-20 18:49:27,096 - DEBUG - [CostAgent] received chunk keys: ['input']
2025-09-20 18:49:27,099 - DEBUG - [CostAgent] received chunk keys: ['input']
2025-09-20 18:49:27,104 - DEBUG - [CostAgent] received chunk keys: ['input']
2025-09-20 18:49:27,110 - DEBUG - [CostAgent] received chunk keys: ['input']
2025-09-20 18:49:27,567 - DEBUG - CancelledError in span a2a.server.events.event_queue.EventQueue.dequeue_event
2025-09-20 18:49:27,567 - DEBUG - Start async tracer
2025-09-20 18:49:27,567 - DEBUG - Attempting to dequeue event (waiting).
2025-09-20 18:49:28,039 - DEBUG - CancelledError in span a2a.server.events.event_queue.EventQueue.dequeue_event
2025-09-20 18:49:28,040 - DEBUG - Start async tracer
2025-09-20 18:49:28,040 - DEBUG - Attempting to dequeue event (waiting).
2025-09-20 18:49:28,125 - DEBUG - [CostAgent] received chunk keys: ['chunk']
2025-09-20 18:49:28,138 - DEBUG - [CostAgent] received chunk keys: ['input', 'output']
2025-09-20 18:49:28,138 - DEBUG - [CostAgent] received chunk keys: ['input']
2025-09-20 18:49:28,145 - DEBUG - [CostAgent] received chunk keys: ['input', 'output']
2025-09-20 18:49:28,147 - DEBUG - [CostAgent] received chunk keys: ['input', 'output']
2025-09-20 18:49:28,150 - DEBUG - [CostAgent] received chunk keys: ['input', 'output']
2025-09-20 18:49:28,153 - DEBUG - [CostAgent] received chunk keys: ['chunk']
2025-09-20 18:49:28,154 - DEBUG - [CostAgent] received chunk keys: ['input', 'output']
2025-09-20 18:49:28,158 - DEBUG - [CostAgent] received chunk keys: ['chunk']
2025-09-20 18:49:28,158 - DEBUG - [CostAgent] received chunk keys: ['output']
2025-09-20 18:49:28,159 - DEBUG - [CostAgentExecutor] raw event from agent: {'content': 'Hiện chưa xác định được bệnh. Bạn nên đi khám bác sĩ để kiểm tra kỹ hơn và ước lượng chi phí.\n', 'is_task_complete': True, 'require_user_input': False, 'status': 'completed', 'data': None}
2025-09-20 18:49:28,159 - DEBUG - Start async tracer
2025-09-20 18:49:28,159 - DEBUG - Enqueuing event of type: <class 'a2a.types.TaskStatusUpdateEvent'>
2025-09-20 18:49:28,159 - ERROR - CostAgentExecutor error: 3 validation errors for Artifact
parts.0.TextPart
  Input should be a valid dictionary or instance of TextPart [type=model_type, input_value=Artifact(artifact_id='a7c...ượng chi phí.\n'))]), input_type=Artifact]
    For further information visit https://errors.pydantic.dev/2.11/v/model_type
parts.0.FilePart
  Input should be a valid dictionary or instance of FilePart [type=model_type, input_value=Artifact(artifact_id='a7c...ượng chi phí.\n'))]), input_type=Artifact]
    For further information visit https://errors.pydantic.dev/2.11/v/model_type
parts.0.DataPart
  Input should be a valid dictionary or instance of DataPart [type=model_type, input_value=Artifact(artifact_id='a7c...ượng chi phí.\n'))]), input_type=Artifact]
    For further information visit https://errors.pydantic.dev/2.11/v/model_type
Traceback (most recent call last):
  File "D:\DEMO CHAT BOT\agents\cost_agent\agent_executor.py", line 77, in execute
    await updater.add_artifact([
  File "D:\DEMO CHAT BOT\.venv\Lib\site-packages\a2a\server\tasks\task_updater.py", line 117, in add_artifact
    artifact=Artifact(
             ^^^^^^^^^
  File "D:\DEMO CHAT BOT\.venv\Lib\site-packages\pydantic\main.py", line 253, in __init__
    validated_self = self.__pydantic_validator__.validate_python(data, self_instance=self)
                     ^^^^^^^^^^^^^^^^^^^^^^^^^^^^^^^^^^^^^^^^^^^^^^^^^^^^^^^^^^^^^^^^^^^^^
pydantic_core._pydantic_core.ValidationError: 3 validation errors for Artifact
parts.0.TextPart
  Input should be a valid dictionary or instance of TextPart [type=model_type, input_value=Artifact(artifact_id='a7c...ượng chi phí.\n'))]), input_type=Artifact]
    For further information visit https://errors.pydantic.dev/2.11/v/model_type
parts.0.FilePart
  Input should be a valid dictionary or instance of FilePart [type=model_type, input_value=Artifact(artifact_id='a7c...ượng chi phí.\n'))]), input_type=Artifact]
    For further information visit https://errors.pydantic.dev/2.11/v/model_type
parts.0.DataPart
  Input should be a valid dictionary or instance of DataPart [type=model_type, input_value=Artifact(artifact_id='a7c...ượng chi phí.\n'))]), input_type=Artifact]
    For further information visit https://errors.pydantic.dev/2.11/v/model_type
2025-09-20 18:49:28,159 - DEBUG - Start async tracer
2025-09-20 18:49:28,159 - DEBUG - Enqueuing event of type: <class 'a2a.types.TaskStatusUpdateEvent'>
2025-09-20 18:49:28,159 - DEBUG - Start async tracer
2025-09-20 18:49:28,159 - DEBUG - Closing EventQueue.
2025-09-20 18:49:28,159 - DEBUG - Dequeued event (waited) of type: <class 'a2a.types.TaskStatusUpdateEvent'>
2025-09-20 18:49:28,159 - DEBUG - Dequeued event of type: <class 'a2a.types.TaskStatusUpdateEvent'> in consume_all.
2025-09-20 18:49:28,159 - DEBUG - Marking task as done in EventQueue.
2025-09-20 18:49:28,159 - DEBUG - Marked task as done in event queue in consume_all
2025-09-20 18:49:28,159 - DEBUG - Processing save of task event of type TaskStatusUpdateEvent for task_id: 5dccf2b1-cf4c-404b-b2a3-5fb3d329ef9f
2025-09-20 18:49:28,159 - DEBUG - Updating task 5dccf2b1-cf4c-404b-b2a3-5fb3d329ef9f status to: TaskState.working
2025-09-20 18:49:28,159 - DEBUG - Saving task with id: 5dccf2b1-cf4c-404b-b2a3-5fb3d329ef9f
2025-09-20 18:49:28,159 - DEBUG - Task 5dccf2b1-cf4c-404b-b2a3-5fb3d329ef9f saved successfully.
2025-09-20 18:49:28,159 - DEBUG - Start async tracer
2025-09-20 18:49:28,165 - DEBUG - chunk: b'data: {"id":"5c51238d-81d3-40e2-a2c5-a2d47320deef","jsonrpc":"2.0","result":{"contextId":"8ccf5586-68cc-44b2-a401-55772c3fc663","final":false,"kind":"status-update","status":{"message":{"kind":"message","messageId":"ec844f7d-3fb8-4a68-b54a-b8a582e7f85a","parts":[{"kind":"text","text":"Hi\xe1\xbb\x87n ch\xc6\xb0a x\xc3\xa1c \xc4\x91\xe1\xbb\x8bnh \xc4\x91\xc6\xb0\xe1\xbb\xa3c b\xe1\xbb\x87nh. B\xe1\xba\xa1n n\xc3\xaan \xc4\x91i kh\xc3\xa1m b\xc3\xa1c s\xc4\xa9 \xc4\x91\xe1\xbb\x83 ki\xe1\xbb\x83m tra k\xe1\xbb\xb9 h\xc6\xa1n v\xc3\xa0 \xc6\xb0\xe1\xbb\x9bc l\xc6\xb0\xe1\xbb\xa3ng chi ph\xc3\xad.\\n"}],"role":"agent"},"state":"working","timestamp":"2025-09-20T11:49:28.159944+00:00"},"taskId":"5dccf2b1-cf4c-404b-b2a3-5fb3d329ef9f"}}\r\n\r\n'
2025-09-20 18:49:28,165 - DEBUG - Start async tracer
2025-09-20 18:49:28,165 - DEBUG - Attempting to dequeue event (waiting).
2025-09-20 18:49:28,165 - DEBUG - Dequeued event (waited) of type: <class 'a2a.types.TaskStatusUpdateEvent'>
2025-09-20 18:49:28,165 - DEBUG - Dequeued event of type: <class 'a2a.types.TaskStatusUpdateEvent'> in consume_all.
2025-09-20 18:49:28,165 - DEBUG - Marking task as done in EventQueue.
2025-09-20 18:49:28,165 - DEBUG - Marked task as done in event queue in consume_all
2025-09-20 18:49:28,165 - DEBUG - Stopping event consumption in consume_all.
2025-09-20 18:49:28,165 - DEBUG - Start async tracer
2025-09-20 18:49:28,165 - DEBUG - Closing EventQueue.
2025-09-20 18:49:28,165 - DEBUG - Processing save of task event of type TaskStatusUpdateEvent for task_id: 5dccf2b1-cf4c-404b-b2a3-5fb3d329ef9f
2025-09-20 18:49:28,165 - DEBUG - Updating task 5dccf2b1-cf4c-404b-b2a3-5fb3d329ef9f status to: TaskState.failed
2025-09-20 18:49:28,165 - DEBUG - Saving task with id: 5dccf2b1-cf4c-404b-b2a3-5fb3d329ef9f
2025-09-20 18:49:28,165 - DEBUG - Task 5dccf2b1-cf4c-404b-b2a3-5fb3d329ef9f saved successfully.
2025-09-20 18:49:28,165 - DEBUG - Start async tracer
2025-09-20 18:49:28,165 - DEBUG - chunk: b'data: {"id":"5c51238d-81d3-40e2-a2c5-a2d47320deef","jsonrpc":"2.0","result":{"contextId":"8ccf5586-68cc-44b2-a401-55772c3fc663","final":true,"kind":"status-update","status":{"state":"failed","timestamp":"2025-09-20T11:49:28.159944+00:00"},"taskId":"5dccf2b1-cf4c-404b-b2a3-5fb3d329ef9f"}}\r\n\r\n'
2025-09-20 18:49:28,165 - DEBUG - Start async tracer
2025-09-20 18:49:28,165 - DEBUG - Agent task callback triggered.
2025-09-20 18:49:28,165 - DEBUG - Start async tracer
2025-09-20 18:49:28,165 - DEBUG - Start async tracer
2025-09-20 18:49:28,165 - DEBUG - Closing EventQueue.
2025-09-20 18:49:28,165 - DEBUG - Got event: http.disconnect. Stop streaming.
2025-09-20 20:51:14,607 - DEBUG - Load embedding model sentence-transformers/paraphrase-multilingual-MiniLM-L12-v2
2025-09-20 20:51:14,611 - INFO - Use pytorch device_name: cpu
2025-09-20 20:51:14,612 - INFO - Load pretrained SentenceTransformer: paraphrase-multilingual-MiniLM-L12-v2
2025-09-20 20:51:14,614 - DEBUG - Starting new HTTPS connection (1): huggingface.co:443
2025-09-20 20:51:14,952 - DEBUG - https://huggingface.co:443 "HEAD /sentence-transformers/paraphrase-multilingual-MiniLM-L12-v2/resolve/main/modules.json HTTP/1.1" 307 0
2025-09-20 20:51:14,965 - DEBUG - https://huggingface.co:443 "HEAD /api/resolve-cache/models/sentence-transformers/paraphrase-multilingual-MiniLM-L12-v2/86741b4e3f5cb7765a600d3a3d55a0f6a6cb443d/modules.json HTTP/1.1" 200 0
2025-09-20 20:51:15,255 - DEBUG - https://huggingface.co:443 "HEAD /sentence-transformers/paraphrase-multilingual-MiniLM-L12-v2/resolve/main/config_sentence_transformers.json HTTP/1.1" 307 0
2025-09-20 20:51:15,267 - DEBUG - https://huggingface.co:443 "HEAD /api/resolve-cache/models/sentence-transformers/paraphrase-multilingual-MiniLM-L12-v2/86741b4e3f5cb7765a600d3a3d55a0f6a6cb443d/config_sentence_transformers.json HTTP/1.1" 200 0
2025-09-20 20:51:15,553 - DEBUG - https://huggingface.co:443 "HEAD /sentence-transformers/paraphrase-multilingual-MiniLM-L12-v2/resolve/main/config_sentence_transformers.json HTTP/1.1" 307 0
2025-09-20 20:51:15,564 - DEBUG - https://huggingface.co:443 "HEAD /api/resolve-cache/models/sentence-transformers/paraphrase-multilingual-MiniLM-L12-v2/86741b4e3f5cb7765a600d3a3d55a0f6a6cb443d/config_sentence_transformers.json HTTP/1.1" 200 0
2025-09-20 20:51:15,851 - DEBUG - https://huggingface.co:443 "HEAD /sentence-transformers/paraphrase-multilingual-MiniLM-L12-v2/resolve/main/README.md HTTP/1.1" 307 0
2025-09-20 20:51:15,862 - DEBUG - https://huggingface.co:443 "HEAD /api/resolve-cache/models/sentence-transformers/paraphrase-multilingual-MiniLM-L12-v2/86741b4e3f5cb7765a600d3a3d55a0f6a6cb443d/README.md HTTP/1.1" 200 0
2025-09-20 20:51:16,132 - DEBUG - https://huggingface.co:443 "HEAD /sentence-transformers/paraphrase-multilingual-MiniLM-L12-v2/resolve/main/modules.json HTTP/1.1" 307 0
2025-09-20 20:51:16,151 - DEBUG - https://huggingface.co:443 "HEAD /api/resolve-cache/models/sentence-transformers/paraphrase-multilingual-MiniLM-L12-v2/86741b4e3f5cb7765a600d3a3d55a0f6a6cb443d/modules.json HTTP/1.1" 200 0
2025-09-20 20:51:16,438 - DEBUG - https://huggingface.co:443 "HEAD /sentence-transformers/paraphrase-multilingual-MiniLM-L12-v2/resolve/main/sentence_bert_config.json HTTP/1.1" 307 0
2025-09-20 20:51:16,452 - DEBUG - https://huggingface.co:443 "HEAD /api/resolve-cache/models/sentence-transformers/paraphrase-multilingual-MiniLM-L12-v2/86741b4e3f5cb7765a600d3a3d55a0f6a6cb443d/sentence_bert_config.json HTTP/1.1" 200 0
2025-09-20 20:51:16,759 - DEBUG - https://huggingface.co:443 "HEAD /sentence-transformers/paraphrase-multilingual-MiniLM-L12-v2/resolve/main/adapter_config.json HTTP/1.1" 404 0
2025-09-20 20:51:17,049 - DEBUG - https://huggingface.co:443 "HEAD /sentence-transformers/paraphrase-multilingual-MiniLM-L12-v2/resolve/main/config.json HTTP/1.1" 307 0
2025-09-20 20:51:17,061 - DEBUG - https://huggingface.co:443 "HEAD /api/resolve-cache/models/sentence-transformers/paraphrase-multilingual-MiniLM-L12-v2/86741b4e3f5cb7765a600d3a3d55a0f6a6cb443d/config.json HTTP/1.1" 200 0
2025-09-20 20:51:17,440 - DEBUG - https://huggingface.co:443 "HEAD /sentence-transformers/paraphrase-multilingual-MiniLM-L12-v2/resolve/main/tokenizer_config.json HTTP/1.1" 307 0
2025-09-20 20:51:17,458 - DEBUG - https://huggingface.co:443 "HEAD /api/resolve-cache/models/sentence-transformers/paraphrase-multilingual-MiniLM-L12-v2/86741b4e3f5cb7765a600d3a3d55a0f6a6cb443d/tokenizer_config.json HTTP/1.1" 200 0
2025-09-20 20:51:17,737 - DEBUG - https://huggingface.co:443 "GET /api/models/sentence-transformers/paraphrase-multilingual-MiniLM-L12-v2/tree/main/additional_chat_templates?recursive=False&expand=False HTTP/1.1" 404 64
2025-09-20 20:51:18,779 - DEBUG - https://huggingface.co:443 "HEAD /sentence-transformers/paraphrase-multilingual-MiniLM-L12-v2/resolve/main/1_Pooling/config.json HTTP/1.1" 307 0
2025-09-20 20:51:18,792 - DEBUG - https://huggingface.co:443 "HEAD /api/resolve-cache/models/sentence-transformers/paraphrase-multilingual-MiniLM-L12-v2/86741b4e3f5cb7765a600d3a3d55a0f6a6cb443d/1_Pooling%2Fconfig.json HTTP/1.1" 200 0
2025-09-20 20:51:19,074 - DEBUG - https://huggingface.co:443 "GET /api/models/sentence-transformers/paraphrase-multilingual-MiniLM-L12-v2 HTTP/1.1" 200 6119
2025-09-20 20:51:19,082 - DEBUG - Index ready: 3 bệnh, 2 chuyên khoa, 3 gói
2025-09-20 20:51:19,371 - DEBUG - Using proactor: IocpProactor
2025-09-20 20:51:23,033 - DEBUG - Initializing InMemoryTaskStore
2025-09-20 20:54:03,872 - DEBUG - Start async tracer
2025-09-20 20:54:03,873 - DEBUG - TaskManager initialized with task_id: None, context_id: None
2025-09-20 20:54:03,873 - DEBUG - task_id is not set, cannot get task.
2025-09-20 20:54:03,874 - DEBUG - Start async tracer
2025-09-20 20:54:03,874 - DEBUG - EventQueue initialized.
2025-09-20 20:54:03,874 - DEBUG - Start async tracer
2025-09-20 20:54:03,876 - DEBUG - EventConsumer initialized
2025-09-20 20:54:03,877 - DEBUG - Starting to consume all events from the queue.
2025-09-20 20:54:03,877 - DEBUG - Start async tracer
2025-09-20 20:54:03,877 - DEBUG - Attempting to dequeue event (waiting).
2025-09-20 20:54:03,878 - DEBUG - Start async tracer
2025-09-20 20:54:03,878 - DEBUG - Start async tracer
2025-09-20 20:54:03,878 - DEBUG - Enqueuing event of type: <class 'a2a.types.TaskStatusUpdateEvent'>
2025-09-20 20:54:03,879 - DEBUG - Start async tracer
2025-09-20 20:54:03,879 - DEBUG - Enqueuing event of type: <class 'a2a.types.TaskStatusUpdateEvent'>
2025-09-20 20:54:03,879 - DEBUG - [CostAgentExecutor] wrapped_input: {'session_id': '0f840752-12bc-4df9-ad9d-5b67a76afb1c', 'query': 'cho tôi các gói khám bệnh liên quan tới Xuất huyết tiêu hóa đi', 'final_response_parts': []}
2025-09-20 20:54:03,879 - DEBUG - [CostAgentExecutor] HumanMessage: content='cho tôi các gói khám bệnh liên quan tới Xuất huyết tiêu hóa đi' additional_kwargs={'session_id': '0f840752-12bc-4df9-ad9d-5b67a76afb1c', 'final_response_parts': []} response_metadata={}
2025-09-20 20:54:03,900 - DEBUG - Dequeued event (waited) of type: <class 'a2a.types.TaskStatusUpdateEvent'>
2025-09-20 20:54:03,901 - DEBUG - Dequeued event of type: <class 'a2a.types.TaskStatusUpdateEvent'> in consume_all.
2025-09-20 20:54:03,901 - DEBUG - Marking task as done in EventQueue.
2025-09-20 20:54:03,901 - DEBUG - Marked task as done in event queue in consume_all
2025-09-20 20:54:03,901 - DEBUG - Processing save of task event of type TaskStatusUpdateEvent for task_id: af37f563-cbc5-4568-9a27-9e21111e87c8
2025-09-20 20:54:03,902 - DEBUG - Attempting to retrieve existing task with id: af37f563-cbc5-4568-9a27-9e21111e87c8
2025-09-20 20:54:03,902 - DEBUG - Attempting to get task with id: af37f563-cbc5-4568-9a27-9e21111e87c8
2025-09-20 20:54:03,902 - DEBUG - Task af37f563-cbc5-4568-9a27-9e21111e87c8 not found in store.
2025-09-20 20:54:03,902 - INFO - Task not found or task_id not set. Creating new task for event (task_id: af37f563-cbc5-4568-9a27-9e21111e87c8, context_id: 0f840752-12bc-4df9-ad9d-5b67a76afb1c).
2025-09-20 20:54:03,902 - DEBUG - Initializing new Task object with task_id: af37f563-cbc5-4568-9a27-9e21111e87c8, context_id: 0f840752-12bc-4df9-ad9d-5b67a76afb1c
2025-09-20 20:54:03,903 - DEBUG - Saving task with id: af37f563-cbc5-4568-9a27-9e21111e87c8
2025-09-20 20:54:03,903 - DEBUG - Task af37f563-cbc5-4568-9a27-9e21111e87c8 saved successfully.
2025-09-20 20:54:03,904 - DEBUG - Updating task af37f563-cbc5-4568-9a27-9e21111e87c8 status to: TaskState.submitted
2025-09-20 20:54:03,904 - DEBUG - Saving task with id: af37f563-cbc5-4568-9a27-9e21111e87c8
2025-09-20 20:54:03,904 - DEBUG - Task af37f563-cbc5-4568-9a27-9e21111e87c8 saved successfully.
2025-09-20 20:54:03,904 - DEBUG - Start async tracer
2025-09-20 20:54:03,905 - DEBUG - chunk: b'data: {"id":"897cb1d0-68c5-48de-917a-74cb9c3420e8","jsonrpc":"2.0","result":{"contextId":"0f840752-12bc-4df9-ad9d-5b67a76afb1c","final":false,"kind":"status-update","status":{"state":"submitted","timestamp":"2025-09-20T13:54:03.878624+00:00"},"taskId":"af37f563-cbc5-4568-9a27-9e21111e87c8"}}\r\n\r\n'
2025-09-20 20:54:03,906 - DEBUG - Start async tracer
2025-09-20 20:54:03,906 - DEBUG - Attempting to dequeue event (waiting).
2025-09-20 20:54:03,906 - DEBUG - Dequeued event (waited) of type: <class 'a2a.types.TaskStatusUpdateEvent'>
2025-09-20 20:54:03,906 - DEBUG - Dequeued event of type: <class 'a2a.types.TaskStatusUpdateEvent'> in consume_all.
2025-09-20 20:54:03,906 - DEBUG - Marking task as done in EventQueue.
2025-09-20 20:54:03,906 - DEBUG - Marked task as done in event queue in consume_all
2025-09-20 20:54:03,908 - DEBUG - Processing save of task event of type TaskStatusUpdateEvent for task_id: af37f563-cbc5-4568-9a27-9e21111e87c8
2025-09-20 20:54:03,908 - DEBUG - Updating task af37f563-cbc5-4568-9a27-9e21111e87c8 status to: TaskState.working
2025-09-20 20:54:03,908 - DEBUG - Saving task with id: af37f563-cbc5-4568-9a27-9e21111e87c8
2025-09-20 20:54:03,908 - DEBUG - Task af37f563-cbc5-4568-9a27-9e21111e87c8 saved successfully.
2025-09-20 20:54:03,908 - DEBUG - Start async tracer
2025-09-20 20:54:03,909 - DEBUG - chunk: b'data: {"id":"897cb1d0-68c5-48de-917a-74cb9c3420e8","jsonrpc":"2.0","result":{"contextId":"0f840752-12bc-4df9-ad9d-5b67a76afb1c","final":false,"kind":"status-update","status":{"state":"working","timestamp":"2025-09-20T13:54:03.878624+00:00"},"taskId":"af37f563-cbc5-4568-9a27-9e21111e87c8"}}\r\n\r\n'
2025-09-20 20:54:03,909 - DEBUG - Start async tracer
2025-09-20 20:54:03,909 - DEBUG - Attempting to dequeue event (waiting).
2025-09-20 20:54:03,915 - DEBUG - [CostAgent] received chunk keys: ['input']
2025-09-20 20:54:03,917 - DEBUG - [CostAgent] received chunk keys: ['input']
2025-09-20 20:54:03,919 - DEBUG - [CostAgent] received chunk keys: ['input']
2025-09-20 20:54:03,930 - DEBUG - [CostAgent] received chunk keys: ['input']
2025-09-20 20:54:03,932 - DEBUG - [CostAgent] received chunk keys: ['input']
2025-09-20 20:54:03,933 - DEBUG - [CostAgent] received chunk keys: ['input', 'output']
2025-09-20 20:54:03,934 - DEBUG - [CostAgent] received chunk keys: ['input']
2025-09-20 20:54:03,937 - DEBUG - Using AsyncIOEngine.POLLER as I/O engine
2025-09-20 20:54:04,412 - DEBUG - CancelledError in span a2a.server.events.event_queue.EventQueue.dequeue_event
2025-09-20 20:54:04,412 - DEBUG - Start async tracer
2025-09-20 20:54:04,413 - DEBUG - Attempting to dequeue event (waiting).
2025-09-20 20:54:04,920 - DEBUG - CancelledError in span a2a.server.events.event_queue.EventQueue.dequeue_event
2025-09-20 20:54:04,920 - DEBUG - Start async tracer
2025-09-20 20:54:04,920 - DEBUG - Attempting to dequeue event (waiting).
2025-09-20 20:54:05,432 - DEBUG - CancelledError in span a2a.server.events.event_queue.EventQueue.dequeue_event
2025-09-20 20:54:05,433 - DEBUG - Start async tracer
2025-09-20 20:54:05,433 - DEBUG - Attempting to dequeue event (waiting).
2025-09-20 20:54:05,547 - DEBUG - [CostAgent] received chunk keys: ['chunk']
2025-09-20 20:54:05,558 - DEBUG - [CostAgent] received chunk keys: ['input', 'output']
2025-09-20 20:54:05,560 - DEBUG - [CostAgent] received chunk keys: ['input', 'output']
2025-09-20 20:54:05,561 - DEBUG - [CostAgent] received chunk keys: ['input', 'output']
2025-09-20 20:54:05,563 - DEBUG - [CostAgent] received chunk keys: ['input']
2025-09-20 20:54:05,565 - DEBUG - [CostAgent] received chunk keys: ['input', 'output']
2025-09-20 20:54:05,566 - DEBUG - [CostAgent] received chunk keys: ['chunk']
2025-09-20 20:54:05,567 - DEBUG - [CostAgent] received chunk keys: ['input', 'output']
2025-09-20 20:54:05,569 - DEBUG - [CostAgent] received chunk keys: ['chunk']
2025-09-20 20:54:05,570 - DEBUG - [CostAgent] received chunk keys: ['input']
2025-09-20 20:54:05,575 - DEBUG - [CostAgent] received chunk keys: ['input']
2025-09-20 20:54:05,582 - DEBUG - [CostAgent] received chunk keys: ['input', 'output']
2025-09-20 20:54:05,583 - DEBUG - [CostAgent] received chunk keys: ['chunk']
2025-09-20 20:54:05,584 - DEBUG - [CostAgent] received chunk keys: ['input', 'output']
2025-09-20 20:54:05,587 - DEBUG - [CostAgent] received chunk keys: ['chunk']
2025-09-20 20:54:05,588 - DEBUG - [CostAgent] received chunk keys: ['input']
2025-09-20 20:54:05,590 - DEBUG - [CostAgent] received chunk keys: ['input']
2025-09-20 20:54:05,593 - DEBUG - [CostAgent] received chunk keys: ['input']
2025-09-20 20:54:05,595 - DEBUG - [CostAgent] received chunk keys: ['input']
2025-09-20 20:54:05,596 - DEBUG - [CostAgent] received chunk keys: ['input', 'output']
2025-09-20 20:54:05,600 - DEBUG - [CostAgent] received chunk keys: ['input']
2025-09-20 20:54:05,944 - DEBUG - CancelledError in span a2a.server.events.event_queue.EventQueue.dequeue_event
2025-09-20 20:54:05,945 - DEBUG - Start async tracer
2025-09-20 20:54:05,945 - DEBUG - Attempting to dequeue event (waiting).
2025-09-20 20:54:06,268 - DEBUG - [CostAgent] received chunk keys: ['chunk']
2025-09-20 20:54:06,435 - DEBUG - CancelledError in span a2a.server.events.event_queue.EventQueue.dequeue_event
2025-09-20 20:54:06,435 - DEBUG - Start async tracer
2025-09-20 20:54:06,435 - DEBUG - Attempting to dequeue event (waiting).
2025-09-20 20:54:06,437 - DEBUG - [CostAgent] received chunk keys: ['chunk']
2025-09-20 20:54:06,539 - DEBUG - [CostAgent] received chunk keys: ['chunk']
2025-09-20 20:54:06,886 - DEBUG - [CostAgent] received chunk keys: ['chunk']
2025-09-20 20:54:06,893 - DEBUG - [CostAgent] received chunk keys: ['input', 'output']
2025-09-20 20:54:06,895 - DEBUG - [CostAgent] received chunk keys: ['input', 'output']
2025-09-20 20:54:06,897 - DEBUG - [CostAgent] received chunk keys: ['input', 'output']
2025-09-20 20:54:06,900 - DEBUG - [CostAgent] received chunk keys: ['input']
2025-09-20 20:54:06,903 - DEBUG - [CostAgent] received chunk keys: ['input', 'output']
2025-09-20 20:54:06,906 - DEBUG - [CostAgent] received chunk keys: ['chunk']
2025-09-20 20:54:06,908 - DEBUG - [CostAgent] received chunk keys: ['input', 'output']
2025-09-20 20:54:06,913 - DEBUG - [CostAgent] received chunk keys: ['chunk']
2025-09-20 20:54:06,915 - DEBUG - [CostAgent] received chunk keys: ['input']
2025-09-20 20:54:06,915 - DEBUG - CancelledError in span a2a.server.events.event_queue.EventQueue.dequeue_event
2025-09-20 20:54:06,915 - DEBUG - Start async tracer
2025-09-20 20:54:06,915 - DEBUG - Attempting to dequeue event (waiting).
2025-09-20 20:54:06,920 - DEBUG - [CostAgent] received chunk keys: ['input']
2025-09-20 20:54:06,920 - DEBUG - cost_tool_rag called
2025-09-20 20:54:07,196 - DEBUG - Best match 'Xuất huyết tiêu hóa' score=0.9377 for input 'Xuất huyết tiêu hóa'
2025-09-20 20:54:07,225 - DEBUG - Gọi LLM với prompt: Trả về điểm từ 0 đến 1 cho mức độ phù hợp của gói mô tả: 'Khám + soi dạ dày cơ bản' với bệnh 'Xuất huyết tiêu hóa' và triệu chứng [].
2025-09-20 20:54:11,574 - DEBUG - LLM trả về: Để đánh giá mức độ phù hợp của gói khám "Khám + soi dạ dày cơ bản" với bệnh "Xuất huyết tiêu hóa" và không có triệu chứng cụ thể nào được cung cấp, tôi sẽ đưa ra điểm **0.7**. Dưới đây là giải thích chi tiết:

*   **Mức độ liên quan của gói khám:**
    *   **Khám:** Khám tổng quát là bước đầu tiên quan trọng để đánh giá tình trạng bệnh nhân và xác định hướng điều trị tiếp theo. Trong trường hợp xu
2025-09-20 20:54:11,617 - DEBUG - Gọi LLM với prompt: Trả về điểm từ 0 đến 1 cho mức độ phù hợp của gói mô tả: 'Nội soi tiêu hóa + xét nghiệm máu' với bệnh 'Xuất huyết tiêu hóa' và triệu chứng [].
2025-09-20 20:54:15,300 - DEBUG - LLM trả về: Để đánh giá mức độ phù hợp của gói mô tả "Nội soi tiêu hóa + xét nghiệm máu" với bệnh "Xuất huyết tiêu hóa" và không có triệu chứng cụ thể nào được cung cấp, tôi sẽ phân tích dựa trên kiến thức y khoa tổng quát và tầm quan trọng của các xét nghiệm này trong chẩn đoán và quản lý xuất huyết tiêu hóa.

**Phân tích:**

*   **Xuất huyết tiêu hóa (XHTH):** Là tình trạng chảy máu từ đường tiêu hóa, có th
2025-09-20 20:54:15,309 - DEBUG - Lưu history cho session None
2025-09-20 20:54:15,310 - DEBUG - cost_tool_rag completed
2025-09-20 20:54:15,312 - DEBUG - [CostAgent] received chunk keys: ['input']
2025-09-20 20:54:15,315 - DEBUG - [CostAgent] received chunk keys: ['chunk']
2025-09-20 20:54:15,317 - DEBUG - [CostAgent] received chunk keys: ['chunk']
2025-09-20 20:54:15,319 - DEBUG - [CostAgent] received chunk keys: ['chunk']
2025-09-20 20:54:15,322 - DEBUG - [CostAgent] received chunk keys: ['chunk']
2025-09-20 20:54:15,325 - DEBUG - [CostAgent] received chunk keys: ['chunk']
2025-09-20 20:54:15,328 - DEBUG - [CostAgent] received chunk keys: ['chunk']
2025-09-20 20:54:15,332 - DEBUG - [CostAgent] received chunk keys: ['chunk']
2025-09-20 20:54:15,336 - DEBUG - [CostAgent] received chunk keys: ['chunk']
2025-09-20 20:54:15,338 - DEBUG - [CostAgent] received chunk keys: ['chunk']
2025-09-20 20:54:15,341 - DEBUG - [CostAgent] received chunk keys: ['chunk']
2025-09-20 20:54:15,345 - DEBUG - [CostAgent] received chunk keys: ['chunk']
2025-09-20 20:54:15,347 - DEBUG - [CostAgent] received chunk keys: ['chunk']
2025-09-20 20:54:15,351 - DEBUG - [CostAgent] received chunk keys: ['input', 'output']
2025-09-20 20:54:15,353 - DEBUG - [CostAgent] received chunk keys: ['input']
2025-09-20 20:54:15,357 - DEBUG - [CostAgent] received chunk keys: ['chunk']
2025-09-20 20:54:15,359 - DEBUG - [CostAgent] received chunk keys: ['chunk']
2025-09-20 20:54:15,362 - DEBUG - [CostAgent] received chunk keys: ['chunk']
2025-09-20 20:54:15,365 - DEBUG - [CostAgent] received chunk keys: ['chunk']
2025-09-20 20:54:15,367 - DEBUG - [CostAgent] received chunk keys: ['chunk']
2025-09-20 20:54:15,371 - DEBUG - [CostAgent] received chunk keys: ['chunk']
2025-09-20 20:54:15,373 - DEBUG - [CostAgent] received chunk keys: ['chunk']
2025-09-20 20:54:15,377 - DEBUG - [CostAgent] received chunk keys: ['chunk']
2025-09-20 20:54:15,380 - DEBUG - [CostAgent] received chunk keys: ['chunk']
2025-09-20 20:54:15,383 - DEBUG - [CostAgent] received chunk keys: ['chunk']
2025-09-20 20:54:15,386 - DEBUG - [CostAgent] received chunk keys: ['chunk']
2025-09-20 20:54:15,388 - DEBUG - [CostAgent] received chunk keys: ['chunk']
2025-09-20 20:54:15,393 - DEBUG - [CostAgent] received chunk keys: ['input', 'output']
2025-09-20 20:54:15,393 - DEBUG - CancelledError in span a2a.server.events.event_queue.EventQueue.dequeue_event
2025-09-20 20:54:15,394 - DEBUG - Start async tracer
2025-09-20 20:54:15,394 - DEBUG - Attempting to dequeue event (waiting).
2025-09-20 20:54:15,398 - DEBUG - [CostAgent] received chunk keys: ['input', 'output']
2025-09-20 20:54:15,402 - DEBUG - [CostAgent] received chunk keys: ['chunk']
2025-09-20 20:54:15,406 - DEBUG - [CostAgent] received chunk keys: ['input', 'output']
2025-09-20 20:54:15,409 - DEBUG - [CostAgent] received chunk keys: ['chunk']
2025-09-20 20:54:15,414 - DEBUG - [CostAgent] received chunk keys: ['input']
2025-09-20 20:54:15,418 - DEBUG - [CostAgent] received chunk keys: ['input']
2025-09-20 20:54:15,423 - DEBUG - [CostAgent] received chunk keys: ['input']
2025-09-20 20:54:15,429 - DEBUG - [CostAgent] received chunk keys: ['input']
2025-09-20 20:54:15,432 - DEBUG - [CostAgent] received chunk keys: ['input', 'output']
2025-09-20 20:54:15,437 - DEBUG - [CostAgent] received chunk keys: ['input']
2025-09-20 20:54:15,886 - DEBUG - CancelledError in span a2a.server.events.event_queue.EventQueue.dequeue_event
2025-09-20 20:54:15,887 - DEBUG - Start async tracer
2025-09-20 20:54:15,887 - DEBUG - Attempting to dequeue event (waiting).
2025-09-20 20:54:16,131 - DEBUG - [CostAgent] received chunk keys: ['chunk']
2025-09-20 20:54:16,231 - DEBUG - [CostAgent] received chunk keys: ['chunk']
2025-09-20 20:54:16,384 - DEBUG - CancelledError in span a2a.server.events.event_queue.EventQueue.dequeue_event
2025-09-20 20:54:16,384 - DEBUG - Start async tracer
2025-09-20 20:54:16,384 - DEBUG - Attempting to dequeue event (waiting).
2025-09-20 20:54:16,425 - DEBUG - [CostAgent] received chunk keys: ['chunk']
2025-09-20 20:54:16,580 - DEBUG - [CostAgent] received chunk keys: ['chunk']
2025-09-20 20:54:16,711 - DEBUG - [CostAgent] received chunk keys: ['chunk']
2025-09-20 20:54:16,898 - DEBUG - CancelledError in span a2a.server.events.event_queue.EventQueue.dequeue_event
2025-09-20 20:54:16,898 - DEBUG - Start async tracer
2025-09-20 20:54:16,898 - DEBUG - Attempting to dequeue event (waiting).
2025-09-20 20:54:16,968 - DEBUG - [CostAgent] received chunk keys: ['chunk']
2025-09-20 20:54:17,226 - DEBUG - [CostAgent] received chunk keys: ['chunk']
2025-09-20 20:54:17,231 - DEBUG - [CostAgent] received chunk keys: ['input', 'output']
2025-09-20 20:54:17,235 - DEBUG - [CostAgent] received chunk keys: ['input', 'output']
2025-09-20 20:54:17,239 - DEBUG - [CostAgent] received chunk keys: ['input', 'output']
2025-09-20 20:54:17,243 - DEBUG - [CostAgent] received chunk keys: ['input']
2025-09-20 20:54:17,248 - DEBUG - [CostAgent] received chunk keys: ['input', 'output']
2025-09-20 20:54:17,253 - DEBUG - [CostAgent] received chunk keys: ['chunk']
2025-09-20 20:54:17,258 - DEBUG - [CostAgent] received chunk keys: ['input', 'output']
2025-09-20 20:54:17,263 - DEBUG - [CostAgent] received chunk keys: ['chunk']
2025-09-20 20:54:17,268 - DEBUG - [CostAgent] received chunk keys: ['input']
2025-09-20 20:54:17,274 - DEBUG - [CostAgent] received chunk keys: ['input']
2025-09-20 20:54:17,284 - DEBUG - [CostAgent] received chunk keys: ['input']
2025-09-20 20:54:17,293 - DEBUG - [CostAgent] received chunk keys: ['input']
2025-09-20 20:54:17,406 - DEBUG - CancelledError in span a2a.server.events.event_queue.EventQueue.dequeue_event
2025-09-20 20:54:17,406 - DEBUG - Start async tracer
2025-09-20 20:54:17,406 - DEBUG - Attempting to dequeue event (waiting).
2025-09-20 20:54:17,899 - DEBUG - CancelledError in span a2a.server.events.event_queue.EventQueue.dequeue_event
2025-09-20 20:54:17,899 - DEBUG - Start async tracer
2025-09-20 20:54:17,899 - DEBUG - Attempting to dequeue event (waiting).
2025-09-20 20:54:18,415 - DEBUG - CancelledError in span a2a.server.events.event_queue.EventQueue.dequeue_event
2025-09-20 20:54:18,416 - DEBUG - Start async tracer
2025-09-20 20:54:18,416 - DEBUG - Attempting to dequeue event (waiting).
2025-09-20 20:54:18,884 - DEBUG - ping: b': ping - 2025-09-20 13:54:18.884644+00:00\r\n\r\n'
2025-09-20 20:54:18,931 - DEBUG - CancelledError in span a2a.server.events.event_queue.EventQueue.dequeue_event
2025-09-20 20:54:18,931 - DEBUG - Start async tracer
2025-09-20 20:54:18,931 - DEBUG - Attempting to dequeue event (waiting).
2025-09-20 20:54:19,066 - DEBUG - [CostAgent] received chunk keys: ['chunk']
2025-09-20 20:54:19,073 - DEBUG - [CostAgent] received chunk keys: ['input', 'output']
2025-09-20 20:54:19,079 - DEBUG - [CostAgent] received chunk keys: ['input']
2025-09-20 20:54:19,085 - DEBUG - [CostAgent] received chunk keys: ['input', 'output']
2025-09-20 20:54:19,094 - DEBUG - [CostAgent] received chunk keys: ['input', 'output']
2025-09-20 20:54:19,102 - DEBUG - [CostAgent] received chunk keys: ['input', 'output']
2025-09-20 20:54:19,108 - DEBUG - [CostAgent] received chunk keys: ['chunk']
2025-09-20 20:54:19,114 - DEBUG - [CostAgent] received chunk keys: ['input', 'output']
2025-09-20 20:54:19,122 - DEBUG - [CostAgent] received chunk keys: ['chunk']
2025-09-20 20:54:19,123 - DEBUG - [CostAgent] received chunk keys: ['output']
2025-09-20 20:54:19,125 - DEBUG - [CostAgentExecutor] raw event from agent: {'content': '**Các bệnh có thể liên quan:**\n1. Xuất huyết tiêu hóa: Tình trạng chảy máu xảy ra ở đường tiêu hóa.\n\n**Đề xuất chuyên khoa và gói dịch vụ:**\nChuyên khoa: Tiêu hóa\n- Gói nội soi + xét nghiệm — 2800000-3800000 VND — relevance_score: 0.797\n- Gói khám tiêu hóa cơ bản — 800000-1200000 VND — relevance_score: 0.587\n\n**Lời khuyên về chi phí:**\nVới độ tương đồng cao, bạn có thể lựa chọn gói nội soi + xét nghiệm để chẩn đoán và điều trị xuất huyết tiêu hóa. Nếu triệu chứng nhẹ, bạn có thể bắt đầu với gói cơ bản để được khám và tư vấn ban đầu.\n', 'is_task_complete': True, 'require_user_input': False, 'status': 'completed', 'data': None}
2025-09-20 20:54:19,125 - DEBUG - Start async tracer
2025-09-20 20:54:19,126 - DEBUG - Enqueuing event of type: <class 'a2a.types.TaskStatusUpdateEvent'>
2025-09-20 20:54:19,127 - DEBUG - [CostAgentExecutor] Final artifact parts dump: [Part(root=TextPart(kind='text', metadata=None, text='**Các bệnh có thể liên quan:**\n1. Xuất huyết tiêu hóa: Tình trạng chảy máu xảy ra ở đường tiêu hóa.\n\n**Đề xuất chuyên khoa và gói dịch vụ:**\nChuyên khoa: Tiêu hóa\n- Gói nội soi + xét nghiệm — 2800000-3800000 VND — relevance_score: 0.797\n- Gói khám tiêu hóa cơ bản — 800000-1200000 VND — relevance_score: 0.587\n\n**Lời khuyên về chi phí:**\nVới độ tương đồng cao, bạn có thể lựa chọn gói nội soi + xét nghiệm để chẩn đoán và điều trị xuất huyết tiêu hóa. Nếu triệu chứng nhẹ, bạn có thể bắt đầu với gói cơ bản để được khám và tư vấn ban đầu.\n'))]
2025-09-20 20:54:19,127 - DEBUG - Start async tracer
2025-09-20 20:54:19,127 - DEBUG - Enqueuing event of type: <class 'a2a.types.TaskArtifactUpdateEvent'>
2025-09-20 20:54:19,127 - DEBUG - Start async tracer
2025-09-20 20:54:19,128 - DEBUG - Enqueuing event of type: <class 'a2a.types.TaskStatusUpdateEvent'>
2025-09-20 20:54:19,128 - DEBUG - Start async tracer
2025-09-20 20:54:19,128 - DEBUG - Closing EventQueue.
2025-09-20 20:54:19,128 - DEBUG - Dequeued event (waited) of type: <class 'a2a.types.TaskStatusUpdateEvent'>
2025-09-20 20:54:19,129 - DEBUG - Dequeued event of type: <class 'a2a.types.TaskStatusUpdateEvent'> in consume_all.
2025-09-20 20:54:19,129 - DEBUG - Marking task as done in EventQueue.
2025-09-20 20:54:19,129 - DEBUG - Marked task as done in event queue in consume_all
2025-09-20 20:54:19,129 - DEBUG - Processing save of task event of type TaskStatusUpdateEvent for task_id: af37f563-cbc5-4568-9a27-9e21111e87c8
2025-09-20 20:54:19,130 - DEBUG - Updating task af37f563-cbc5-4568-9a27-9e21111e87c8 status to: TaskState.working
2025-09-20 20:54:19,130 - DEBUG - Saving task with id: af37f563-cbc5-4568-9a27-9e21111e87c8
2025-09-20 20:54:19,130 - DEBUG - Task af37f563-cbc5-4568-9a27-9e21111e87c8 saved successfully.
2025-09-20 20:54:19,130 - DEBUG - Start async tracer
2025-09-20 20:54:19,131 - DEBUG - chunk: b'data: {"id":"897cb1d0-68c5-48de-917a-74cb9c3420e8","jsonrpc":"2.0","result":{"contextId":"0f840752-12bc-4df9-ad9d-5b67a76afb1c","final":false,"kind":"status-update","status":{"message":{"kind":"message","messageId":"da389458-4132-48f3-8469-78baad0a219c","parts":[{"kind":"text","text":"**C\xc3\xa1c b\xe1\xbb\x87nh c\xc3\xb3 th\xe1\xbb\x83 li\xc3\xaan quan:**\\n1. Xu\xe1\xba\xa5t huy\xe1\xba\xbft ti\xc3\xaau h\xc3\xb3a: T\xc3\xacnh tr\xe1\xba\xa1ng ch\xe1\xba\xa3y m\xc3\xa1u x\xe1\xba\xa3y ra \xe1\xbb\x9f \xc4\x91\xc6\xb0\xe1\xbb\x9dng ti\xc3\xaau h\xc3\xb3a.\\n\\n**\xc4\x90\xe1\xbb\x81 xu\xe1\xba\xa5t chuy\xc3\xaan khoa v\xc3\xa0 g\xc3\xb3i d\xe1\xbb\x8bch v\xe1\xbb\xa5:**\\nChuy\xc3\xaan khoa: Ti\xc3\xaau h\xc3\xb3a\\n- G\xc3\xb3i n\xe1\xbb\x99i soi + x\xc3\xa9t nghi\xe1\xbb\x87m \xe2\x80\x94 2800000-3800000 VND \xe2\x80\x94 relevance_score: 0.797\\n- G\xc3\xb3i kh\xc3\xa1m ti\xc3\xaau h\xc3\xb3a c\xc6\xa1 b\xe1\xba\xa3n \xe2\x80\x94 800000-1200000 VND \xe2\x80\x94 relevance_score: 0.587\\n\\n**L\xe1\xbb\x9di khuy\xc3\xaan v\xe1\xbb\x81 chi ph\xc3\xad:**\\nV\xe1\xbb\x9bi \xc4\x91\xe1\xbb\x99 t\xc6\xb0\xc6\xa1ng \xc4\x91\xe1\xbb\x93ng cao, b\xe1\xba\xa1n c\xc3\xb3 th\xe1\xbb\x83 l\xe1\xbb\xb1a ch\xe1\xbb\x8dn g\xc3\xb3i n\xe1\xbb\x99i soi + x\xc3\xa9t nghi\xe1\xbb\x87m \xc4\x91\xe1\xbb\x83 ch\xe1\xba\xa9n \xc4\x91o\xc3\xa1n v\xc3\xa0 \xc4\x91i\xe1\xbb\x81u tr\xe1\xbb\x8b xu\xe1\xba\xa5t huy\xe1\xba\xbft ti\xc3\xaau h\xc3\xb3a. N\xe1\xba\xbfu tri\xe1\xbb\x87u ch\xe1\xbb\xa9ng nh\xe1\xba\xb9, b\xe1\xba\xa1n c\xc3\xb3 th\xe1\xbb\x83 b\xe1\xba\xaft \xc4\x91\xe1\xba\xa7u v\xe1\xbb\x9bi g\xc3\xb3i c\xc6\xa1 b\xe1\xba\xa3n \xc4\x91\xe1\xbb\x83 \xc4\x91\xc6\xb0\xe1\xbb\xa3c kh\xc3\xa1m v\xc3\xa0 t\xc6\xb0 v\xe1\xba\xa5n ban \xc4\x91\xe1\xba\xa7u.\\n"}],"role":"agent"},"state":"working","timestamp":"2025-09-20T13:54:19.125307+00:00"},"taskId":"af37f563-cbc5-4568-9a27-9e21111e87c8"}}\r\n\r\n'
2025-09-20 20:54:19,131 - DEBUG - Start async tracer
2025-09-20 20:54:19,132 - DEBUG - Attempting to dequeue event (waiting).
2025-09-20 20:54:19,132 - DEBUG - Dequeued event (waited) of type: <class 'a2a.types.TaskArtifactUpdateEvent'>
2025-09-20 20:54:19,132 - DEBUG - Dequeued event of type: <class 'a2a.types.TaskArtifactUpdateEvent'> in consume_all.
2025-09-20 20:54:19,133 - DEBUG - Marking task as done in EventQueue.
2025-09-20 20:54:19,133 - DEBUG - Marked task as done in event queue in consume_all
2025-09-20 20:54:19,133 - DEBUG - Processing save of task event of type TaskArtifactUpdateEvent for task_id: af37f563-cbc5-4568-9a27-9e21111e87c8
2025-09-20 20:54:19,133 - DEBUG - Appending artifact to task af37f563-cbc5-4568-9a27-9e21111e87c8
2025-09-20 20:54:19,134 - DEBUG - Adding new artifact with id de61ed9a-6f9b-4fd1-aabd-bc547c688617 for task af37f563-cbc5-4568-9a27-9e21111e87c8
2025-09-20 20:54:19,135 - DEBUG - Saving task with id: af37f563-cbc5-4568-9a27-9e21111e87c8
2025-09-20 20:54:19,135 - DEBUG - Task af37f563-cbc5-4568-9a27-9e21111e87c8 saved successfully.
2025-09-20 20:54:19,136 - DEBUG - Start async tracer
2025-09-20 20:54:19,137 - DEBUG - chunk: b'data: {"id":"897cb1d0-68c5-48de-917a-74cb9c3420e8","jsonrpc":"2.0","result":{"artifact":{"artifactId":"de61ed9a-6f9b-4fd1-aabd-bc547c688617","parts":[{"kind":"text","text":"**C\xc3\xa1c b\xe1\xbb\x87nh c\xc3\xb3 th\xe1\xbb\x83 li\xc3\xaan quan:**\\n1. Xu\xe1\xba\xa5t huy\xe1\xba\xbft ti\xc3\xaau h\xc3\xb3a: T\xc3\xacnh tr\xe1\xba\xa1ng ch\xe1\xba\xa3y m\xc3\xa1u x\xe1\xba\xa3y ra \xe1\xbb\x9f \xc4\x91\xc6\xb0\xe1\xbb\x9dng ti\xc3\xaau h\xc3\xb3a.\\n\\n**\xc4\x90\xe1\xbb\x81 xu\xe1\xba\xa5t chuy\xc3\xaan khoa v\xc3\xa0 g\xc3\xb3i d\xe1\xbb\x8bch v\xe1\xbb\xa5:**\\nChuy\xc3\xaan khoa: Ti\xc3\xaau h\xc3\xb3a\\n- G\xc3\xb3i n\xe1\xbb\x99i soi + x\xc3\xa9t nghi\xe1\xbb\x87m \xe2\x80\x94 2800000-3800000 VND \xe2\x80\x94 relevance_score: 0.797\\n- G\xc3\xb3i kh\xc3\xa1m ti\xc3\xaau h\xc3\xb3a c\xc6\xa1 b\xe1\xba\xa3n \xe2\x80\x94 800000-1200000 VND \xe2\x80\x94 relevance_score: 0.587\\n\\n**L\xe1\xbb\x9di khuy\xc3\xaan v\xe1\xbb\x81 chi ph\xc3\xad:**\\nV\xe1\xbb\x9bi \xc4\x91\xe1\xbb\x99 t\xc6\xb0\xc6\xa1ng \xc4\x91\xe1\xbb\x93ng cao, b\xe1\xba\xa1n c\xc3\xb3 th\xe1\xbb\x83 l\xe1\xbb\xb1a ch\xe1\xbb\x8dn g\xc3\xb3i n\xe1\xbb\x99i soi + x\xc3\xa9t nghi\xe1\xbb\x87m \xc4\x91\xe1\xbb\x83 ch\xe1\xba\xa9n \xc4\x91o\xc3\xa1n v\xc3\xa0 \xc4\x91i\xe1\xbb\x81u tr\xe1\xbb\x8b xu\xe1\xba\xa5t huy\xe1\xba\xbft ti\xc3\xaau h\xc3\xb3a. N\xe1\xba\xbfu tri\xe1\xbb\x87u ch\xe1\xbb\xa9ng nh\xe1\xba\xb9, b\xe1\xba\xa1n c\xc3\xb3 th\xe1\xbb\x83 b\xe1\xba\xaft \xc4\x91\xe1\xba\xa7u v\xe1\xbb\x9bi g\xc3\xb3i c\xc6\xa1 b\xe1\xba\xa3n \xc4\x91\xe1\xbb\x83 \xc4\x91\xc6\xb0\xe1\xbb\xa3c kh\xc3\xa1m v\xc3\xa0 t\xc6\xb0 v\xe1\xba\xa5n ban \xc4\x91\xe1\xba\xa7u.\\n"}]},"contextId":"0f840752-12bc-4df9-ad9d-5b67a76afb1c","kind":"artifact-update","taskId":"af37f563-cbc5-4568-9a27-9e21111e87c8"}}\r\n\r\n'
2025-09-20 20:54:19,137 - DEBUG - Start async tracer
2025-09-20 20:54:19,137 - DEBUG - Attempting to dequeue event (waiting).
2025-09-20 20:54:19,137 - DEBUG - Dequeued event (waited) of type: <class 'a2a.types.TaskStatusUpdateEvent'>
2025-09-20 20:54:19,137 - DEBUG - Dequeued event of type: <class 'a2a.types.TaskStatusUpdateEvent'> in consume_all.
2025-09-20 20:54:19,138 - DEBUG - Marking task as done in EventQueue.
2025-09-20 20:54:19,138 - DEBUG - Marked task as done in event queue in consume_all
2025-09-20 20:54:19,138 - DEBUG - Stopping event consumption in consume_all.
2025-09-20 20:54:19,139 - DEBUG - Start async tracer
2025-09-20 20:54:19,139 - DEBUG - Closing EventQueue.
2025-09-20 20:54:19,139 - DEBUG - Processing save of task event of type TaskStatusUpdateEvent for task_id: af37f563-cbc5-4568-9a27-9e21111e87c8
2025-09-20 20:54:19,139 - DEBUG - Updating task af37f563-cbc5-4568-9a27-9e21111e87c8 status to: TaskState.completed
2025-09-20 20:54:19,140 - DEBUG - Saving task with id: af37f563-cbc5-4568-9a27-9e21111e87c8
2025-09-20 20:54:19,140 - DEBUG - Task af37f563-cbc5-4568-9a27-9e21111e87c8 saved successfully.
2025-09-20 20:54:19,140 - DEBUG - Start async tracer
2025-09-20 20:54:19,142 - DEBUG - chunk: b'data: {"id":"897cb1d0-68c5-48de-917a-74cb9c3420e8","jsonrpc":"2.0","result":{"contextId":"0f840752-12bc-4df9-ad9d-5b67a76afb1c","final":true,"kind":"status-update","status":{"state":"completed","timestamp":"2025-09-20T13:54:19.127319+00:00"},"taskId":"af37f563-cbc5-4568-9a27-9e21111e87c8"}}\r\n\r\n'
2025-09-20 20:54:19,142 - DEBUG - Start async tracer
2025-09-20 20:54:19,142 - DEBUG - Agent task callback triggered.
2025-09-20 20:54:19,142 - DEBUG - Start async tracer
2025-09-20 20:54:19,142 - DEBUG - Start async tracer
2025-09-20 20:54:19,142 - DEBUG - Closing EventQueue.
2025-09-20 20:54:19,144 - DEBUG - Got event: http.disconnect. Stop streaming.
2025-09-21 06:09:33,503 - DEBUG - Load embedding model sentence-transformers/paraphrase-multilingual-MiniLM-L12-v2
2025-09-21 06:09:33,507 - INFO - Use pytorch device_name: cpu
2025-09-21 06:09:33,507 - INFO - Load pretrained SentenceTransformer: paraphrase-multilingual-MiniLM-L12-v2
2025-09-21 06:09:33,507 - DEBUG - Starting new HTTPS connection (1): huggingface.co:443
2025-09-21 06:09:34,384 - DEBUG - https://huggingface.co:443 "HEAD /sentence-transformers/paraphrase-multilingual-MiniLM-L12-v2/resolve/main/modules.json HTTP/1.1" 307 0
2025-09-21 06:09:34,654 - DEBUG - https://huggingface.co:443 "HEAD /api/resolve-cache/models/sentence-transformers/paraphrase-multilingual-MiniLM-L12-v2/86741b4e3f5cb7765a600d3a3d55a0f6a6cb443d/modules.json HTTP/1.1" 200 0
2025-09-21 06:09:34,938 - DEBUG - https://huggingface.co:443 "HEAD /sentence-transformers/paraphrase-multilingual-MiniLM-L12-v2/resolve/main/config_sentence_transformers.json HTTP/1.1" 307 0
2025-09-21 06:09:35,204 - DEBUG - https://huggingface.co:443 "HEAD /api/resolve-cache/models/sentence-transformers/paraphrase-multilingual-MiniLM-L12-v2/86741b4e3f5cb7765a600d3a3d55a0f6a6cb443d/config_sentence_transformers.json HTTP/1.1" 200 0
2025-09-21 06:09:35,496 - DEBUG - https://huggingface.co:443 "HEAD /sentence-transformers/paraphrase-multilingual-MiniLM-L12-v2/resolve/main/config_sentence_transformers.json HTTP/1.1" 307 0
2025-09-21 06:09:35,768 - DEBUG - https://huggingface.co:443 "HEAD /api/resolve-cache/models/sentence-transformers/paraphrase-multilingual-MiniLM-L12-v2/86741b4e3f5cb7765a600d3a3d55a0f6a6cb443d/config_sentence_transformers.json HTTP/1.1" 200 0
2025-09-21 06:09:36,063 - DEBUG - https://huggingface.co:443 "HEAD /sentence-transformers/paraphrase-multilingual-MiniLM-L12-v2/resolve/main/README.md HTTP/1.1" 307 0
2025-09-21 06:09:36,333 - DEBUG - https://huggingface.co:443 "HEAD /api/resolve-cache/models/sentence-transformers/paraphrase-multilingual-MiniLM-L12-v2/86741b4e3f5cb7765a600d3a3d55a0f6a6cb443d/README.md HTTP/1.1" 200 0
2025-09-21 06:09:36,614 - DEBUG - https://huggingface.co:443 "HEAD /sentence-transformers/paraphrase-multilingual-MiniLM-L12-v2/resolve/main/modules.json HTTP/1.1" 307 0
2025-09-21 06:09:36,884 - DEBUG - https://huggingface.co:443 "HEAD /api/resolve-cache/models/sentence-transformers/paraphrase-multilingual-MiniLM-L12-v2/86741b4e3f5cb7765a600d3a3d55a0f6a6cb443d/modules.json HTTP/1.1" 200 0
2025-09-21 06:09:37,172 - DEBUG - https://huggingface.co:443 "HEAD /sentence-transformers/paraphrase-multilingual-MiniLM-L12-v2/resolve/main/sentence_bert_config.json HTTP/1.1" 307 0
2025-09-21 06:09:37,435 - DEBUG - https://huggingface.co:443 "HEAD /api/resolve-cache/models/sentence-transformers/paraphrase-multilingual-MiniLM-L12-v2/86741b4e3f5cb7765a600d3a3d55a0f6a6cb443d/sentence_bert_config.json HTTP/1.1" 200 0
2025-09-21 06:09:37,724 - DEBUG - https://huggingface.co:443 "HEAD /sentence-transformers/paraphrase-multilingual-MiniLM-L12-v2/resolve/main/adapter_config.json HTTP/1.1" 404 0
2025-09-21 06:09:38,004 - DEBUG - https://huggingface.co:443 "HEAD /sentence-transformers/paraphrase-multilingual-MiniLM-L12-v2/resolve/main/config.json HTTP/1.1" 307 0
2025-09-21 06:09:38,274 - DEBUG - https://huggingface.co:443 "HEAD /api/resolve-cache/models/sentence-transformers/paraphrase-multilingual-MiniLM-L12-v2/86741b4e3f5cb7765a600d3a3d55a0f6a6cb443d/config.json HTTP/1.1" 200 0
2025-09-21 06:09:38,663 - DEBUG - https://huggingface.co:443 "HEAD /sentence-transformers/paraphrase-multilingual-MiniLM-L12-v2/resolve/main/tokenizer_config.json HTTP/1.1" 307 0
2025-09-21 06:09:38,935 - DEBUG - https://huggingface.co:443 "HEAD /api/resolve-cache/models/sentence-transformers/paraphrase-multilingual-MiniLM-L12-v2/86741b4e3f5cb7765a600d3a3d55a0f6a6cb443d/tokenizer_config.json HTTP/1.1" 200 0
2025-09-21 06:09:39,224 - DEBUG - https://huggingface.co:443 "GET /api/models/sentence-transformers/paraphrase-multilingual-MiniLM-L12-v2/tree/main/additional_chat_templates?recursive=False&expand=False HTTP/1.1" 404 64
2025-09-21 06:09:40,183 - DEBUG - https://huggingface.co:443 "HEAD /sentence-transformers/paraphrase-multilingual-MiniLM-L12-v2/resolve/main/1_Pooling/config.json HTTP/1.1" 307 0
2025-09-21 06:09:40,454 - DEBUG - https://huggingface.co:443 "HEAD /api/resolve-cache/models/sentence-transformers/paraphrase-multilingual-MiniLM-L12-v2/86741b4e3f5cb7765a600d3a3d55a0f6a6cb443d/1_Pooling%2Fconfig.json HTTP/1.1" 200 0
2025-09-21 06:09:40,766 - DEBUG - https://huggingface.co:443 "GET /api/models/sentence-transformers/paraphrase-multilingual-MiniLM-L12-v2 HTTP/1.1" 200 6119
2025-09-21 06:09:40,775 - DEBUG - Index ready: 3 bệnh, 2 chuyên khoa, 3 gói
2025-09-21 06:09:41,269 - DEBUG - Using proactor: IocpProactor
2025-09-21 06:09:48,173 - DEBUG - Initializing InMemoryTaskStore
2025-09-21 06:11:01,695 - DEBUG - Start async tracer
2025-09-21 06:11:01,695 - DEBUG - TaskManager initialized with task_id: None, context_id: None
2025-09-21 06:11:01,700 - DEBUG - task_id is not set, cannot get task.
2025-09-21 06:11:01,701 - DEBUG - Start async tracer
2025-09-21 06:11:01,702 - DEBUG - EventQueue initialized.
2025-09-21 06:11:01,702 - DEBUG - Start async tracer
2025-09-21 06:11:01,702 - DEBUG - EventConsumer initialized
2025-09-21 06:11:01,702 - DEBUG - Starting to consume all events from the queue.
2025-09-21 06:11:01,702 - DEBUG - Start async tracer
2025-09-21 06:11:01,702 - DEBUG - Attempting to dequeue event (waiting).
2025-09-21 06:11:01,702 - DEBUG - Start async tracer
2025-09-21 06:11:01,703 - DEBUG - Start async tracer
2025-09-21 06:11:01,703 - DEBUG - Enqueuing event of type: <class 'a2a.types.TaskStatusUpdateEvent'>
2025-09-21 06:11:01,704 - DEBUG - Start async tracer
2025-09-21 06:11:01,704 - DEBUG - Enqueuing event of type: <class 'a2a.types.TaskStatusUpdateEvent'>
2025-09-21 06:11:01,704 - DEBUG - [CostAgentExecutor] wrapped_input: {'session_id': 'b2e97091-ce61-4171-80d9-e30145775c5d', 'query': 'cho tôi các gói khám bệnh liên quan tới Xuất huyết tiêu hóa đi ', 'final_response_parts': []}
2025-09-21 06:11:01,704 - DEBUG - [CostAgentExecutor] HumanMessage: content='cho tôi các gói khám bệnh liên quan tới Xuất huyết tiêu hóa đi ' additional_kwargs={'session_id': 'b2e97091-ce61-4171-80d9-e30145775c5d', 'final_response_parts': []} response_metadata={}
2025-09-21 06:11:01,729 - DEBUG - Dequeued event (waited) of type: <class 'a2a.types.TaskStatusUpdateEvent'>
2025-09-21 06:11:01,733 - DEBUG - Dequeued event of type: <class 'a2a.types.TaskStatusUpdateEvent'> in consume_all.
2025-09-21 06:11:01,733 - DEBUG - Marking task as done in EventQueue.
2025-09-21 06:11:01,733 - DEBUG - Marked task as done in event queue in consume_all
2025-09-21 06:11:01,733 - DEBUG - Processing save of task event of type TaskStatusUpdateEvent for task_id: ff23b24d-4d69-4d82-bc48-2f63ad8f7ca8
2025-09-21 06:11:01,733 - DEBUG - Attempting to retrieve existing task with id: ff23b24d-4d69-4d82-bc48-2f63ad8f7ca8
2025-09-21 06:11:01,733 - DEBUG - Attempting to get task with id: ff23b24d-4d69-4d82-bc48-2f63ad8f7ca8
2025-09-21 06:11:01,733 - DEBUG - Task ff23b24d-4d69-4d82-bc48-2f63ad8f7ca8 not found in store.
2025-09-21 06:11:01,733 - INFO - Task not found or task_id not set. Creating new task for event (task_id: ff23b24d-4d69-4d82-bc48-2f63ad8f7ca8, context_id: b2e97091-ce61-4171-80d9-e30145775c5d).
2025-09-21 06:11:01,735 - DEBUG - Initializing new Task object with task_id: ff23b24d-4d69-4d82-bc48-2f63ad8f7ca8, context_id: b2e97091-ce61-4171-80d9-e30145775c5d
2025-09-21 06:11:01,735 - DEBUG - Saving task with id: ff23b24d-4d69-4d82-bc48-2f63ad8f7ca8
2025-09-21 06:11:01,736 - DEBUG - Task ff23b24d-4d69-4d82-bc48-2f63ad8f7ca8 saved successfully.
2025-09-21 06:11:01,736 - DEBUG - Updating task ff23b24d-4d69-4d82-bc48-2f63ad8f7ca8 status to: TaskState.submitted
2025-09-21 06:11:01,736 - DEBUG - Saving task with id: ff23b24d-4d69-4d82-bc48-2f63ad8f7ca8
2025-09-21 06:11:01,736 - DEBUG - Task ff23b24d-4d69-4d82-bc48-2f63ad8f7ca8 saved successfully.
2025-09-21 06:11:01,736 - DEBUG - Start async tracer
2025-09-21 06:11:01,737 - DEBUG - chunk: b'data: {"id":"3d4ae195-2bf3-4abf-a445-9c896dcfc27c","jsonrpc":"2.0","result":{"contextId":"b2e97091-ce61-4171-80d9-e30145775c5d","final":false,"kind":"status-update","status":{"state":"submitted","timestamp":"2025-09-20T23:11:01.703638+00:00"},"taskId":"ff23b24d-4d69-4d82-bc48-2f63ad8f7ca8"}}\r\n\r\n'
2025-09-21 06:11:01,737 - DEBUG - Start async tracer
2025-09-21 06:11:01,737 - DEBUG - Attempting to dequeue event (waiting).
2025-09-21 06:11:01,737 - DEBUG - Dequeued event (waited) of type: <class 'a2a.types.TaskStatusUpdateEvent'>
2025-09-21 06:11:01,737 - DEBUG - Dequeued event of type: <class 'a2a.types.TaskStatusUpdateEvent'> in consume_all.
2025-09-21 06:11:01,737 - DEBUG - Marking task as done in EventQueue.
2025-09-21 06:11:01,737 - DEBUG - Marked task as done in event queue in consume_all
2025-09-21 06:11:01,737 - DEBUG - Processing save of task event of type TaskStatusUpdateEvent for task_id: ff23b24d-4d69-4d82-bc48-2f63ad8f7ca8
2025-09-21 06:11:01,737 - DEBUG - Updating task ff23b24d-4d69-4d82-bc48-2f63ad8f7ca8 status to: TaskState.working
2025-09-21 06:11:01,737 - DEBUG - Saving task with id: ff23b24d-4d69-4d82-bc48-2f63ad8f7ca8
2025-09-21 06:11:01,737 - DEBUG - Task ff23b24d-4d69-4d82-bc48-2f63ad8f7ca8 saved successfully.
2025-09-21 06:11:01,737 - DEBUG - Start async tracer
2025-09-21 06:11:01,737 - DEBUG - chunk: b'data: {"id":"3d4ae195-2bf3-4abf-a445-9c896dcfc27c","jsonrpc":"2.0","result":{"contextId":"b2e97091-ce61-4171-80d9-e30145775c5d","final":false,"kind":"status-update","status":{"state":"working","timestamp":"2025-09-20T23:11:01.704383+00:00"},"taskId":"ff23b24d-4d69-4d82-bc48-2f63ad8f7ca8"}}\r\n\r\n'
2025-09-21 06:11:01,737 - DEBUG - Start async tracer
2025-09-21 06:11:01,737 - DEBUG - Attempting to dequeue event (waiting).
2025-09-21 06:11:01,743 - DEBUG - [CostAgent] received chunk keys: ['input']
2025-09-21 06:11:01,749 - DEBUG - [CostAgent] received chunk keys: ['input']
2025-09-21 06:11:01,750 - DEBUG - [CostAgent] received chunk keys: ['input']
2025-09-21 06:11:01,764 - DEBUG - [CostAgent] received chunk keys: ['input']
2025-09-21 06:11:01,766 - DEBUG - [CostAgent] received chunk keys: ['input']
2025-09-21 06:11:01,767 - DEBUG - [CostAgent] received chunk keys: ['input', 'output']
2025-09-21 06:11:01,769 - DEBUG - [CostAgent] received chunk keys: ['input']
2025-09-21 06:11:01,772 - DEBUG - Using AsyncIOEngine.POLLER as I/O engine
2025-09-21 06:11:02,228 - DEBUG - CancelledError in span a2a.server.events.event_queue.EventQueue.dequeue_event
2025-09-21 06:11:02,228 - DEBUG - Start async tracer
2025-09-21 06:11:02,228 - DEBUG - Attempting to dequeue event (waiting).
2025-09-21 06:11:02,742 - DEBUG - CancelledError in span a2a.server.events.event_queue.EventQueue.dequeue_event
2025-09-21 06:11:02,743 - DEBUG - Start async tracer
2025-09-21 06:11:02,743 - DEBUG - Attempting to dequeue event (waiting).
2025-09-21 06:11:03,270 - DEBUG - CancelledError in span a2a.server.events.event_queue.EventQueue.dequeue_event
2025-09-21 06:11:03,270 - DEBUG - Start async tracer
2025-09-21 06:11:03,270 - DEBUG - Attempting to dequeue event (waiting).
2025-09-21 06:11:03,556 - DEBUG - [CostAgent] received chunk keys: ['chunk']
2025-09-21 06:11:03,661 - DEBUG - [CostAgent] received chunk keys: ['chunk']
2025-09-21 06:11:03,770 - DEBUG - CancelledError in span a2a.server.events.event_queue.EventQueue.dequeue_event
2025-09-21 06:11:03,770 - DEBUG - Start async tracer
2025-09-21 06:11:03,771 - DEBUG - Attempting to dequeue event (waiting).
2025-09-21 06:11:03,777 - DEBUG - [CostAgent] received chunk keys: ['chunk']
2025-09-21 06:11:03,778 - DEBUG - [CostAgent] received chunk keys: ['chunk']
2025-09-21 06:11:03,785 - DEBUG - [CostAgent] received chunk keys: ['input', 'output']
2025-09-21 06:11:03,785 - DEBUG - [CostAgent] received chunk keys: ['input', 'output']
2025-09-21 06:11:03,791 - DEBUG - [CostAgent] received chunk keys: ['input', 'output']
2025-09-21 06:11:03,792 - DEBUG - [CostAgent] received chunk keys: ['input']
2025-09-21 06:11:03,795 - DEBUG - [CostAgent] received chunk keys: ['input', 'output']
2025-09-21 06:11:03,795 - DEBUG - [CostAgent] received chunk keys: ['chunk']
2025-09-21 06:11:03,795 - DEBUG - [CostAgent] received chunk keys: ['input', 'output']
2025-09-21 06:11:03,799 - DEBUG - [CostAgent] received chunk keys: ['chunk']
2025-09-21 06:11:03,801 - DEBUG - [CostAgent] received chunk keys: ['input']
2025-09-21 06:11:03,801 - DEBUG - [CostAgent] received chunk keys: ['input']
2025-09-21 06:11:03,808 - DEBUG - [CostAgent] received chunk keys: ['input']
2025-09-21 06:11:03,809 - DEBUG - [CostAgent] received chunk keys: ['input']
2025-09-21 06:11:04,273 - DEBUG - CancelledError in span a2a.server.events.event_queue.EventQueue.dequeue_event
2025-09-21 06:11:04,273 - DEBUG - Start async tracer
2025-09-21 06:11:04,273 - DEBUG - Attempting to dequeue event (waiting).
2025-09-21 06:11:04,783 - DEBUG - CancelledError in span a2a.server.events.event_queue.EventQueue.dequeue_event
2025-09-21 06:11:04,783 - DEBUG - Start async tracer
2025-09-21 06:11:04,784 - DEBUG - Attempting to dequeue event (waiting).
2025-09-21 06:11:04,793 - DEBUG - [CostAgent] received chunk keys: ['chunk']
2025-09-21 06:11:04,800 - DEBUG - [CostAgent] received chunk keys: ['input', 'output']
2025-09-21 06:11:04,803 - DEBUG - [CostAgent] received chunk keys: ['input']
2025-09-21 06:11:04,807 - DEBUG - [CostAgent] received chunk keys: ['input', 'output']
2025-09-21 06:11:04,809 - DEBUG - [CostAgent] received chunk keys: ['input', 'output']
2025-09-21 06:11:04,810 - DEBUG - [CostAgent] received chunk keys: ['input', 'output']
2025-09-21 06:11:04,812 - DEBUG - [CostAgent] received chunk keys: ['chunk']
2025-09-21 06:11:04,813 - DEBUG - [CostAgent] received chunk keys: ['input', 'output']
2025-09-21 06:11:04,816 - DEBUG - [CostAgent] received chunk keys: ['chunk']
2025-09-21 06:11:04,816 - DEBUG - [CostAgent] received chunk keys: ['output']
2025-09-21 06:11:04,817 - DEBUG - [CostAgentExecutor] raw event from agent: {'content': 'Tôi cần thêm thông tin để tìm các gói khám phù hợp. Bạn có thể cung cấp thêm chi tiết về các triệu chứng hoặc bệnh mà bạn đang gặp phải không?\n', 'is_task_complete': True, 'require_user_input': False, 'status': 'completed', 'data': None}
2025-09-21 06:11:04,817 - DEBUG - Start async tracer
2025-09-21 06:11:04,817 - DEBUG - Enqueuing event of type: <class 'a2a.types.TaskStatusUpdateEvent'>
2025-09-21 06:11:04,817 - DEBUG - [CostAgentExecutor] Final artifact parts dump: [Part(root=TextPart(kind='text', metadata=None, text='Tôi cần thêm thông tin để tìm các gói khám phù hợp. Bạn có thể cung cấp thêm chi tiết về các triệu chứng hoặc bệnh mà bạn đang gặp phải không?\n'))]
2025-09-21 06:11:04,818 - DEBUG - Start async tracer
2025-09-21 06:11:04,819 - DEBUG - Enqueuing event of type: <class 'a2a.types.TaskArtifactUpdateEvent'>
2025-09-21 06:11:04,819 - DEBUG - Start async tracer
2025-09-21 06:11:04,820 - DEBUG - Enqueuing event of type: <class 'a2a.types.TaskStatusUpdateEvent'>
2025-09-21 06:11:04,820 - DEBUG - Start async tracer
2025-09-21 06:11:04,820 - DEBUG - Closing EventQueue.
2025-09-21 06:11:04,820 - DEBUG - Dequeued event (waited) of type: <class 'a2a.types.TaskStatusUpdateEvent'>
2025-09-21 06:11:04,820 - DEBUG - Dequeued event of type: <class 'a2a.types.TaskStatusUpdateEvent'> in consume_all.
2025-09-21 06:11:04,820 - DEBUG - Marking task as done in EventQueue.
2025-09-21 06:11:04,820 - DEBUG - Marked task as done in event queue in consume_all
2025-09-21 06:11:04,820 - DEBUG - Processing save of task event of type TaskStatusUpdateEvent for task_id: ff23b24d-4d69-4d82-bc48-2f63ad8f7ca8
2025-09-21 06:11:04,820 - DEBUG - Updating task ff23b24d-4d69-4d82-bc48-2f63ad8f7ca8 status to: TaskState.working
2025-09-21 06:11:04,820 - DEBUG - Saving task with id: ff23b24d-4d69-4d82-bc48-2f63ad8f7ca8
2025-09-21 06:11:04,820 - DEBUG - Task ff23b24d-4d69-4d82-bc48-2f63ad8f7ca8 saved successfully.
2025-09-21 06:11:04,820 - DEBUG - Start async tracer
2025-09-21 06:11:04,820 - DEBUG - chunk: b'data: {"id":"3d4ae195-2bf3-4abf-a445-9c896dcfc27c","jsonrpc":"2.0","result":{"contextId":"b2e97091-ce61-4171-80d9-e30145775c5d","final":false,"kind":"status-update","status":{"message":{"kind":"message","messageId":"6ac10e1d-a882-49fe-9fad-0a6b9d9a0cb2","parts":[{"kind":"text","text":"T\xc3\xb4i c\xe1\xba\xa7n th\xc3\xaam th\xc3\xb4ng tin \xc4\x91\xe1\xbb\x83 t\xc3\xacm c\xc3\xa1c g\xc3\xb3i kh\xc3\xa1m ph\xc3\xb9 h\xe1\xbb\xa3p. B\xe1\xba\xa1n c\xc3\xb3 th\xe1\xbb\x83 cung c\xe1\xba\xa5p th\xc3\xaam chi ti\xe1\xba\xbft v\xe1\xbb\x81 c\xc3\xa1c tri\xe1\xbb\x87u ch\xe1\xbb\xa9ng ho\xe1\xba\xb7c b\xe1\xbb\x87nh m\xc3\xa0 b\xe1\xba\xa1n \xc4\x91ang g\xe1\xba\xb7p ph\xe1\xba\xa3i kh\xc3\xb4ng?\\n"}],"role":"agent"},"state":"working","timestamp":"2025-09-20T23:11:04.817727+00:00"},"taskId":"ff23b24d-4d69-4d82-bc48-2f63ad8f7ca8"}}\r\n\r\n'
2025-09-21 06:11:04,820 - DEBUG - Start async tracer
2025-09-21 06:11:04,820 - DEBUG - Attempting to dequeue event (waiting).
2025-09-21 06:11:04,823 - DEBUG - Dequeued event (waited) of type: <class 'a2a.types.TaskArtifactUpdateEvent'>
2025-09-21 06:11:04,823 - DEBUG - Dequeued event of type: <class 'a2a.types.TaskArtifactUpdateEvent'> in consume_all.
2025-09-21 06:11:04,823 - DEBUG - Marking task as done in EventQueue.
2025-09-21 06:11:04,823 - DEBUG - Marked task as done in event queue in consume_all
2025-09-21 06:11:04,823 - DEBUG - Processing save of task event of type TaskArtifactUpdateEvent for task_id: ff23b24d-4d69-4d82-bc48-2f63ad8f7ca8
2025-09-21 06:11:04,823 - DEBUG - Appending artifact to task ff23b24d-4d69-4d82-bc48-2f63ad8f7ca8
2025-09-21 06:11:04,823 - DEBUG - Adding new artifact with id 5dc79913-e9c3-40f0-8831-0abb0b834219 for task ff23b24d-4d69-4d82-bc48-2f63ad8f7ca8
2025-09-21 06:11:04,823 - DEBUG - Saving task with id: ff23b24d-4d69-4d82-bc48-2f63ad8f7ca8
2025-09-21 06:11:04,823 - DEBUG - Task ff23b24d-4d69-4d82-bc48-2f63ad8f7ca8 saved successfully.
2025-09-21 06:11:04,823 - DEBUG - Start async tracer
2025-09-21 06:11:04,823 - DEBUG - chunk: b'data: {"id":"3d4ae195-2bf3-4abf-a445-9c896dcfc27c","jsonrpc":"2.0","result":{"artifact":{"artifactId":"5dc79913-e9c3-40f0-8831-0abb0b834219","parts":[{"kind":"text","text":"T\xc3\xb4i c\xe1\xba\xa7n th\xc3\xaam th\xc3\xb4ng tin \xc4\x91\xe1\xbb\x83 t\xc3\xacm c\xc3\xa1c g\xc3\xb3i kh\xc3\xa1m ph\xc3\xb9 h\xe1\xbb\xa3p. B\xe1\xba\xa1n c\xc3\xb3 th\xe1\xbb\x83 cung c\xe1\xba\xa5p th\xc3\xaam chi ti\xe1\xba\xbft v\xe1\xbb\x81 c\xc3\xa1c tri\xe1\xbb\x87u ch\xe1\xbb\xa9ng ho\xe1\xba\xb7c b\xe1\xbb\x87nh m\xc3\xa0 b\xe1\xba\xa1n \xc4\x91ang g\xe1\xba\xb7p ph\xe1\xba\xa3i kh\xc3\xb4ng?\\n"}]},"contextId":"b2e97091-ce61-4171-80d9-e30145775c5d","kind":"artifact-update","taskId":"ff23b24d-4d69-4d82-bc48-2f63ad8f7ca8"}}\r\n\r\n'
2025-09-21 06:11:04,825 - DEBUG - Start async tracer
2025-09-21 06:11:04,826 - DEBUG - Attempting to dequeue event (waiting).
2025-09-21 06:11:04,826 - DEBUG - Dequeued event (waited) of type: <class 'a2a.types.TaskStatusUpdateEvent'>
2025-09-21 06:11:04,826 - DEBUG - Dequeued event of type: <class 'a2a.types.TaskStatusUpdateEvent'> in consume_all.
2025-09-21 06:11:04,826 - DEBUG - Marking task as done in EventQueue.
2025-09-21 06:11:04,827 - DEBUG - Marked task as done in event queue in consume_all
2025-09-21 06:11:04,827 - DEBUG - Stopping event consumption in consume_all.
2025-09-21 06:11:04,827 - DEBUG - Start async tracer
2025-09-21 06:11:04,827 - DEBUG - Closing EventQueue.
2025-09-21 06:11:04,827 - DEBUG - Processing save of task event of type TaskStatusUpdateEvent for task_id: ff23b24d-4d69-4d82-bc48-2f63ad8f7ca8
2025-09-21 06:11:04,827 - DEBUG - Updating task ff23b24d-4d69-4d82-bc48-2f63ad8f7ca8 status to: TaskState.completed
2025-09-21 06:11:04,827 - DEBUG - Saving task with id: ff23b24d-4d69-4d82-bc48-2f63ad8f7ca8
2025-09-21 06:11:04,827 - DEBUG - Task ff23b24d-4d69-4d82-bc48-2f63ad8f7ca8 saved successfully.
2025-09-21 06:11:04,827 - DEBUG - Start async tracer
2025-09-21 06:11:04,827 - DEBUG - chunk: b'data: {"id":"3d4ae195-2bf3-4abf-a445-9c896dcfc27c","jsonrpc":"2.0","result":{"contextId":"b2e97091-ce61-4171-80d9-e30145775c5d","final":true,"kind":"status-update","status":{"state":"completed","timestamp":"2025-09-20T23:11:04.819734+00:00"},"taskId":"ff23b24d-4d69-4d82-bc48-2f63ad8f7ca8"}}\r\n\r\n'
2025-09-21 06:11:04,827 - DEBUG - Start async tracer
2025-09-21 06:11:04,827 - DEBUG - Agent task callback triggered.
2025-09-21 06:11:04,827 - DEBUG - Start async tracer
2025-09-21 06:11:04,827 - DEBUG - Start async tracer
2025-09-21 06:11:04,827 - DEBUG - Closing EventQueue.
2025-09-21 06:11:04,827 - DEBUG - Got event: http.disconnect. Stop streaming.
2025-09-21 06:12:44,814 - DEBUG - Start async tracer
2025-09-21 06:12:44,814 - DEBUG - TaskManager initialized with task_id: None, context_id: None
2025-09-21 06:12:44,814 - DEBUG - task_id is not set, cannot get task.
2025-09-21 06:12:44,814 - DEBUG - Start async tracer
2025-09-21 06:12:44,814 - DEBUG - EventQueue initialized.
2025-09-21 06:12:44,814 - DEBUG - Start async tracer
2025-09-21 06:12:44,814 - DEBUG - EventConsumer initialized
2025-09-21 06:12:44,814 - DEBUG - Starting to consume all events from the queue.
2025-09-21 06:12:44,814 - DEBUG - Start async tracer
2025-09-21 06:12:44,814 - DEBUG - Attempting to dequeue event (waiting).
2025-09-21 06:12:44,814 - DEBUG - Start async tracer
2025-09-21 06:12:44,814 - DEBUG - Start async tracer
2025-09-21 06:12:44,814 - DEBUG - Enqueuing event of type: <class 'a2a.types.TaskStatusUpdateEvent'>
2025-09-21 06:12:44,814 - DEBUG - Start async tracer
2025-09-21 06:12:44,818 - DEBUG - Enqueuing event of type: <class 'a2a.types.TaskStatusUpdateEvent'>
2025-09-21 06:12:44,818 - DEBUG - [CostAgentExecutor] wrapped_input: {'session_id': '4c1b922a-29b6-434f-bbc9-2e708b5ca836', 'query': 'cho tôi các gói khám bệnh liên quan tới Xuất huyết tiêu hóa đi', 'final_response_parts': []}
2025-09-21 06:12:44,818 - DEBUG - [CostAgentExecutor] HumanMessage: content='cho tôi các gói khám bệnh liên quan tới Xuất huyết tiêu hóa đi' additional_kwargs={'session_id': '4c1b922a-29b6-434f-bbc9-2e708b5ca836', 'final_response_parts': []} response_metadata={}
2025-09-21 06:12:44,826 - DEBUG - Dequeued event (waited) of type: <class 'a2a.types.TaskStatusUpdateEvent'>
2025-09-21 06:12:44,826 - DEBUG - Dequeued event of type: <class 'a2a.types.TaskStatusUpdateEvent'> in consume_all.
2025-09-21 06:12:44,827 - DEBUG - Marking task as done in EventQueue.
2025-09-21 06:12:44,827 - DEBUG - Marked task as done in event queue in consume_all
2025-09-21 06:12:44,827 - DEBUG - Processing save of task event of type TaskStatusUpdateEvent for task_id: a9c177b5-e6f8-43dd-a37f-52ab63e1e04f
2025-09-21 06:12:44,827 - DEBUG - Attempting to retrieve existing task with id: a9c177b5-e6f8-43dd-a37f-52ab63e1e04f
2025-09-21 06:12:44,827 - DEBUG - Attempting to get task with id: a9c177b5-e6f8-43dd-a37f-52ab63e1e04f
2025-09-21 06:12:44,827 - DEBUG - Task a9c177b5-e6f8-43dd-a37f-52ab63e1e04f not found in store.
2025-09-21 06:12:44,827 - INFO - Task not found or task_id not set. Creating new task for event (task_id: a9c177b5-e6f8-43dd-a37f-52ab63e1e04f, context_id: 4c1b922a-29b6-434f-bbc9-2e708b5ca836).
2025-09-21 06:12:44,827 - DEBUG - Initializing new Task object with task_id: a9c177b5-e6f8-43dd-a37f-52ab63e1e04f, context_id: 4c1b922a-29b6-434f-bbc9-2e708b5ca836
2025-09-21 06:12:44,827 - DEBUG - Saving task with id: a9c177b5-e6f8-43dd-a37f-52ab63e1e04f
2025-09-21 06:12:44,827 - DEBUG - Task a9c177b5-e6f8-43dd-a37f-52ab63e1e04f saved successfully.
2025-09-21 06:12:44,827 - DEBUG - Updating task a9c177b5-e6f8-43dd-a37f-52ab63e1e04f status to: TaskState.submitted
2025-09-21 06:12:44,827 - DEBUG - Saving task with id: a9c177b5-e6f8-43dd-a37f-52ab63e1e04f
2025-09-21 06:12:44,827 - DEBUG - Task a9c177b5-e6f8-43dd-a37f-52ab63e1e04f saved successfully.
2025-09-21 06:12:44,827 - DEBUG - Start async tracer
2025-09-21 06:12:44,827 - DEBUG - chunk: b'data: {"id":"b8615cb2-3692-4b05-88ec-1876162949a4","jsonrpc":"2.0","result":{"contextId":"4c1b922a-29b6-434f-bbc9-2e708b5ca836","final":false,"kind":"status-update","status":{"state":"submitted","timestamp":"2025-09-20T23:12:44.814298+00:00"},"taskId":"a9c177b5-e6f8-43dd-a37f-52ab63e1e04f"}}\r\n\r\n'
2025-09-21 06:12:44,827 - DEBUG - Start async tracer
2025-09-21 06:12:44,827 - DEBUG - Attempting to dequeue event (waiting).
2025-09-21 06:12:44,827 - DEBUG - Dequeued event (waited) of type: <class 'a2a.types.TaskStatusUpdateEvent'>
2025-09-21 06:12:44,827 - DEBUG - Dequeued event of type: <class 'a2a.types.TaskStatusUpdateEvent'> in consume_all.
2025-09-21 06:12:44,827 - DEBUG - Marking task as done in EventQueue.
2025-09-21 06:12:44,827 - DEBUG - Marked task as done in event queue in consume_all
2025-09-21 06:12:44,827 - DEBUG - Processing save of task event of type TaskStatusUpdateEvent for task_id: a9c177b5-e6f8-43dd-a37f-52ab63e1e04f
2025-09-21 06:12:44,827 - DEBUG - Updating task a9c177b5-e6f8-43dd-a37f-52ab63e1e04f status to: TaskState.working
2025-09-21 06:12:44,827 - DEBUG - Saving task with id: a9c177b5-e6f8-43dd-a37f-52ab63e1e04f
2025-09-21 06:12:44,827 - DEBUG - Task a9c177b5-e6f8-43dd-a37f-52ab63e1e04f saved successfully.
2025-09-21 06:12:44,827 - DEBUG - Start async tracer
2025-09-21 06:12:44,832 - DEBUG - chunk: b'data: {"id":"b8615cb2-3692-4b05-88ec-1876162949a4","jsonrpc":"2.0","result":{"contextId":"4c1b922a-29b6-434f-bbc9-2e708b5ca836","final":false,"kind":"status-update","status":{"state":"working","timestamp":"2025-09-20T23:12:44.814298+00:00"},"taskId":"a9c177b5-e6f8-43dd-a37f-52ab63e1e04f"}}\r\n\r\n'
2025-09-21 06:12:44,832 - DEBUG - Start async tracer
2025-09-21 06:12:44,833 - DEBUG - Attempting to dequeue event (waiting).
2025-09-21 06:12:44,834 - DEBUG - [CostAgent] received chunk keys: ['input']
2025-09-21 06:12:44,835 - DEBUG - [CostAgent] received chunk keys: ['input']
2025-09-21 06:12:44,835 - DEBUG - [CostAgent] received chunk keys: ['input']
2025-09-21 06:12:44,835 - DEBUG - [CostAgent] received chunk keys: ['input']
2025-09-21 06:12:44,839 - DEBUG - [CostAgent] received chunk keys: ['input']
2025-09-21 06:12:44,840 - DEBUG - [CostAgent] received chunk keys: ['input', 'output']
2025-09-21 06:12:44,843 - DEBUG - [CostAgent] received chunk keys: ['input']
2025-09-21 06:12:45,339 - DEBUG - CancelledError in span a2a.server.events.event_queue.EventQueue.dequeue_event
2025-09-21 06:12:45,339 - DEBUG - Start async tracer
2025-09-21 06:12:45,340 - DEBUG - Attempting to dequeue event (waiting).
2025-09-21 06:12:45,841 - DEBUG - CancelledError in span a2a.server.events.event_queue.EventQueue.dequeue_event
2025-09-21 06:12:45,841 - DEBUG - Start async tracer
2025-09-21 06:12:45,841 - DEBUG - Attempting to dequeue event (waiting).
2025-09-21 06:12:46,281 - DEBUG - [CostAgent] received chunk keys: ['chunk']
2025-09-21 06:12:46,293 - DEBUG - [CostAgent] received chunk keys: ['input', 'output']
2025-09-21 06:12:46,294 - DEBUG - [CostAgent] received chunk keys: ['input', 'output']
2025-09-21 06:12:46,296 - DEBUG - [CostAgent] received chunk keys: ['input', 'output']
2025-09-21 06:12:46,297 - DEBUG - [CostAgent] received chunk keys: ['input']
2025-09-21 06:12:46,298 - DEBUG - [CostAgent] received chunk keys: ['input', 'output']
2025-09-21 06:12:46,300 - DEBUG - [CostAgent] received chunk keys: ['chunk']
2025-09-21 06:12:46,301 - DEBUG - [CostAgent] received chunk keys: ['input', 'output']
2025-09-21 06:12:46,302 - DEBUG - [CostAgent] received chunk keys: ['chunk']
2025-09-21 06:12:46,304 - DEBUG - [CostAgent] received chunk keys: ['input']
2025-09-21 06:12:46,305 - DEBUG - [CostAgent] received chunk keys: ['input']
2025-09-21 06:12:46,313 - DEBUG - [CostAgent] received chunk keys: ['input', 'output']
2025-09-21 06:12:46,315 - DEBUG - [CostAgent] received chunk keys: ['chunk']
2025-09-21 06:12:46,316 - DEBUG - [CostAgent] received chunk keys: ['input', 'output']
2025-09-21 06:12:46,318 - DEBUG - [CostAgent] received chunk keys: ['chunk']
2025-09-21 06:12:46,319 - DEBUG - [CostAgent] received chunk keys: ['input']
2025-09-21 06:12:46,321 - DEBUG - [CostAgent] received chunk keys: ['input']
2025-09-21 06:12:46,323 - DEBUG - [CostAgent] received chunk keys: ['input']
2025-09-21 06:12:46,324 - DEBUG - [CostAgent] received chunk keys: ['input']
2025-09-21 06:12:46,326 - DEBUG - [CostAgent] received chunk keys: ['input', 'output']
2025-09-21 06:12:46,328 - DEBUG - [CostAgent] received chunk keys: ['input']
2025-09-21 06:12:46,354 - DEBUG - CancelledError in span a2a.server.events.event_queue.EventQueue.dequeue_event
2025-09-21 06:12:46,354 - DEBUG - Start async tracer
2025-09-21 06:12:46,354 - DEBUG - Attempting to dequeue event (waiting).
2025-09-21 06:12:46,855 - DEBUG - CancelledError in span a2a.server.events.event_queue.EventQueue.dequeue_event
2025-09-21 06:12:46,855 - DEBUG - Start async tracer
2025-09-21 06:12:46,855 - DEBUG - Attempting to dequeue event (waiting).
2025-09-21 06:12:47,003 - DEBUG - [CostAgent] received chunk keys: ['chunk']
2025-09-21 06:12:47,146 - DEBUG - [CostAgent] received chunk keys: ['chunk']
2025-09-21 06:12:47,244 - DEBUG - [CostAgent] received chunk keys: ['chunk']
2025-09-21 06:12:47,348 - DEBUG - CancelledError in span a2a.server.events.event_queue.EventQueue.dequeue_event
2025-09-21 06:12:47,348 - DEBUG - Start async tracer
2025-09-21 06:12:47,348 - DEBUG - Attempting to dequeue event (waiting).
2025-09-21 06:12:47,426 - DEBUG - [CostAgent] received chunk keys: ['chunk']
2025-09-21 06:12:47,564 - DEBUG - [CostAgent] received chunk keys: ['chunk']
2025-09-21 06:12:47,785 - DEBUG - [CostAgent] received chunk keys: ['chunk']
2025-09-21 06:12:47,860 - DEBUG - CancelledError in span a2a.server.events.event_queue.EventQueue.dequeue_event
2025-09-21 06:12:47,860 - DEBUG - Start async tracer
2025-09-21 06:12:47,860 - DEBUG - Attempting to dequeue event (waiting).
2025-09-21 06:12:48,072 - DEBUG - [CostAgent] received chunk keys: ['chunk']
2025-09-21 06:12:48,079 - DEBUG - [CostAgent] received chunk keys: ['input', 'output']
2025-09-21 06:12:48,083 - DEBUG - [CostAgent] received chunk keys: ['input', 'output']
2025-09-21 06:12:48,086 - DEBUG - [CostAgent] received chunk keys: ['input', 'output']
2025-09-21 06:12:48,086 - DEBUG - [CostAgent] received chunk keys: ['input']
2025-09-21 06:12:48,090 - DEBUG - [CostAgent] received chunk keys: ['input', 'output']
2025-09-21 06:12:48,093 - DEBUG - [CostAgent] received chunk keys: ['chunk']
2025-09-21 06:12:48,095 - DEBUG - [CostAgent] received chunk keys: ['input', 'output']
2025-09-21 06:12:48,098 - DEBUG - [CostAgent] received chunk keys: ['chunk']
2025-09-21 06:12:48,100 - DEBUG - [CostAgent] received chunk keys: ['input']
2025-09-21 06:12:48,103 - DEBUG - [CostAgent] received chunk keys: ['input']
2025-09-21 06:12:48,107 - DEBUG - [CostAgent] received chunk keys: ['input']
2025-09-21 06:12:48,112 - DEBUG - [CostAgent] received chunk keys: ['input']
2025-09-21 06:12:48,376 - DEBUG - CancelledError in span a2a.server.events.event_queue.EventQueue.dequeue_event
2025-09-21 06:12:48,376 - DEBUG - Start async tracer
2025-09-21 06:12:48,376 - DEBUG - Attempting to dequeue event (waiting).
2025-09-21 06:12:48,885 - DEBUG - CancelledError in span a2a.server.events.event_queue.EventQueue.dequeue_event
2025-09-21 06:12:48,885 - DEBUG - Start async tracer
2025-09-21 06:12:48,885 - DEBUG - Attempting to dequeue event (waiting).
2025-09-21 06:12:49,292 - DEBUG - [CostAgent] received chunk keys: ['chunk']
2025-09-21 06:12:49,301 - DEBUG - [CostAgent] received chunk keys: ['input', 'output']
2025-09-21 06:12:49,304 - DEBUG - [CostAgent] received chunk keys: ['input']
2025-09-21 06:12:49,309 - DEBUG - [CostAgent] received chunk keys: ['input', 'output']
2025-09-21 06:12:49,311 - DEBUG - [CostAgent] received chunk keys: ['input', 'output']
2025-09-21 06:12:49,316 - DEBUG - [CostAgent] received chunk keys: ['input', 'output']
2025-09-21 06:12:49,318 - DEBUG - [CostAgent] received chunk keys: ['chunk']
2025-09-21 06:12:49,322 - DEBUG - [CostAgent] received chunk keys: ['input', 'output']
2025-09-21 06:12:49,325 - DEBUG - [CostAgent] received chunk keys: ['chunk']
2025-09-21 06:12:49,326 - DEBUG - [CostAgent] received chunk keys: ['output']
2025-09-21 06:12:49,328 - DEBUG - [CostAgentExecutor] raw event from agent: {'content': 'Tôi xin lỗi vì sự cố này. Để cung cấp thông tin về các gói khám liên quan đến Xuất huyết tiêu hóa, tôi cần một định dạng dữ liệu phù hợp. Vui lòng cung cấp lại thông tin, đảm bảo rằng `agent_output` là một từ điển (dictionary) hợp lệ theo định dạng được yêu cầu.\n\nVí dụ:\n```json\n{\n  "session_id": "...",\n  "data": {\n    "synthesized_answer": "cho tôi các gói khám bệnh liên quan tới Xuất huyết tiêu hóa đi",\n    "extracted_symptoms": [],\n    "pdf_results": []\n  }\n}\n```\n\nHoặc nếu bạn có `final_response_parts` từ HostAgent, hãy cung cấp nó để tôi có thể trích xuất thông tin bệnh và đề xuất gói khám phù hợp.\n', 'is_task_complete': True, 'require_user_input': False, 'status': 'completed', 'data': None}
2025-09-21 06:12:49,328 - DEBUG - Start async tracer
2025-09-21 06:12:49,328 - DEBUG - Enqueuing event of type: <class 'a2a.types.TaskStatusUpdateEvent'>
2025-09-21 06:12:49,328 - DEBUG - [CostAgentExecutor] Final artifact parts dump: [Part(root=TextPart(kind='text', metadata=None, text='Tôi xin lỗi vì sự cố này. Để cung cấp thông tin về các gói khám liên quan đến Xuất huyết tiêu hóa, tôi cần một định dạng dữ liệu phù hợp. Vui lòng cung cấp lại thông tin, đảm bảo rằng `agent_output` là một từ điển (dictionary) hợp lệ theo định dạng được yêu cầu.\n\nVí dụ:\n```json\n{\n  "session_id": "...",\n  "data": {\n    "synthesized_answer": "cho tôi các gói khám bệnh liên quan tới Xuất huyết tiêu hóa đi",\n    "extracted_symptoms": [],\n    "pdf_results": []\n  }\n}\n```\n\nHoặc nếu bạn có `final_response_parts` từ HostAgent, hãy cung cấp nó để tôi có thể trích xuất thông tin bệnh và đề xuất gói khám phù hợp.\n'))]
2025-09-21 06:12:49,328 - DEBUG - Start async tracer
2025-09-21 06:12:49,329 - DEBUG - Enqueuing event of type: <class 'a2a.types.TaskArtifactUpdateEvent'>
2025-09-21 06:12:49,329 - DEBUG - Start async tracer
2025-09-21 06:12:49,329 - DEBUG - Enqueuing event of type: <class 'a2a.types.TaskStatusUpdateEvent'>
2025-09-21 06:12:49,329 - DEBUG - Start async tracer
2025-09-21 06:12:49,329 - DEBUG - Closing EventQueue.
2025-09-21 06:12:49,330 - DEBUG - Dequeued event (waited) of type: <class 'a2a.types.TaskStatusUpdateEvent'>
2025-09-21 06:12:49,330 - DEBUG - Dequeued event of type: <class 'a2a.types.TaskStatusUpdateEvent'> in consume_all.
2025-09-21 06:12:49,330 - DEBUG - Marking task as done in EventQueue.
2025-09-21 06:12:49,330 - DEBUG - Marked task as done in event queue in consume_all
2025-09-21 06:12:49,330 - DEBUG - Processing save of task event of type TaskStatusUpdateEvent for task_id: a9c177b5-e6f8-43dd-a37f-52ab63e1e04f
2025-09-21 06:12:49,330 - DEBUG - Updating task a9c177b5-e6f8-43dd-a37f-52ab63e1e04f status to: TaskState.working
2025-09-21 06:12:49,331 - DEBUG - Saving task with id: a9c177b5-e6f8-43dd-a37f-52ab63e1e04f
2025-09-21 06:12:49,331 - DEBUG - Task a9c177b5-e6f8-43dd-a37f-52ab63e1e04f saved successfully.
2025-09-21 06:12:49,331 - DEBUG - Start async tracer
2025-09-21 06:12:49,331 - DEBUG - chunk: b'data: {"id":"b8615cb2-3692-4b05-88ec-1876162949a4","jsonrpc":"2.0","result":{"contextId":"4c1b922a-29b6-434f-bbc9-2e708b5ca836","final":false,"kind":"status-update","status":{"message":{"kind":"message","messageId":"47eed838-4e9a-42eb-939e-6729810918a2","parts":[{"kind":"text","text":"T\xc3\xb4i xin l\xe1\xbb\x97i v\xc3\xac s\xe1\xbb\xb1 c\xe1\xbb\x91 n\xc3\xa0y. \xc4\x90\xe1\xbb\x83 cung c\xe1\xba\xa5p th\xc3\xb4ng tin v\xe1\xbb\x81 c\xc3\xa1c g\xc3\xb3i kh\xc3\xa1m li\xc3\xaan quan \xc4\x91\xe1\xba\xbfn Xu\xe1\xba\xa5t huy\xe1\xba\xbft ti\xc3\xaau h\xc3\xb3a, t\xc3\xb4i c\xe1\xba\xa7n m\xe1\xbb\x99t \xc4\x91\xe1\xbb\x8bnh d\xe1\xba\xa1ng d\xe1\xbb\xaf li\xe1\xbb\x87u ph\xc3\xb9 h\xe1\xbb\xa3p. Vui l\xc3\xb2ng cung c\xe1\xba\xa5p l\xe1\xba\xa1i th\xc3\xb4ng tin, \xc4\x91\xe1\xba\xa3m b\xe1\xba\xa3o r\xe1\xba\xb1ng `agent_output` l\xc3\xa0 m\xe1\xbb\x99t t\xe1\xbb\xab \xc4\x91i\xe1\xbb\x83n (dictionary) h\xe1\xbb\xa3p l\xe1\xbb\x87 theo \xc4\x91\xe1\xbb\x8bnh d\xe1\xba\xa1ng \xc4\x91\xc6\xb0\xe1\xbb\xa3c y\xc3\xaau c\xe1\xba\xa7u.\\n\\nV\xc3\xad d\xe1\xbb\xa5:\\n```json\\n{\\n  \\"session_id\\": \\"...\\",\\n  \\"data\\": {\\n    \\"synthesized_answer\\": \\"cho t\xc3\xb4i c\xc3\xa1c g\xc3\xb3i kh\xc3\xa1m b\xe1\xbb\x87nh li\xc3\xaan quan t\xe1\xbb\x9bi Xu\xe1\xba\xa5t huy\xe1\xba\xbft ti\xc3\xaau h\xc3\xb3a \xc4\x91i\\",\\n    \\"extracted_symptoms\\": [],\\n    \\"pdf_results\\": []\\n  }\\n}\\n```\\n\\nHo\xe1\xba\xb7c n\xe1\xba\xbfu b\xe1\xba\xa1n c\xc3\xb3 `final_response_parts` t\xe1\xbb\xab HostAgent, h\xc3\xa3y cung c\xe1\xba\xa5p n\xc3\xb3 \xc4\x91\xe1\xbb\x83 t\xc3\xb4i c\xc3\xb3 th\xe1\xbb\x83 tr\xc3\xadch xu\xe1\xba\xa5t th\xc3\xb4ng tin b\xe1\xbb\x87nh v\xc3\xa0 \xc4\x91\xe1\xbb\x81 xu\xe1\xba\xa5t g\xc3\xb3i kh\xc3\xa1m ph\xc3\xb9 h\xe1\xbb\xa3p.\\n"}],"role":"agent"},"state":"working","timestamp":"2025-09-20T23:12:49.328965+00:00"},"taskId":"a9c177b5-e6f8-43dd-a37f-52ab63e1e04f"}}\r\n\r\n'
2025-09-21 06:12:49,331 - DEBUG - Start async tracer
2025-09-21 06:12:49,331 - DEBUG - Attempting to dequeue event (waiting).
2025-09-21 06:12:49,333 - DEBUG - Dequeued event (waited) of type: <class 'a2a.types.TaskArtifactUpdateEvent'>
2025-09-21 06:12:49,333 - DEBUG - Dequeued event of type: <class 'a2a.types.TaskArtifactUpdateEvent'> in consume_all.
2025-09-21 06:12:49,333 - DEBUG - Marking task as done in EventQueue.
2025-09-21 06:12:49,333 - DEBUG - Marked task as done in event queue in consume_all
2025-09-21 06:12:49,334 - DEBUG - Processing save of task event of type TaskArtifactUpdateEvent for task_id: a9c177b5-e6f8-43dd-a37f-52ab63e1e04f
2025-09-21 06:12:49,334 - DEBUG - Appending artifact to task a9c177b5-e6f8-43dd-a37f-52ab63e1e04f
2025-09-21 06:12:49,334 - DEBUG - Adding new artifact with id 39deb18f-7ec1-4b8e-82f3-9d075e387d61 for task a9c177b5-e6f8-43dd-a37f-52ab63e1e04f
2025-09-21 06:12:49,334 - DEBUG - Saving task with id: a9c177b5-e6f8-43dd-a37f-52ab63e1e04f
2025-09-21 06:12:49,334 - DEBUG - Task a9c177b5-e6f8-43dd-a37f-52ab63e1e04f saved successfully.
2025-09-21 06:12:49,334 - DEBUG - Start async tracer
2025-09-21 06:12:49,335 - DEBUG - chunk: b'data: {"id":"b8615cb2-3692-4b05-88ec-1876162949a4","jsonrpc":"2.0","result":{"artifact":{"artifactId":"39deb18f-7ec1-4b8e-82f3-9d075e387d61","parts":[{"kind":"text","text":"T\xc3\xb4i xin l\xe1\xbb\x97i v\xc3\xac s\xe1\xbb\xb1 c\xe1\xbb\x91 n\xc3\xa0y. \xc4\x90\xe1\xbb\x83 cung c\xe1\xba\xa5p th\xc3\xb4ng tin v\xe1\xbb\x81 c\xc3\xa1c g\xc3\xb3i kh\xc3\xa1m li\xc3\xaan quan \xc4\x91\xe1\xba\xbfn Xu\xe1\xba\xa5t huy\xe1\xba\xbft ti\xc3\xaau h\xc3\xb3a, t\xc3\xb4i c\xe1\xba\xa7n m\xe1\xbb\x99t \xc4\x91\xe1\xbb\x8bnh d\xe1\xba\xa1ng d\xe1\xbb\xaf li\xe1\xbb\x87u ph\xc3\xb9 h\xe1\xbb\xa3p. Vui l\xc3\xb2ng cung c\xe1\xba\xa5p l\xe1\xba\xa1i th\xc3\xb4ng tin, \xc4\x91\xe1\xba\xa3m b\xe1\xba\xa3o r\xe1\xba\xb1ng `agent_output` l\xc3\xa0 m\xe1\xbb\x99t t\xe1\xbb\xab \xc4\x91i\xe1\xbb\x83n (dictionary) h\xe1\xbb\xa3p l\xe1\xbb\x87 theo \xc4\x91\xe1\xbb\x8bnh d\xe1\xba\xa1ng \xc4\x91\xc6\xb0\xe1\xbb\xa3c y\xc3\xaau c\xe1\xba\xa7u.\\n\\nV\xc3\xad d\xe1\xbb\xa5:\\n```json\\n{\\n  \\"session_id\\": \\"...\\",\\n  \\"data\\": {\\n    \\"synthesized_answer\\": \\"cho t\xc3\xb4i c\xc3\xa1c g\xc3\xb3i kh\xc3\xa1m b\xe1\xbb\x87nh li\xc3\xaan quan t\xe1\xbb\x9bi Xu\xe1\xba\xa5t huy\xe1\xba\xbft ti\xc3\xaau h\xc3\xb3a \xc4\x91i\\",\\n    \\"extracted_symptoms\\": [],\\n    \\"pdf_results\\": []\\n  }\\n}\\n```\\n\\nHo\xe1\xba\xb7c n\xe1\xba\xbfu b\xe1\xba\xa1n c\xc3\xb3 `final_response_parts` t\xe1\xbb\xab HostAgent, h\xc3\xa3y cung c\xe1\xba\xa5p n\xc3\xb3 \xc4\x91\xe1\xbb\x83 t\xc3\xb4i c\xc3\xb3 th\xe1\xbb\x83 tr\xc3\xadch xu\xe1\xba\xa5t th\xc3\xb4ng tin b\xe1\xbb\x87nh v\xc3\xa0 \xc4\x91\xe1\xbb\x81 xu\xe1\xba\xa5t g\xc3\xb3i kh\xc3\xa1m ph\xc3\xb9 h\xe1\xbb\xa3p.\\n"}]},"contextId":"4c1b922a-29b6-434f-bbc9-2e708b5ca836","kind":"artifact-update","taskId":"a9c177b5-e6f8-43dd-a37f-52ab63e1e04f"}}\r\n\r\n'
2025-09-21 06:12:49,335 - DEBUG - Start async tracer
2025-09-21 06:12:49,335 - DEBUG - Attempting to dequeue event (waiting).
2025-09-21 06:12:49,335 - DEBUG - Dequeued event (waited) of type: <class 'a2a.types.TaskStatusUpdateEvent'>
2025-09-21 06:12:49,335 - DEBUG - Dequeued event of type: <class 'a2a.types.TaskStatusUpdateEvent'> in consume_all.
2025-09-21 06:12:49,335 - DEBUG - Marking task as done in EventQueue.
2025-09-21 06:12:49,336 - DEBUG - Marked task as done in event queue in consume_all
2025-09-21 06:12:49,336 - DEBUG - Stopping event consumption in consume_all.
2025-09-21 06:12:49,336 - DEBUG - Start async tracer
2025-09-21 06:12:49,336 - DEBUG - Closing EventQueue.
2025-09-21 06:12:49,336 - DEBUG - Processing save of task event of type TaskStatusUpdateEvent for task_id: a9c177b5-e6f8-43dd-a37f-52ab63e1e04f
2025-09-21 06:12:49,336 - DEBUG - Updating task a9c177b5-e6f8-43dd-a37f-52ab63e1e04f status to: TaskState.completed
2025-09-21 06:12:49,336 - DEBUG - Saving task with id: a9c177b5-e6f8-43dd-a37f-52ab63e1e04f
2025-09-21 06:12:49,336 - DEBUG - Task a9c177b5-e6f8-43dd-a37f-52ab63e1e04f saved successfully.
2025-09-21 06:12:49,336 - DEBUG - Start async tracer
2025-09-21 06:12:49,336 - DEBUG - chunk: b'data: {"id":"b8615cb2-3692-4b05-88ec-1876162949a4","jsonrpc":"2.0","result":{"contextId":"4c1b922a-29b6-434f-bbc9-2e708b5ca836","final":true,"kind":"status-update","status":{"state":"completed","timestamp":"2025-09-20T23:12:49.329971+00:00"},"taskId":"a9c177b5-e6f8-43dd-a37f-52ab63e1e04f"}}\r\n\r\n'
2025-09-21 06:12:49,337 - DEBUG - Start async tracer
2025-09-21 06:12:49,337 - DEBUG - Agent task callback triggered.
2025-09-21 06:12:49,337 - DEBUG - Start async tracer
2025-09-21 06:12:49,337 - DEBUG - Start async tracer
2025-09-21 06:12:49,338 - DEBUG - Closing EventQueue.
2025-09-21 06:12:49,338 - DEBUG - Got event: http.disconnect. Stop streaming.
2025-09-21 06:39:41,767 - DEBUG - Load embedding model sentence-transformers/paraphrase-multilingual-MiniLM-L12-v2
2025-09-21 06:39:41,771 - INFO - Use pytorch device_name: cpu
2025-09-21 06:39:41,771 - INFO - Load pretrained SentenceTransformer: paraphrase-multilingual-MiniLM-L12-v2
2025-09-21 06:39:41,772 - DEBUG - Starting new HTTPS connection (1): huggingface.co:443
2025-09-21 06:39:42,138 - DEBUG - https://huggingface.co:443 "HEAD /sentence-transformers/paraphrase-multilingual-MiniLM-L12-v2/resolve/main/modules.json HTTP/1.1" 307 0
2025-09-21 06:39:42,168 - DEBUG - https://huggingface.co:443 "HEAD /api/resolve-cache/models/sentence-transformers/paraphrase-multilingual-MiniLM-L12-v2/86741b4e3f5cb7765a600d3a3d55a0f6a6cb443d/modules.json HTTP/1.1" 200 0
2025-09-21 06:39:42,419 - DEBUG - https://huggingface.co:443 "HEAD /sentence-transformers/paraphrase-multilingual-MiniLM-L12-v2/resolve/main/config_sentence_transformers.json HTTP/1.1" 307 0
2025-09-21 06:39:42,449 - DEBUG - https://huggingface.co:443 "HEAD /api/resolve-cache/models/sentence-transformers/paraphrase-multilingual-MiniLM-L12-v2/86741b4e3f5cb7765a600d3a3d55a0f6a6cb443d/config_sentence_transformers.json HTTP/1.1" 200 0
2025-09-21 06:39:42,704 - DEBUG - https://huggingface.co:443 "HEAD /sentence-transformers/paraphrase-multilingual-MiniLM-L12-v2/resolve/main/config_sentence_transformers.json HTTP/1.1" 307 0
2025-09-21 06:39:42,739 - DEBUG - https://huggingface.co:443 "HEAD /api/resolve-cache/models/sentence-transformers/paraphrase-multilingual-MiniLM-L12-v2/86741b4e3f5cb7765a600d3a3d55a0f6a6cb443d/config_sentence_transformers.json HTTP/1.1" 200 0
2025-09-21 06:39:42,989 - DEBUG - https://huggingface.co:443 "HEAD /sentence-transformers/paraphrase-multilingual-MiniLM-L12-v2/resolve/main/README.md HTTP/1.1" 307 0
2025-09-21 06:39:43,019 - DEBUG - https://huggingface.co:443 "HEAD /api/resolve-cache/models/sentence-transformers/paraphrase-multilingual-MiniLM-L12-v2/86741b4e3f5cb7765a600d3a3d55a0f6a6cb443d/README.md HTTP/1.1" 200 0
2025-09-21 06:39:43,279 - DEBUG - https://huggingface.co:443 "HEAD /sentence-transformers/paraphrase-multilingual-MiniLM-L12-v2/resolve/main/modules.json HTTP/1.1" 307 0
2025-09-21 06:39:43,309 - DEBUG - https://huggingface.co:443 "HEAD /api/resolve-cache/models/sentence-transformers/paraphrase-multilingual-MiniLM-L12-v2/86741b4e3f5cb7765a600d3a3d55a0f6a6cb443d/modules.json HTTP/1.1" 200 0
2025-09-21 06:39:43,566 - DEBUG - https://huggingface.co:443 "HEAD /sentence-transformers/paraphrase-multilingual-MiniLM-L12-v2/resolve/main/sentence_bert_config.json HTTP/1.1" 307 0
2025-09-21 06:39:43,610 - DEBUG - https://huggingface.co:443 "HEAD /api/resolve-cache/models/sentence-transformers/paraphrase-multilingual-MiniLM-L12-v2/86741b4e3f5cb7765a600d3a3d55a0f6a6cb443d/sentence_bert_config.json HTTP/1.1" 200 0
2025-09-21 06:39:43,909 - DEBUG - https://huggingface.co:443 "HEAD /sentence-transformers/paraphrase-multilingual-MiniLM-L12-v2/resolve/main/adapter_config.json HTTP/1.1" 404 0
2025-09-21 06:39:44,159 - DEBUG - https://huggingface.co:443 "HEAD /sentence-transformers/paraphrase-multilingual-MiniLM-L12-v2/resolve/main/config.json HTTP/1.1" 307 0
2025-09-21 06:39:44,199 - DEBUG - https://huggingface.co:443 "HEAD /api/resolve-cache/models/sentence-transformers/paraphrase-multilingual-MiniLM-L12-v2/86741b4e3f5cb7765a600d3a3d55a0f6a6cb443d/config.json HTTP/1.1" 200 0
2025-09-21 06:39:44,551 - DEBUG - https://huggingface.co:443 "HEAD /sentence-transformers/paraphrase-multilingual-MiniLM-L12-v2/resolve/main/tokenizer_config.json HTTP/1.1" 307 0
2025-09-21 06:39:44,581 - DEBUG - https://huggingface.co:443 "HEAD /api/resolve-cache/models/sentence-transformers/paraphrase-multilingual-MiniLM-L12-v2/86741b4e3f5cb7765a600d3a3d55a0f6a6cb443d/tokenizer_config.json HTTP/1.1" 200 0
2025-09-21 06:39:44,839 - DEBUG - https://huggingface.co:443 "GET /api/models/sentence-transformers/paraphrase-multilingual-MiniLM-L12-v2/tree/main/additional_chat_templates?recursive=False&expand=False HTTP/1.1" 404 64
2025-09-21 06:39:45,899 - DEBUG - https://huggingface.co:443 "HEAD /sentence-transformers/paraphrase-multilingual-MiniLM-L12-v2/resolve/main/1_Pooling/config.json HTTP/1.1" 307 0
2025-09-21 06:39:45,929 - DEBUG - https://huggingface.co:443 "HEAD /api/resolve-cache/models/sentence-transformers/paraphrase-multilingual-MiniLM-L12-v2/86741b4e3f5cb7765a600d3a3d55a0f6a6cb443d/1_Pooling%2Fconfig.json HTTP/1.1" 200 0
2025-09-21 06:39:46,188 - DEBUG - https://huggingface.co:443 "GET /api/models/sentence-transformers/paraphrase-multilingual-MiniLM-L12-v2 HTTP/1.1" 200 6119
2025-09-21 06:39:46,189 - DEBUG - Index ready: 3 bệnh, 2 chuyên khoa, 3 gói
2025-09-21 06:39:46,454 - DEBUG - Using proactor: IocpProactor
2025-09-21 06:39:48,267 - DEBUG - Initializing InMemoryTaskStore
2025-09-21 06:42:10,193 - DEBUG - Start async tracer
2025-09-21 06:42:10,197 - DEBUG - TaskManager initialized with task_id: None, context_id: None
2025-09-21 06:42:10,197 - DEBUG - task_id is not set, cannot get task.
2025-09-21 06:42:10,197 - DEBUG - Start async tracer
2025-09-21 06:42:10,197 - DEBUG - EventQueue initialized.
2025-09-21 06:42:10,198 - DEBUG - Start async tracer
2025-09-21 06:42:10,198 - DEBUG - EventConsumer initialized
2025-09-21 06:42:10,198 - DEBUG - Starting to consume all events from the queue.
2025-09-21 06:42:10,198 - DEBUG - Start async tracer
2025-09-21 06:42:10,198 - DEBUG - Attempting to dequeue event (waiting).
2025-09-21 06:42:10,199 - DEBUG - Start async tracer
2025-09-21 06:42:10,199 - DEBUG - Start async tracer
2025-09-21 06:42:10,199 - DEBUG - Enqueuing event of type: <class 'a2a.types.TaskStatusUpdateEvent'>
2025-09-21 06:42:10,200 - DEBUG - Start async tracer
2025-09-21 06:42:10,200 - DEBUG - Enqueuing event of type: <class 'a2a.types.TaskStatusUpdateEvent'>
2025-09-21 06:42:10,200 - DEBUG - [CostAgentExecutor] wrapped_input: {'session_id': '5fece925-3b78-4323-bf36-aa4483c01916', 'query': 'cho tôi các gói khám bệnh liên quan tới Xuất huyết tiêu hóa đi ', 'final_response_parts': []}
2025-09-21 06:42:10,200 - DEBUG - [CostAgentExecutor] HumanMessage: content='cho tôi các gói khám bệnh liên quan tới Xuất huyết tiêu hóa đi ' additional_kwargs={'session_id': '5fece925-3b78-4323-bf36-aa4483c01916', 'final_response_parts': []} response_metadata={}
2025-09-21 06:42:10,219 - DEBUG - Dequeued event (waited) of type: <class 'a2a.types.TaskStatusUpdateEvent'>
2025-09-21 06:42:10,219 - DEBUG - Dequeued event of type: <class 'a2a.types.TaskStatusUpdateEvent'> in consume_all.
2025-09-21 06:42:10,219 - DEBUG - Marking task as done in EventQueue.
2025-09-21 06:42:10,219 - DEBUG - Marked task as done in event queue in consume_all
2025-09-21 06:42:10,220 - DEBUG - Processing save of task event of type TaskStatusUpdateEvent for task_id: f30a947e-57aa-427d-a6c1-18918438116e
2025-09-21 06:42:10,220 - DEBUG - Attempting to retrieve existing task with id: f30a947e-57aa-427d-a6c1-18918438116e
2025-09-21 06:42:10,220 - DEBUG - Attempting to get task with id: f30a947e-57aa-427d-a6c1-18918438116e
2025-09-21 06:42:10,220 - DEBUG - Task f30a947e-57aa-427d-a6c1-18918438116e not found in store.
2025-09-21 06:42:10,220 - INFO - Task not found or task_id not set. Creating new task for event (task_id: f30a947e-57aa-427d-a6c1-18918438116e, context_id: 5fece925-3b78-4323-bf36-aa4483c01916).
2025-09-21 06:42:10,220 - DEBUG - Initializing new Task object with task_id: f30a947e-57aa-427d-a6c1-18918438116e, context_id: 5fece925-3b78-4323-bf36-aa4483c01916
2025-09-21 06:42:10,220 - DEBUG - Saving task with id: f30a947e-57aa-427d-a6c1-18918438116e
2025-09-21 06:42:10,220 - DEBUG - Task f30a947e-57aa-427d-a6c1-18918438116e saved successfully.
2025-09-21 06:42:10,220 - DEBUG - Updating task f30a947e-57aa-427d-a6c1-18918438116e status to: TaskState.submitted
2025-09-21 06:42:10,220 - DEBUG - Saving task with id: f30a947e-57aa-427d-a6c1-18918438116e
2025-09-21 06:42:10,220 - DEBUG - Task f30a947e-57aa-427d-a6c1-18918438116e saved successfully.
2025-09-21 06:42:10,220 - DEBUG - Start async tracer
2025-09-21 06:42:10,220 - DEBUG - chunk: b'data: {"id":"d300e817-a58c-4581-987d-b425a0e9dbbd","jsonrpc":"2.0","result":{"contextId":"5fece925-3b78-4323-bf36-aa4483c01916","final":false,"kind":"status-update","status":{"state":"submitted","timestamp":"2025-09-20T23:42:10.199822+00:00"},"taskId":"f30a947e-57aa-427d-a6c1-18918438116e"}}\r\n\r\n'
2025-09-21 06:42:10,220 - DEBUG - Start async tracer
2025-09-21 06:42:10,220 - DEBUG - Attempting to dequeue event (waiting).
2025-09-21 06:42:10,225 - DEBUG - Dequeued event (waited) of type: <class 'a2a.types.TaskStatusUpdateEvent'>
2025-09-21 06:42:10,225 - DEBUG - Dequeued event of type: <class 'a2a.types.TaskStatusUpdateEvent'> in consume_all.
2025-09-21 06:42:10,225 - DEBUG - Marking task as done in EventQueue.
2025-09-21 06:42:10,225 - DEBUG - Marked task as done in event queue in consume_all
2025-09-21 06:42:10,225 - DEBUG - Processing save of task event of type TaskStatusUpdateEvent for task_id: f30a947e-57aa-427d-a6c1-18918438116e
2025-09-21 06:42:10,226 - DEBUG - Updating task f30a947e-57aa-427d-a6c1-18918438116e status to: TaskState.working
2025-09-21 06:42:10,226 - DEBUG - Saving task with id: f30a947e-57aa-427d-a6c1-18918438116e
2025-09-21 06:42:10,226 - DEBUG - Task f30a947e-57aa-427d-a6c1-18918438116e saved successfully.
2025-09-21 06:42:10,226 - DEBUG - Start async tracer
2025-09-21 06:42:10,227 - DEBUG - chunk: b'data: {"id":"d300e817-a58c-4581-987d-b425a0e9dbbd","jsonrpc":"2.0","result":{"contextId":"5fece925-3b78-4323-bf36-aa4483c01916","final":false,"kind":"status-update","status":{"state":"working","timestamp":"2025-09-20T23:42:10.200577+00:00"},"taskId":"f30a947e-57aa-427d-a6c1-18918438116e"}}\r\n\r\n'
2025-09-21 06:42:10,227 - DEBUG - Start async tracer
2025-09-21 06:42:10,227 - DEBUG - Attempting to dequeue event (waiting).
2025-09-21 06:42:10,230 - DEBUG - [CostAgent] received chunk keys: ['input']
2025-09-21 06:42:10,233 - DEBUG - [CostAgent] received chunk keys: ['input']
2025-09-21 06:42:10,233 - DEBUG - [CostAgent] received chunk keys: ['input']
2025-09-21 06:42:10,241 - DEBUG - [CostAgent] received chunk keys: ['input']
2025-09-21 06:42:10,241 - DEBUG - [CostAgent] received chunk keys: ['input']
2025-09-21 06:42:10,241 - DEBUG - [CostAgent] received chunk keys: ['input', 'output']
2025-09-21 06:42:10,245 - DEBUG - [CostAgent] received chunk keys: ['input']
2025-09-21 06:42:10,249 - DEBUG - Using AsyncIOEngine.POLLER as I/O engine
2025-09-21 06:42:10,747 - DEBUG - CancelledError in span a2a.server.events.event_queue.EventQueue.dequeue_event
2025-09-21 06:42:10,748 - DEBUG - Start async tracer
2025-09-21 06:42:10,748 - DEBUG - Attempting to dequeue event (waiting).
2025-09-21 06:42:11,032 - DEBUG - [CostAgent] received chunk keys: ['chunk']
2025-09-21 06:42:11,136 - DEBUG - [CostAgent] received chunk keys: ['chunk']
2025-09-21 06:42:11,274 - DEBUG - CancelledError in span a2a.server.events.event_queue.EventQueue.dequeue_event
2025-09-21 06:42:11,274 - DEBUG - Start async tracer
2025-09-21 06:42:11,274 - DEBUG - Attempting to dequeue event (waiting).
2025-09-21 06:42:11,337 - DEBUG - [CostAgent] received chunk keys: ['chunk']
2025-09-21 06:42:11,345 - DEBUG - [CostAgent] received chunk keys: ['input', 'output']
2025-09-21 06:42:11,345 - DEBUG - [CostAgent] received chunk keys: ['input', 'output']
2025-09-21 06:42:11,348 - DEBUG - [CostAgent] received chunk keys: ['input', 'output']
2025-09-21 06:42:11,351 - DEBUG - [CostAgent] received chunk keys: ['input']
2025-09-21 06:42:11,352 - DEBUG - [CostAgent] received chunk keys: ['input', 'output']
2025-09-21 06:42:11,354 - DEBUG - [CostAgent] received chunk keys: ['chunk']
2025-09-21 06:42:11,355 - DEBUG - [CostAgent] received chunk keys: ['input', 'output']
2025-09-21 06:42:11,357 - DEBUG - [CostAgent] received chunk keys: ['chunk']
2025-09-21 06:42:11,357 - DEBUG - [CostAgent] received chunk keys: ['input']
2025-09-21 06:42:11,359 - DEBUG - [CostAgent] received chunk keys: ['input']
2025-09-21 06:42:11,364 - DEBUG - [CostAgent] received chunk keys: ['input']
2025-09-21 06:42:11,366 - DEBUG - [CostAgent] received chunk keys: ['input']
2025-09-21 06:42:11,790 - DEBUG - CancelledError in span a2a.server.events.event_queue.EventQueue.dequeue_event
2025-09-21 06:42:11,790 - DEBUG - Start async tracer
2025-09-21 06:42:11,790 - DEBUG - Attempting to dequeue event (waiting).
2025-09-21 06:42:12,312 - DEBUG - CancelledError in span a2a.server.events.event_queue.EventQueue.dequeue_event
2025-09-21 06:42:12,312 - DEBUG - Start async tracer
2025-09-21 06:42:12,312 - DEBUG - Attempting to dequeue event (waiting).
2025-09-21 06:42:12,329 - DEBUG - [CostAgent] received chunk keys: ['chunk']
2025-09-21 06:42:12,334 - DEBUG - [CostAgent] received chunk keys: ['input', 'output']
2025-09-21 06:42:12,336 - DEBUG - [CostAgent] received chunk keys: ['input']
2025-09-21 06:42:12,338 - DEBUG - [CostAgent] received chunk keys: ['input', 'output']
2025-09-21 06:42:12,339 - DEBUG - [CostAgent] received chunk keys: ['input', 'output']
2025-09-21 06:42:12,340 - DEBUG - [CostAgent] received chunk keys: ['input', 'output']
2025-09-21 06:42:12,342 - DEBUG - [CostAgent] received chunk keys: ['chunk']
2025-09-21 06:42:12,343 - DEBUG - [CostAgent] received chunk keys: ['input', 'output']
2025-09-21 06:42:12,346 - DEBUG - [CostAgent] received chunk keys: ['chunk']
2025-09-21 06:42:12,346 - DEBUG - [CostAgent] received chunk keys: ['output']
2025-09-21 06:42:12,347 - DEBUG - [CostAgentExecutor] raw event from agent: {'content': 'Tôi không tìm thấy thông tin về các bệnh có thể mắc. Vui lòng cung cấp thông tin này để tôi có thể đề xuất các gói khám phù hợp.', 'is_task_complete': True, 'require_user_input': False, 'status': 'completed', 'data': None}
2025-09-21 06:42:12,347 - DEBUG - Start async tracer
2025-09-21 06:42:12,347 - DEBUG - Enqueuing event of type: <class 'a2a.types.TaskStatusUpdateEvent'>
2025-09-21 06:42:12,347 - DEBUG - [CostAgentExecutor] Final artifact parts dump: [Part(root=TextPart(kind='text', metadata=None, text='Tôi không tìm thấy thông tin về các bệnh có thể mắc. Vui lòng cung cấp thông tin này để tôi có thể đề xuất các gói khám phù hợp.'))]
2025-09-21 06:42:12,348 - DEBUG - Start async tracer
2025-09-21 06:42:12,348 - DEBUG - Enqueuing event of type: <class 'a2a.types.TaskArtifactUpdateEvent'>
2025-09-21 06:42:12,348 - DEBUG - Start async tracer
2025-09-21 06:42:12,348 - DEBUG - Enqueuing event of type: <class 'a2a.types.TaskStatusUpdateEvent'>
2025-09-21 06:42:12,348 - DEBUG - Start async tracer
2025-09-21 06:42:12,348 - DEBUG - Closing EventQueue.
2025-09-21 06:42:12,348 - DEBUG - Dequeued event (waited) of type: <class 'a2a.types.TaskStatusUpdateEvent'>
2025-09-21 06:42:12,348 - DEBUG - Dequeued event of type: <class 'a2a.types.TaskStatusUpdateEvent'> in consume_all.
2025-09-21 06:42:12,348 - DEBUG - Marking task as done in EventQueue.
2025-09-21 06:42:12,349 - DEBUG - Marked task as done in event queue in consume_all
2025-09-21 06:42:12,349 - DEBUG - Processing save of task event of type TaskStatusUpdateEvent for task_id: f30a947e-57aa-427d-a6c1-18918438116e
2025-09-21 06:42:12,349 - DEBUG - Updating task f30a947e-57aa-427d-a6c1-18918438116e status to: TaskState.working
2025-09-21 06:42:12,349 - DEBUG - Saving task with id: f30a947e-57aa-427d-a6c1-18918438116e
2025-09-21 06:42:12,349 - DEBUG - Task f30a947e-57aa-427d-a6c1-18918438116e saved successfully.
2025-09-21 06:42:12,350 - DEBUG - Start async tracer
2025-09-21 06:42:12,350 - DEBUG - chunk: b'data: {"id":"d300e817-a58c-4581-987d-b425a0e9dbbd","jsonrpc":"2.0","result":{"contextId":"5fece925-3b78-4323-bf36-aa4483c01916","final":false,"kind":"status-update","status":{"message":{"kind":"message","messageId":"a8ab0625-eb8c-47b2-a5c5-645eca7c8229","parts":[{"kind":"text","text":"T\xc3\xb4i kh\xc3\xb4ng t\xc3\xacm th\xe1\xba\xa5y th\xc3\xb4ng tin v\xe1\xbb\x81 c\xc3\xa1c b\xe1\xbb\x87nh c\xc3\xb3 th\xe1\xbb\x83 m\xe1\xba\xafc. Vui l\xc3\xb2ng cung c\xe1\xba\xa5p th\xc3\xb4ng tin n\xc3\xa0y \xc4\x91\xe1\xbb\x83 t\xc3\xb4i c\xc3\xb3 th\xe1\xbb\x83 \xc4\x91\xe1\xbb\x81 xu\xe1\xba\xa5t c\xc3\xa1c g\xc3\xb3i kh\xc3\xa1m ph\xc3\xb9 h\xe1\xbb\xa3p."}],"role":"agent"},"state":"working","timestamp":"2025-09-20T23:42:12.347833+00:00"},"taskId":"f30a947e-57aa-427d-a6c1-18918438116e"}}\r\n\r\n'
2025-09-21 06:42:12,350 - DEBUG - Start async tracer
2025-09-21 06:42:12,350 - DEBUG - Attempting to dequeue event (waiting).
2025-09-21 06:42:12,351 - DEBUG - Dequeued event (waited) of type: <class 'a2a.types.TaskArtifactUpdateEvent'>
2025-09-21 06:42:12,351 - DEBUG - Dequeued event of type: <class 'a2a.types.TaskArtifactUpdateEvent'> in consume_all.
2025-09-21 06:42:12,351 - DEBUG - Marking task as done in EventQueue.
2025-09-21 06:42:12,351 - DEBUG - Marked task as done in event queue in consume_all
2025-09-21 06:42:12,351 - DEBUG - Processing save of task event of type TaskArtifactUpdateEvent for task_id: f30a947e-57aa-427d-a6c1-18918438116e
2025-09-21 06:42:12,351 - DEBUG - Appending artifact to task f30a947e-57aa-427d-a6c1-18918438116e
2025-09-21 06:42:12,351 - DEBUG - Adding new artifact with id 209f2466-456c-46d4-8268-20d3f38f373a for task f30a947e-57aa-427d-a6c1-18918438116e
2025-09-21 06:42:12,351 - DEBUG - Saving task with id: f30a947e-57aa-427d-a6c1-18918438116e
2025-09-21 06:42:12,351 - DEBUG - Task f30a947e-57aa-427d-a6c1-18918438116e saved successfully.
2025-09-21 06:42:12,351 - DEBUG - Start async tracer
2025-09-21 06:42:12,351 - DEBUG - chunk: b'data: {"id":"d300e817-a58c-4581-987d-b425a0e9dbbd","jsonrpc":"2.0","result":{"artifact":{"artifactId":"209f2466-456c-46d4-8268-20d3f38f373a","parts":[{"kind":"text","text":"T\xc3\xb4i kh\xc3\xb4ng t\xc3\xacm th\xe1\xba\xa5y th\xc3\xb4ng tin v\xe1\xbb\x81 c\xc3\xa1c b\xe1\xbb\x87nh c\xc3\xb3 th\xe1\xbb\x83 m\xe1\xba\xafc. Vui l\xc3\xb2ng cung c\xe1\xba\xa5p th\xc3\xb4ng tin n\xc3\xa0y \xc4\x91\xe1\xbb\x83 t\xc3\xb4i c\xc3\xb3 th\xe1\xbb\x83 \xc4\x91\xe1\xbb\x81 xu\xe1\xba\xa5t c\xc3\xa1c g\xc3\xb3i kh\xc3\xa1m ph\xc3\xb9 h\xe1\xbb\xa3p."}]},"contextId":"5fece925-3b78-4323-bf36-aa4483c01916","kind":"artifact-update","taskId":"f30a947e-57aa-427d-a6c1-18918438116e"}}\r\n\r\n'
2025-09-21 06:42:12,351 - DEBUG - Start async tracer
2025-09-21 06:42:12,351 - DEBUG - Attempting to dequeue event (waiting).
2025-09-21 06:42:12,351 - DEBUG - Dequeued event (waited) of type: <class 'a2a.types.TaskStatusUpdateEvent'>
2025-09-21 06:42:12,351 - DEBUG - Dequeued event of type: <class 'a2a.types.TaskStatusUpdateEvent'> in consume_all.
2025-09-21 06:42:12,351 - DEBUG - Marking task as done in EventQueue.
2025-09-21 06:42:12,351 - DEBUG - Marked task as done in event queue in consume_all
2025-09-21 06:42:12,351 - DEBUG - Stopping event consumption in consume_all.
2025-09-21 06:42:12,351 - DEBUG - Start async tracer
2025-09-21 06:42:12,351 - DEBUG - Closing EventQueue.
2025-09-21 06:42:12,351 - DEBUG - Processing save of task event of type TaskStatusUpdateEvent for task_id: f30a947e-57aa-427d-a6c1-18918438116e
2025-09-21 06:42:12,351 - DEBUG - Updating task f30a947e-57aa-427d-a6c1-18918438116e status to: TaskState.completed
2025-09-21 06:42:12,351 - DEBUG - Saving task with id: f30a947e-57aa-427d-a6c1-18918438116e
2025-09-21 06:42:12,355 - DEBUG - Task f30a947e-57aa-427d-a6c1-18918438116e saved successfully.
2025-09-21 06:42:12,355 - DEBUG - Start async tracer
2025-09-21 06:42:12,355 - DEBUG - chunk: b'data: {"id":"d300e817-a58c-4581-987d-b425a0e9dbbd","jsonrpc":"2.0","result":{"contextId":"5fece925-3b78-4323-bf36-aa4483c01916","final":true,"kind":"status-update","status":{"state":"completed","timestamp":"2025-09-20T23:42:12.348833+00:00"},"taskId":"f30a947e-57aa-427d-a6c1-18918438116e"}}\r\n\r\n'
2025-09-21 06:42:12,355 - DEBUG - Start async tracer
2025-09-21 06:42:12,355 - DEBUG - Agent task callback triggered.
2025-09-21 06:42:12,355 - DEBUG - Start async tracer
2025-09-21 06:42:12,355 - DEBUG - Start async tracer
2025-09-21 06:42:12,355 - DEBUG - Closing EventQueue.
2025-09-21 06:42:12,356 - DEBUG - Got event: http.disconnect. Stop streaming.
2025-09-21 06:43:22,488 - DEBUG - Start async tracer
2025-09-21 06:43:22,488 - DEBUG - TaskManager initialized with task_id: None, context_id: None
2025-09-21 06:43:22,488 - DEBUG - task_id is not set, cannot get task.
2025-09-21 06:43:22,488 - DEBUG - Start async tracer
2025-09-21 06:43:22,488 - DEBUG - EventQueue initialized.
2025-09-21 06:43:22,488 - DEBUG - Start async tracer
2025-09-21 06:43:22,488 - DEBUG - EventConsumer initialized
2025-09-21 06:43:22,488 - DEBUG - Starting to consume all events from the queue.
2025-09-21 06:43:22,488 - DEBUG - Start async tracer
2025-09-21 06:43:22,488 - DEBUG - Attempting to dequeue event (waiting).
2025-09-21 06:43:22,488 - DEBUG - Start async tracer
2025-09-21 06:43:22,488 - DEBUG - Start async tracer
2025-09-21 06:43:22,488 - DEBUG - Enqueuing event of type: <class 'a2a.types.TaskStatusUpdateEvent'>
2025-09-21 06:43:22,488 - DEBUG - Start async tracer
2025-09-21 06:43:22,488 - DEBUG - Enqueuing event of type: <class 'a2a.types.TaskStatusUpdateEvent'>
2025-09-21 06:43:22,493 - DEBUG - [CostAgentExecutor] wrapped_input: {'session_id': '556685e7-9da2-4b40-a893-dcdcf570c888', 'query': 'cho tôi các gói khám bệnh liên quan tới Xuất huyết tiêu hóa đi', 'final_response_parts': []}
2025-09-21 06:43:22,494 - DEBUG - [CostAgentExecutor] HumanMessage: content='cho tôi các gói khám bệnh liên quan tới Xuất huyết tiêu hóa đi' additional_kwargs={'session_id': '556685e7-9da2-4b40-a893-dcdcf570c888', 'final_response_parts': []} response_metadata={}
2025-09-21 06:43:22,502 - DEBUG - Dequeued event (waited) of type: <class 'a2a.types.TaskStatusUpdateEvent'>
2025-09-21 06:43:22,502 - DEBUG - Dequeued event of type: <class 'a2a.types.TaskStatusUpdateEvent'> in consume_all.
2025-09-21 06:43:22,502 - DEBUG - Marking task as done in EventQueue.
2025-09-21 06:43:22,502 - DEBUG - Marked task as done in event queue in consume_all
2025-09-21 06:43:22,502 - DEBUG - Processing save of task event of type TaskStatusUpdateEvent for task_id: 218d9e9a-4d5a-4d5b-9f2d-2e71eaa8902a
2025-09-21 06:43:22,502 - DEBUG - Attempting to retrieve existing task with id: 218d9e9a-4d5a-4d5b-9f2d-2e71eaa8902a
2025-09-21 06:43:22,502 - DEBUG - Attempting to get task with id: 218d9e9a-4d5a-4d5b-9f2d-2e71eaa8902a
2025-09-21 06:43:22,502 - DEBUG - Task 218d9e9a-4d5a-4d5b-9f2d-2e71eaa8902a not found in store.
2025-09-21 06:43:22,502 - INFO - Task not found or task_id not set. Creating new task for event (task_id: 218d9e9a-4d5a-4d5b-9f2d-2e71eaa8902a, context_id: 556685e7-9da2-4b40-a893-dcdcf570c888).
2025-09-21 06:43:22,502 - DEBUG - Initializing new Task object with task_id: 218d9e9a-4d5a-4d5b-9f2d-2e71eaa8902a, context_id: 556685e7-9da2-4b40-a893-dcdcf570c888
2025-09-21 06:43:22,502 - DEBUG - Saving task with id: 218d9e9a-4d5a-4d5b-9f2d-2e71eaa8902a
2025-09-21 06:43:22,502 - DEBUG - Task 218d9e9a-4d5a-4d5b-9f2d-2e71eaa8902a saved successfully.
2025-09-21 06:43:22,502 - DEBUG - Updating task 218d9e9a-4d5a-4d5b-9f2d-2e71eaa8902a status to: TaskState.submitted
2025-09-21 06:43:22,502 - DEBUG - Saving task with id: 218d9e9a-4d5a-4d5b-9f2d-2e71eaa8902a
2025-09-21 06:43:22,502 - DEBUG - Task 218d9e9a-4d5a-4d5b-9f2d-2e71eaa8902a saved successfully.
2025-09-21 06:43:22,502 - DEBUG - Start async tracer
2025-09-21 06:43:22,502 - DEBUG - chunk: b'data: {"id":"673957fd-aeae-4be9-8aac-48d29a814e1c","jsonrpc":"2.0","result":{"contextId":"556685e7-9da2-4b40-a893-dcdcf570c888","final":false,"kind":"status-update","status":{"state":"submitted","timestamp":"2025-09-20T23:43:22.488411+00:00"},"taskId":"218d9e9a-4d5a-4d5b-9f2d-2e71eaa8902a"}}\r\n\r\n'
2025-09-21 06:43:22,502 - DEBUG - Start async tracer
2025-09-21 06:43:22,502 - DEBUG - Attempting to dequeue event (waiting).
2025-09-21 06:43:22,502 - DEBUG - Dequeued event (waited) of type: <class 'a2a.types.TaskStatusUpdateEvent'>
2025-09-21 06:43:22,507 - DEBUG - Dequeued event of type: <class 'a2a.types.TaskStatusUpdateEvent'> in consume_all.
2025-09-21 06:43:22,507 - DEBUG - Marking task as done in EventQueue.
2025-09-21 06:43:22,507 - DEBUG - Marked task as done in event queue in consume_all
2025-09-21 06:43:22,507 - DEBUG - Processing save of task event of type TaskStatusUpdateEvent for task_id: 218d9e9a-4d5a-4d5b-9f2d-2e71eaa8902a
2025-09-21 06:43:22,508 - DEBUG - Updating task 218d9e9a-4d5a-4d5b-9f2d-2e71eaa8902a status to: TaskState.working
2025-09-21 06:43:22,508 - DEBUG - Saving task with id: 218d9e9a-4d5a-4d5b-9f2d-2e71eaa8902a
2025-09-21 06:43:22,509 - DEBUG - Task 218d9e9a-4d5a-4d5b-9f2d-2e71eaa8902a saved successfully.
2025-09-21 06:43:22,509 - DEBUG - Start async tracer
2025-09-21 06:43:22,509 - DEBUG - chunk: b'data: {"id":"673957fd-aeae-4be9-8aac-48d29a814e1c","jsonrpc":"2.0","result":{"contextId":"556685e7-9da2-4b40-a893-dcdcf570c888","final":false,"kind":"status-update","status":{"state":"working","timestamp":"2025-09-20T23:43:22.488411+00:00"},"taskId":"218d9e9a-4d5a-4d5b-9f2d-2e71eaa8902a"}}\r\n\r\n'
2025-09-21 06:43:22,509 - DEBUG - Start async tracer
2025-09-21 06:43:22,509 - DEBUG - Attempting to dequeue event (waiting).
2025-09-21 06:43:22,509 - DEBUG - [CostAgent] received chunk keys: ['input']
2025-09-21 06:43:22,509 - DEBUG - [CostAgent] received chunk keys: ['input']
2025-09-21 06:43:22,514 - DEBUG - [CostAgent] received chunk keys: ['input']
2025-09-21 06:43:22,516 - DEBUG - [CostAgent] received chunk keys: ['input']
2025-09-21 06:43:22,517 - DEBUG - [CostAgent] received chunk keys: ['input']
2025-09-21 06:43:22,518 - DEBUG - [CostAgent] received chunk keys: ['input', 'output']
2025-09-21 06:43:22,518 - DEBUG - [CostAgent] received chunk keys: ['input']
2025-09-21 06:43:23,028 - DEBUG - CancelledError in span a2a.server.events.event_queue.EventQueue.dequeue_event
2025-09-21 06:43:23,029 - DEBUG - Start async tracer
2025-09-21 06:43:23,029 - DEBUG - Attempting to dequeue event (waiting).
2025-09-21 06:43:23,542 - DEBUG - CancelledError in span a2a.server.events.event_queue.EventQueue.dequeue_event
2025-09-21 06:43:23,542 - DEBUG - Start async tracer
2025-09-21 06:43:23,543 - DEBUG - Attempting to dequeue event (waiting).
2025-09-21 06:43:23,896 - DEBUG - [CostAgent] received chunk keys: ['chunk']
2025-09-21 06:43:23,905 - DEBUG - [CostAgent] received chunk keys: ['input', 'output']
2025-09-21 06:43:23,908 - DEBUG - [CostAgent] received chunk keys: ['input', 'output']
2025-09-21 06:43:23,908 - DEBUG - [CostAgent] received chunk keys: ['input', 'output']
2025-09-21 06:43:23,911 - DEBUG - [CostAgent] received chunk keys: ['input']
2025-09-21 06:43:23,912 - DEBUG - [CostAgent] received chunk keys: ['input', 'output']
2025-09-21 06:43:23,912 - DEBUG - [CostAgent] received chunk keys: ['chunk']
2025-09-21 06:43:23,912 - DEBUG - [CostAgent] received chunk keys: ['input', 'output']
2025-09-21 06:43:23,917 - DEBUG - [CostAgent] received chunk keys: ['chunk']
2025-09-21 06:43:23,919 - DEBUG - [CostAgent] received chunk keys: ['input']
2025-09-21 06:43:23,921 - DEBUG - [CostAgent] received chunk keys: ['input']
2025-09-21 06:43:23,924 - DEBUG - [CostAgent] received chunk keys: ['input', 'output']
2025-09-21 06:43:23,925 - DEBUG - [CostAgent] received chunk keys: ['chunk']
2025-09-21 06:43:23,926 - DEBUG - [CostAgent] received chunk keys: ['input', 'output']
2025-09-21 06:43:23,928 - DEBUG - [CostAgent] received chunk keys: ['chunk']
2025-09-21 06:43:23,928 - DEBUG - [CostAgent] received chunk keys: ['input']
2025-09-21 06:43:23,932 - DEBUG - [CostAgent] received chunk keys: ['input']
2025-09-21 06:43:23,932 - DEBUG - [CostAgent] received chunk keys: ['input']
2025-09-21 06:43:23,932 - DEBUG - [CostAgent] received chunk keys: ['input']
2025-09-21 06:43:23,932 - DEBUG - [CostAgent] received chunk keys: ['input', 'output']
2025-09-21 06:43:23,939 - DEBUG - [CostAgent] received chunk keys: ['input']
2025-09-21 06:43:24,049 - DEBUG - CancelledError in span a2a.server.events.event_queue.EventQueue.dequeue_event
2025-09-21 06:43:24,049 - DEBUG - Start async tracer
2025-09-21 06:43:24,049 - DEBUG - Attempting to dequeue event (waiting).
2025-09-21 06:43:24,542 - DEBUG - CancelledError in span a2a.server.events.event_queue.EventQueue.dequeue_event
2025-09-21 06:43:24,542 - DEBUG - Start async tracer
2025-09-21 06:43:24,543 - DEBUG - Attempting to dequeue event (waiting).
2025-09-21 06:43:24,592 - DEBUG - [CostAgent] received chunk keys: ['chunk']
2025-09-21 06:43:24,654 - DEBUG - [CostAgent] received chunk keys: ['chunk']
2025-09-21 06:43:24,794 - DEBUG - [CostAgent] received chunk keys: ['chunk']
2025-09-21 06:43:24,800 - DEBUG - [CostAgent] received chunk keys: ['input', 'output']
2025-09-21 06:43:24,806 - DEBUG - [CostAgent] received chunk keys: ['input', 'output']
2025-09-21 06:43:24,807 - DEBUG - [CostAgent] received chunk keys: ['input', 'output']
2025-09-21 06:43:24,810 - DEBUG - [CostAgent] received chunk keys: ['input']
2025-09-21 06:43:24,812 - DEBUG - [CostAgent] received chunk keys: ['input', 'output']
2025-09-21 06:43:24,814 - DEBUG - [CostAgent] received chunk keys: ['chunk']
2025-09-21 06:43:24,814 - DEBUG - [CostAgent] received chunk keys: ['input', 'output']
2025-09-21 06:43:24,819 - DEBUG - [CostAgent] received chunk keys: ['chunk']
2025-09-21 06:43:24,821 - DEBUG - [CostAgent] received chunk keys: ['input']
2025-09-21 06:43:24,821 - DEBUG - [CostAgent] received chunk keys: ['input']
2025-09-21 06:43:24,828 - DEBUG - [CostAgent] received chunk keys: ['input']
2025-09-21 06:43:24,834 - DEBUG - [CostAgent] received chunk keys: ['input']
2025-09-21 06:43:25,048 - DEBUG - CancelledError in span a2a.server.events.event_queue.EventQueue.dequeue_event
2025-09-21 06:43:25,048 - DEBUG - Start async tracer
2025-09-21 06:43:25,048 - DEBUG - Attempting to dequeue event (waiting).
2025-09-21 06:43:25,542 - DEBUG - CancelledError in span a2a.server.events.event_queue.EventQueue.dequeue_event
2025-09-21 06:43:25,542 - DEBUG - Start async tracer
2025-09-21 06:43:25,542 - DEBUG - Attempting to dequeue event (waiting).
2025-09-21 06:43:25,722 - DEBUG - [CostAgent] received chunk keys: ['chunk']
2025-09-21 06:43:25,728 - DEBUG - [CostAgent] received chunk keys: ['input', 'output']
2025-09-21 06:43:25,731 - DEBUG - [CostAgent] received chunk keys: ['input']
2025-09-21 06:43:25,735 - DEBUG - [CostAgent] received chunk keys: ['input', 'output']
2025-09-21 06:43:25,739 - DEBUG - [CostAgent] received chunk keys: ['input', 'output']
2025-09-21 06:43:25,742 - DEBUG - [CostAgent] received chunk keys: ['input', 'output']
2025-09-21 06:43:25,745 - DEBUG - [CostAgent] received chunk keys: ['chunk']
2025-09-21 06:43:25,748 - DEBUG - [CostAgent] received chunk keys: ['input', 'output']
2025-09-21 06:43:25,751 - DEBUG - [CostAgent] received chunk keys: ['chunk']
2025-09-21 06:43:25,752 - DEBUG - [CostAgent] received chunk keys: ['output']
2025-09-21 06:43:25,753 - DEBUG - [CostAgentExecutor] raw event from agent: {'content': 'Hiện chưa xác định được bệnh. Bạn nên đi khám bác sĩ để kiểm tra kỹ hơn và ước lượng chi phí.\n', 'is_task_complete': True, 'require_user_input': False, 'status': 'completed', 'data': None}
2025-09-21 06:43:25,753 - DEBUG - Start async tracer
2025-09-21 06:43:25,754 - DEBUG - Enqueuing event of type: <class 'a2a.types.TaskStatusUpdateEvent'>
2025-09-21 06:43:25,754 - DEBUG - [CostAgentExecutor] Final artifact parts dump: [Part(root=TextPart(kind='text', metadata=None, text='Hiện chưa xác định được bệnh. Bạn nên đi khám bác sĩ để kiểm tra kỹ hơn và ước lượng chi phí.\n'))]
2025-09-21 06:43:25,754 - DEBUG - Start async tracer
2025-09-21 06:43:25,754 - DEBUG - Enqueuing event of type: <class 'a2a.types.TaskArtifactUpdateEvent'>
2025-09-21 06:43:25,755 - DEBUG - Start async tracer
2025-09-21 06:43:25,755 - DEBUG - Enqueuing event of type: <class 'a2a.types.TaskStatusUpdateEvent'>
2025-09-21 06:43:25,755 - DEBUG - Start async tracer
2025-09-21 06:43:25,755 - DEBUG - Closing EventQueue.
2025-09-21 06:43:25,755 - DEBUG - Dequeued event (waited) of type: <class 'a2a.types.TaskStatusUpdateEvent'>
2025-09-21 06:43:25,756 - DEBUG - Dequeued event of type: <class 'a2a.types.TaskStatusUpdateEvent'> in consume_all.
2025-09-21 06:43:25,756 - DEBUG - Marking task as done in EventQueue.
2025-09-21 06:43:25,756 - DEBUG - Marked task as done in event queue in consume_all
2025-09-21 06:43:25,756 - DEBUG - Processing save of task event of type TaskStatusUpdateEvent for task_id: 218d9e9a-4d5a-4d5b-9f2d-2e71eaa8902a
2025-09-21 06:43:25,757 - DEBUG - Updating task 218d9e9a-4d5a-4d5b-9f2d-2e71eaa8902a status to: TaskState.working
2025-09-21 06:43:25,757 - DEBUG - Saving task with id: 218d9e9a-4d5a-4d5b-9f2d-2e71eaa8902a
2025-09-21 06:43:25,757 - DEBUG - Task 218d9e9a-4d5a-4d5b-9f2d-2e71eaa8902a saved successfully.
2025-09-21 06:43:25,757 - DEBUG - Start async tracer
2025-09-21 06:43:25,758 - DEBUG - chunk: b'data: {"id":"673957fd-aeae-4be9-8aac-48d29a814e1c","jsonrpc":"2.0","result":{"contextId":"556685e7-9da2-4b40-a893-dcdcf570c888","final":false,"kind":"status-update","status":{"message":{"kind":"message","messageId":"500484d3-6929-4251-a9e7-fff83d906cbe","parts":[{"kind":"text","text":"Hi\xe1\xbb\x87n ch\xc6\xb0a x\xc3\xa1c \xc4\x91\xe1\xbb\x8bnh \xc4\x91\xc6\xb0\xe1\xbb\xa3c b\xe1\xbb\x87nh. B\xe1\xba\xa1n n\xc3\xaan \xc4\x91i kh\xc3\xa1m b\xc3\xa1c s\xc4\xa9 \xc4\x91\xe1\xbb\x83 ki\xe1\xbb\x83m tra k\xe1\xbb\xb9 h\xc6\xa1n v\xc3\xa0 \xc6\xb0\xe1\xbb\x9bc l\xc6\xb0\xe1\xbb\xa3ng chi ph\xc3\xad.\\n"}],"role":"agent"},"state":"working","timestamp":"2025-09-20T23:43:25.753736+00:00"},"taskId":"218d9e9a-4d5a-4d5b-9f2d-2e71eaa8902a"}}\r\n\r\n'
2025-09-21 06:43:25,758 - DEBUG - Start async tracer
2025-09-21 06:43:25,758 - DEBUG - Attempting to dequeue event (waiting).
2025-09-21 06:43:25,758 - DEBUG - Dequeued event (waited) of type: <class 'a2a.types.TaskArtifactUpdateEvent'>
2025-09-21 06:43:25,758 - DEBUG - Dequeued event of type: <class 'a2a.types.TaskArtifactUpdateEvent'> in consume_all.
2025-09-21 06:43:25,758 - DEBUG - Marking task as done in EventQueue.
2025-09-21 06:43:25,758 - DEBUG - Marked task as done in event queue in consume_all
2025-09-21 06:43:25,758 - DEBUG - Processing save of task event of type TaskArtifactUpdateEvent for task_id: 218d9e9a-4d5a-4d5b-9f2d-2e71eaa8902a
2025-09-21 06:43:25,758 - DEBUG - Appending artifact to task 218d9e9a-4d5a-4d5b-9f2d-2e71eaa8902a
2025-09-21 06:43:25,758 - DEBUG - Adding new artifact with id fd000b80-5550-4f71-9c7b-1fc842c45f47 for task 218d9e9a-4d5a-4d5b-9f2d-2e71eaa8902a
2025-09-21 06:43:25,758 - DEBUG - Saving task with id: 218d9e9a-4d5a-4d5b-9f2d-2e71eaa8902a
2025-09-21 06:43:25,758 - DEBUG - Task 218d9e9a-4d5a-4d5b-9f2d-2e71eaa8902a saved successfully.
2025-09-21 06:43:25,758 - DEBUG - Start async tracer
2025-09-21 06:43:25,758 - DEBUG - chunk: b'data: {"id":"673957fd-aeae-4be9-8aac-48d29a814e1c","jsonrpc":"2.0","result":{"artifact":{"artifactId":"fd000b80-5550-4f71-9c7b-1fc842c45f47","parts":[{"kind":"text","text":"Hi\xe1\xbb\x87n ch\xc6\xb0a x\xc3\xa1c \xc4\x91\xe1\xbb\x8bnh \xc4\x91\xc6\xb0\xe1\xbb\xa3c b\xe1\xbb\x87nh. B\xe1\xba\xa1n n\xc3\xaan \xc4\x91i kh\xc3\xa1m b\xc3\xa1c s\xc4\xa9 \xc4\x91\xe1\xbb\x83 ki\xe1\xbb\x83m tra k\xe1\xbb\xb9 h\xc6\xa1n v\xc3\xa0 \xc6\xb0\xe1\xbb\x9bc l\xc6\xb0\xe1\xbb\xa3ng chi ph\xc3\xad.\\n"}]},"contextId":"556685e7-9da2-4b40-a893-dcdcf570c888","kind":"artifact-update","taskId":"218d9e9a-4d5a-4d5b-9f2d-2e71eaa8902a"}}\r\n\r\n'
2025-09-21 06:43:25,758 - DEBUG - Start async tracer
2025-09-21 06:43:25,758 - DEBUG - Attempting to dequeue event (waiting).
2025-09-21 06:43:25,758 - DEBUG - Dequeued event (waited) of type: <class 'a2a.types.TaskStatusUpdateEvent'>
2025-09-21 06:43:25,758 - DEBUG - Dequeued event of type: <class 'a2a.types.TaskStatusUpdateEvent'> in consume_all.
2025-09-21 06:43:25,758 - DEBUG - Marking task as done in EventQueue.
2025-09-21 06:43:25,758 - DEBUG - Marked task as done in event queue in consume_all
2025-09-21 06:43:25,758 - DEBUG - Stopping event consumption in consume_all.
2025-09-21 06:43:25,758 - DEBUG - Start async tracer
2025-09-21 06:43:25,758 - DEBUG - Closing EventQueue.
2025-09-21 06:43:25,758 - DEBUG - Processing save of task event of type TaskStatusUpdateEvent for task_id: 218d9e9a-4d5a-4d5b-9f2d-2e71eaa8902a
2025-09-21 06:43:25,758 - DEBUG - Updating task 218d9e9a-4d5a-4d5b-9f2d-2e71eaa8902a status to: TaskState.completed
2025-09-21 06:43:25,758 - DEBUG - Saving task with id: 218d9e9a-4d5a-4d5b-9f2d-2e71eaa8902a
2025-09-21 06:43:25,758 - DEBUG - Task 218d9e9a-4d5a-4d5b-9f2d-2e71eaa8902a saved successfully.
2025-09-21 06:43:25,758 - DEBUG - Start async tracer
2025-09-21 06:43:25,758 - DEBUG - chunk: b'data: {"id":"673957fd-aeae-4be9-8aac-48d29a814e1c","jsonrpc":"2.0","result":{"contextId":"556685e7-9da2-4b40-a893-dcdcf570c888","final":true,"kind":"status-update","status":{"state":"completed","timestamp":"2025-09-20T23:43:25.755684+00:00"},"taskId":"218d9e9a-4d5a-4d5b-9f2d-2e71eaa8902a"}}\r\n\r\n'
2025-09-21 06:43:25,758 - DEBUG - Start async tracer
2025-09-21 06:43:25,758 - DEBUG - Agent task callback triggered.
2025-09-21 06:43:25,758 - DEBUG - Start async tracer
2025-09-21 06:43:25,758 - DEBUG - Start async tracer
2025-09-21 06:43:25,758 - DEBUG - Closing EventQueue.
2025-09-21 06:43:25,764 - DEBUG - Got event: http.disconnect. Stop streaming.
2025-09-21 06:44:25,218 - DEBUG - Start async tracer
2025-09-21 06:44:25,219 - DEBUG - TaskManager initialized with task_id: None, context_id: None
2025-09-21 06:44:25,219 - DEBUG - task_id is not set, cannot get task.
2025-09-21 06:44:25,219 - DEBUG - Start async tracer
2025-09-21 06:44:25,220 - DEBUG - EventQueue initialized.
2025-09-21 06:44:25,220 - DEBUG - Start async tracer
2025-09-21 06:44:25,220 - DEBUG - EventConsumer initialized
2025-09-21 06:44:25,220 - DEBUG - Starting to consume all events from the queue.
2025-09-21 06:44:25,220 - DEBUG - Start async tracer
2025-09-21 06:44:25,221 - DEBUG - Attempting to dequeue event (waiting).
2025-09-21 06:44:25,221 - DEBUG - Start async tracer
2025-09-21 06:44:25,221 - DEBUG - Start async tracer
2025-09-21 06:44:25,223 - DEBUG - Enqueuing event of type: <class 'a2a.types.TaskStatusUpdateEvent'>
2025-09-21 06:44:25,223 - DEBUG - Start async tracer
2025-09-21 06:44:25,224 - DEBUG - Enqueuing event of type: <class 'a2a.types.TaskStatusUpdateEvent'>
2025-09-21 06:44:25,224 - DEBUG - [CostAgentExecutor] wrapped_input: {'session_id': 'c5df9dd2-b107-45f7-85d9-4f1e8e6ada89', 'query': 'cho tôi các gói khám bệnh liên quan tới Xuất huyết tiêu hóa đi', 'final_response_parts': []}
2025-09-21 06:44:25,225 - DEBUG - [CostAgentExecutor] HumanMessage: content='cho tôi các gói khám bệnh liên quan tới Xuất huyết tiêu hóa đi' additional_kwargs={'session_id': 'c5df9dd2-b107-45f7-85d9-4f1e8e6ada89', 'final_response_parts': []} response_metadata={}
2025-09-21 06:44:25,229 - DEBUG - Dequeued event (waited) of type: <class 'a2a.types.TaskStatusUpdateEvent'>
2025-09-21 06:44:25,229 - DEBUG - Dequeued event of type: <class 'a2a.types.TaskStatusUpdateEvent'> in consume_all.
2025-09-21 06:44:25,229 - DEBUG - Marking task as done in EventQueue.
2025-09-21 06:44:25,229 - DEBUG - Marked task as done in event queue in consume_all
2025-09-21 06:44:25,229 - DEBUG - Processing save of task event of type TaskStatusUpdateEvent for task_id: 9e1f96f5-45eb-45f4-bc6c-6a1e65266ddf
2025-09-21 06:44:25,234 - DEBUG - Attempting to retrieve existing task with id: 9e1f96f5-45eb-45f4-bc6c-6a1e65266ddf
2025-09-21 06:44:25,234 - DEBUG - Attempting to get task with id: 9e1f96f5-45eb-45f4-bc6c-6a1e65266ddf
2025-09-21 06:44:25,234 - DEBUG - Task 9e1f96f5-45eb-45f4-bc6c-6a1e65266ddf not found in store.
2025-09-21 06:44:25,234 - INFO - Task not found or task_id not set. Creating new task for event (task_id: 9e1f96f5-45eb-45f4-bc6c-6a1e65266ddf, context_id: c5df9dd2-b107-45f7-85d9-4f1e8e6ada89).
2025-09-21 06:44:25,234 - DEBUG - Initializing new Task object with task_id: 9e1f96f5-45eb-45f4-bc6c-6a1e65266ddf, context_id: c5df9dd2-b107-45f7-85d9-4f1e8e6ada89
2025-09-21 06:44:25,235 - DEBUG - Saving task with id: 9e1f96f5-45eb-45f4-bc6c-6a1e65266ddf
2025-09-21 06:44:25,235 - DEBUG - Task 9e1f96f5-45eb-45f4-bc6c-6a1e65266ddf saved successfully.
2025-09-21 06:44:25,235 - DEBUG - Updating task 9e1f96f5-45eb-45f4-bc6c-6a1e65266ddf status to: TaskState.submitted
2025-09-21 06:44:25,235 - DEBUG - Saving task with id: 9e1f96f5-45eb-45f4-bc6c-6a1e65266ddf
2025-09-21 06:44:25,236 - DEBUG - Task 9e1f96f5-45eb-45f4-bc6c-6a1e65266ddf saved successfully.
2025-09-21 06:44:25,236 - DEBUG - Start async tracer
2025-09-21 06:44:25,236 - DEBUG - chunk: b'data: {"id":"0c7623ab-5489-477f-9066-12cc6362ba39","jsonrpc":"2.0","result":{"contextId":"c5df9dd2-b107-45f7-85d9-4f1e8e6ada89","final":false,"kind":"status-update","status":{"state":"submitted","timestamp":"2025-09-20T23:44:25.221992+00:00"},"taskId":"9e1f96f5-45eb-45f4-bc6c-6a1e65266ddf"}}\r\n\r\n'
2025-09-21 06:44:25,238 - DEBUG - Start async tracer
2025-09-21 06:44:25,238 - DEBUG - Attempting to dequeue event (waiting).
2025-09-21 06:44:25,238 - DEBUG - Dequeued event (waited) of type: <class 'a2a.types.TaskStatusUpdateEvent'>
2025-09-21 06:44:25,238 - DEBUG - Dequeued event of type: <class 'a2a.types.TaskStatusUpdateEvent'> in consume_all.
2025-09-21 06:44:25,238 - DEBUG - Marking task as done in EventQueue.
2025-09-21 06:44:25,238 - DEBUG - Marked task as done in event queue in consume_all
2025-09-21 06:44:25,238 - DEBUG - Processing save of task event of type TaskStatusUpdateEvent for task_id: 9e1f96f5-45eb-45f4-bc6c-6a1e65266ddf
2025-09-21 06:44:25,238 - DEBUG - Updating task 9e1f96f5-45eb-45f4-bc6c-6a1e65266ddf status to: TaskState.working
2025-09-21 06:44:25,238 - DEBUG - Saving task with id: 9e1f96f5-45eb-45f4-bc6c-6a1e65266ddf
2025-09-21 06:44:25,238 - DEBUG - Task 9e1f96f5-45eb-45f4-bc6c-6a1e65266ddf saved successfully.
2025-09-21 06:44:25,238 - DEBUG - Start async tracer
2025-09-21 06:44:25,238 - DEBUG - chunk: b'data: {"id":"0c7623ab-5489-477f-9066-12cc6362ba39","jsonrpc":"2.0","result":{"contextId":"c5df9dd2-b107-45f7-85d9-4f1e8e6ada89","final":false,"kind":"status-update","status":{"state":"working","timestamp":"2025-09-20T23:44:25.223007+00:00"},"taskId":"9e1f96f5-45eb-45f4-bc6c-6a1e65266ddf"}}\r\n\r\n'
2025-09-21 06:44:25,238 - DEBUG - Start async tracer
2025-09-21 06:44:25,238 - DEBUG - Attempting to dequeue event (waiting).
2025-09-21 06:44:25,241 - DEBUG - [CostAgent] received chunk keys: ['input']
2025-09-21 06:44:25,243 - DEBUG - [CostAgent] received chunk keys: ['input']
2025-09-21 06:44:25,243 - DEBUG - [CostAgent] received chunk keys: ['input']
2025-09-21 06:44:25,248 - DEBUG - [CostAgent] received chunk keys: ['input']
2025-09-21 06:44:25,250 - DEBUG - [CostAgent] received chunk keys: ['input']
2025-09-21 06:44:25,251 - DEBUG - [CostAgent] received chunk keys: ['input', 'output']
2025-09-21 06:44:25,255 - DEBUG - [CostAgent] received chunk keys: ['input']
2025-09-21 06:44:25,743 - DEBUG - CancelledError in span a2a.server.events.event_queue.EventQueue.dequeue_event
2025-09-21 06:44:25,743 - DEBUG - Start async tracer
2025-09-21 06:44:25,743 - DEBUG - Attempting to dequeue event (waiting).
2025-09-21 06:44:26,250 - DEBUG - CancelledError in span a2a.server.events.event_queue.EventQueue.dequeue_event
2025-09-21 06:44:26,250 - DEBUG - Start async tracer
2025-09-21 06:44:26,250 - DEBUG - Attempting to dequeue event (waiting).
2025-09-21 06:44:26,681 - DEBUG - [CostAgent] received chunk keys: ['chunk']
2025-09-21 06:44:26,686 - DEBUG - [CostAgent] received chunk keys: ['input', 'output']
2025-09-21 06:44:26,688 - DEBUG - [CostAgent] received chunk keys: ['input', 'output']
2025-09-21 06:44:26,688 - DEBUG - [CostAgent] received chunk keys: ['input', 'output']
2025-09-21 06:44:26,688 - DEBUG - [CostAgent] received chunk keys: ['input']
2025-09-21 06:44:26,688 - DEBUG - [CostAgent] received chunk keys: ['input', 'output']
2025-09-21 06:44:26,688 - DEBUG - [CostAgent] received chunk keys: ['chunk']
2025-09-21 06:44:26,693 - DEBUG - [CostAgent] received chunk keys: ['input', 'output']
2025-09-21 06:44:26,694 - DEBUG - [CostAgent] received chunk keys: ['chunk']
2025-09-21 06:44:26,698 - DEBUG - [CostAgent] received chunk keys: ['input']
2025-09-21 06:44:26,699 - DEBUG - [CostAgent] received chunk keys: ['input']
2025-09-21 06:44:26,700 - DEBUG - [CostAgent] received chunk keys: ['input', 'output']
2025-09-21 06:44:26,700 - DEBUG - [CostAgent] received chunk keys: ['chunk']
2025-09-21 06:44:26,700 - DEBUG - [CostAgent] received chunk keys: ['input', 'output']
2025-09-21 06:44:26,708 - DEBUG - [CostAgent] received chunk keys: ['chunk']
2025-09-21 06:44:26,708 - DEBUG - [CostAgent] received chunk keys: ['input']
2025-09-21 06:44:26,708 - DEBUG - [CostAgent] received chunk keys: ['input']
2025-09-21 06:44:26,708 - DEBUG - [CostAgent] received chunk keys: ['input']
2025-09-21 06:44:26,714 - DEBUG - [CostAgent] received chunk keys: ['input']
2025-09-21 06:44:26,715 - DEBUG - [CostAgent] received chunk keys: ['input', 'output']
2025-09-21 06:44:26,718 - DEBUG - [CostAgent] received chunk keys: ['input']
2025-09-21 06:44:26,758 - DEBUG - CancelledError in span a2a.server.events.event_queue.EventQueue.dequeue_event
2025-09-21 06:44:26,758 - DEBUG - Start async tracer
2025-09-21 06:44:26,758 - DEBUG - Attempting to dequeue event (waiting).
2025-09-21 06:44:27,269 - DEBUG - CancelledError in span a2a.server.events.event_queue.EventQueue.dequeue_event
2025-09-21 06:44:27,269 - DEBUG - Start async tracer
2025-09-21 06:44:27,269 - DEBUG - Attempting to dequeue event (waiting).
2025-09-21 06:44:27,348 - DEBUG - [CostAgent] received chunk keys: ['chunk']
2025-09-21 06:44:27,472 - DEBUG - [CostAgent] received chunk keys: ['chunk']
2025-09-21 06:44:27,555 - DEBUG - [CostAgent] received chunk keys: ['chunk']
2025-09-21 06:44:27,758 - DEBUG - CancelledError in span a2a.server.events.event_queue.EventQueue.dequeue_event
2025-09-21 06:44:27,758 - DEBUG - Start async tracer
2025-09-21 06:44:27,758 - DEBUG - Attempting to dequeue event (waiting).
2025-09-21 06:44:27,758 - DEBUG - [CostAgent] received chunk keys: ['chunk']
2025-09-21 06:44:27,974 - DEBUG - [CostAgent] received chunk keys: ['chunk']
2025-09-21 06:44:27,984 - DEBUG - [CostAgent] received chunk keys: ['input', 'output']
2025-09-21 06:44:27,985 - DEBUG - [CostAgent] received chunk keys: ['input', 'output']
2025-09-21 06:44:27,988 - DEBUG - [CostAgent] received chunk keys: ['input', 'output']
2025-09-21 06:44:27,991 - DEBUG - [CostAgent] received chunk keys: ['input']
2025-09-21 06:44:27,993 - DEBUG - [CostAgent] received chunk keys: ['input', 'output']
2025-09-21 06:44:27,993 - DEBUG - [CostAgent] received chunk keys: ['chunk']
2025-09-21 06:44:27,999 - DEBUG - [CostAgent] received chunk keys: ['input', 'output']
2025-09-21 06:44:27,999 - DEBUG - [CostAgent] received chunk keys: ['chunk']
2025-09-21 06:44:27,999 - DEBUG - [CostAgent] received chunk keys: ['input']
2025-09-21 06:44:28,006 - DEBUG - [CostAgent] received chunk keys: ['input']
2025-09-21 06:44:28,013 - DEBUG - [CostAgent] received chunk keys: ['input']
2025-09-21 06:44:28,013 - DEBUG - [CostAgent] received chunk keys: ['input']
2025-09-21 06:44:28,263 - DEBUG - CancelledError in span a2a.server.events.event_queue.EventQueue.dequeue_event
2025-09-21 06:44:28,263 - DEBUG - Start async tracer
2025-09-21 06:44:28,263 - DEBUG - Attempting to dequeue event (waiting).
2025-09-21 06:44:28,776 - DEBUG - CancelledError in span a2a.server.events.event_queue.EventQueue.dequeue_event
2025-09-21 06:44:28,776 - DEBUG - Start async tracer
2025-09-21 06:44:28,776 - DEBUG - Attempting to dequeue event (waiting).
2025-09-21 06:44:29,070 - DEBUG - [CostAgent] received chunk keys: ['chunk']
2025-09-21 06:44:29,078 - DEBUG - [CostAgent] received chunk keys: ['input', 'output']
2025-09-21 06:44:29,078 - DEBUG - [CostAgent] received chunk keys: ['input']
2025-09-21 06:44:29,086 - DEBUG - [CostAgent] received chunk keys: ['input', 'output']
2025-09-21 06:44:29,090 - DEBUG - [CostAgent] received chunk keys: ['input', 'output']
2025-09-21 06:44:29,091 - DEBUG - [CostAgent] received chunk keys: ['input', 'output']
2025-09-21 06:44:29,096 - DEBUG - [CostAgent] received chunk keys: ['chunk']
2025-09-21 06:44:29,100 - DEBUG - [CostAgent] received chunk keys: ['input', 'output']
2025-09-21 06:44:29,104 - DEBUG - [CostAgent] received chunk keys: ['chunk']
2025-09-21 06:44:29,104 - DEBUG - [CostAgent] received chunk keys: ['output']
2025-09-21 06:44:29,104 - DEBUG - [CostAgentExecutor] raw event from agent: {'content': 'Tôi xin lỗi vì sự cố này. Để cung cấp thông tin về các gói khám liên quan đến Xuất huyết tiêu hóa, tôi cần bạn cung cấp thêm thông tin chi tiết. Bạn có thể cho tôi biết các triệu chứng cụ thể bạn đang gặp phải hoặc các bệnh lý nền bạn đã được chẩn đoán không? Điều này sẽ giúp tôi tìm kiếm các gói khám phù hợp hơn.\n', 'is_task_complete': True, 'require_user_input': False, 'status': 'completed', 'data': None}
2025-09-21 06:44:29,104 - DEBUG - Start async tracer
2025-09-21 06:44:29,108 - DEBUG - Enqueuing event of type: <class 'a2a.types.TaskStatusUpdateEvent'>
2025-09-21 06:44:29,108 - DEBUG - [CostAgentExecutor] Final artifact parts dump: [Part(root=TextPart(kind='text', metadata=None, text='Tôi xin lỗi vì sự cố này. Để cung cấp thông tin về các gói khám liên quan đến Xuất huyết tiêu hóa, tôi cần bạn cung cấp thêm thông tin chi tiết. Bạn có thể cho tôi biết các triệu chứng cụ thể bạn đang gặp phải hoặc các bệnh lý nền bạn đã được chẩn đoán không? Điều này sẽ giúp tôi tìm kiếm các gói khám phù hợp hơn.\n'))]
2025-09-21 06:44:29,108 - DEBUG - Start async tracer
2025-09-21 06:44:29,109 - DEBUG - Enqueuing event of type: <class 'a2a.types.TaskArtifactUpdateEvent'>
2025-09-21 06:44:29,109 - DEBUG - Start async tracer
2025-09-21 06:44:29,109 - DEBUG - Enqueuing event of type: <class 'a2a.types.TaskStatusUpdateEvent'>
2025-09-21 06:44:29,109 - DEBUG - Start async tracer
2025-09-21 06:44:29,109 - DEBUG - Closing EventQueue.
2025-09-21 06:44:29,110 - DEBUG - Dequeued event (waited) of type: <class 'a2a.types.TaskStatusUpdateEvent'>
2025-09-21 06:44:29,110 - DEBUG - Dequeued event of type: <class 'a2a.types.TaskStatusUpdateEvent'> in consume_all.
2025-09-21 06:44:29,110 - DEBUG - Marking task as done in EventQueue.
2025-09-21 06:44:29,110 - DEBUG - Marked task as done in event queue in consume_all
2025-09-21 06:44:29,111 - DEBUG - Processing save of task event of type TaskStatusUpdateEvent for task_id: 9e1f96f5-45eb-45f4-bc6c-6a1e65266ddf
2025-09-21 06:44:29,111 - DEBUG - Updating task 9e1f96f5-45eb-45f4-bc6c-6a1e65266ddf status to: TaskState.working
2025-09-21 06:44:29,111 - DEBUG - Saving task with id: 9e1f96f5-45eb-45f4-bc6c-6a1e65266ddf
2025-09-21 06:44:29,111 - DEBUG - Task 9e1f96f5-45eb-45f4-bc6c-6a1e65266ddf saved successfully.
2025-09-21 06:44:29,111 - DEBUG - Start async tracer
2025-09-21 06:44:29,111 - DEBUG - chunk: b'data: {"id":"0c7623ab-5489-477f-9066-12cc6362ba39","jsonrpc":"2.0","result":{"contextId":"c5df9dd2-b107-45f7-85d9-4f1e8e6ada89","final":false,"kind":"status-update","status":{"message":{"kind":"message","messageId":"397edd2e-be22-4a4f-b033-69f886037795","parts":[{"kind":"text","text":"T\xc3\xb4i xin l\xe1\xbb\x97i v\xc3\xac s\xe1\xbb\xb1 c\xe1\xbb\x91 n\xc3\xa0y. \xc4\x90\xe1\xbb\x83 cung c\xe1\xba\xa5p th\xc3\xb4ng tin v\xe1\xbb\x81 c\xc3\xa1c g\xc3\xb3i kh\xc3\xa1m li\xc3\xaan quan \xc4\x91\xe1\xba\xbfn Xu\xe1\xba\xa5t huy\xe1\xba\xbft ti\xc3\xaau h\xc3\xb3a, t\xc3\xb4i c\xe1\xba\xa7n b\xe1\xba\xa1n cung c\xe1\xba\xa5p th\xc3\xaam th\xc3\xb4ng tin chi ti\xe1\xba\xbft. B\xe1\xba\xa1n c\xc3\xb3 th\xe1\xbb\x83 cho t\xc3\xb4i bi\xe1\xba\xbft c\xc3\xa1c tri\xe1\xbb\x87u ch\xe1\xbb\xa9ng c\xe1\xbb\xa5 th\xe1\xbb\x83 b\xe1\xba\xa1n \xc4\x91ang g\xe1\xba\xb7p ph\xe1\xba\xa3i ho\xe1\xba\xb7c c\xc3\xa1c b\xe1\xbb\x87nh l\xc3\xbd n\xe1\xbb\x81n b\xe1\xba\xa1n \xc4\x91\xc3\xa3 \xc4\x91\xc6\xb0\xe1\xbb\xa3c ch\xe1\xba\xa9n \xc4\x91o\xc3\xa1n kh\xc3\xb4ng? \xc4\x90i\xe1\xbb\x81u n\xc3\xa0y s\xe1\xba\xbd gi\xc3\xbap t\xc3\xb4i t\xc3\xacm ki\xe1\xba\xbfm c\xc3\xa1c g\xc3\xb3i kh\xc3\xa1m ph\xc3\xb9 h\xe1\xbb\xa3p h\xc6\xa1n.\\n"}],"role":"agent"},"state":"working","timestamp":"2025-09-20T23:44:29.104252+00:00"},"taskId":"9e1f96f5-45eb-45f4-bc6c-6a1e65266ddf"}}\r\n\r\n'
2025-09-21 06:44:29,111 - DEBUG - Start async tracer
2025-09-21 06:44:29,111 - DEBUG - Attempting to dequeue event (waiting).
2025-09-21 06:44:29,111 - DEBUG - Dequeued event (waited) of type: <class 'a2a.types.TaskArtifactUpdateEvent'>
2025-09-21 06:44:29,111 - DEBUG - Dequeued event of type: <class 'a2a.types.TaskArtifactUpdateEvent'> in consume_all.
2025-09-21 06:44:29,111 - DEBUG - Marking task as done in EventQueue.
2025-09-21 06:44:29,111 - DEBUG - Marked task as done in event queue in consume_all
2025-09-21 06:44:29,111 - DEBUG - Processing save of task event of type TaskArtifactUpdateEvent for task_id: 9e1f96f5-45eb-45f4-bc6c-6a1e65266ddf
2025-09-21 06:44:29,111 - DEBUG - Appending artifact to task 9e1f96f5-45eb-45f4-bc6c-6a1e65266ddf
2025-09-21 06:44:29,111 - DEBUG - Adding new artifact with id 870ca7f4-175b-4084-b9a9-183bf1395332 for task 9e1f96f5-45eb-45f4-bc6c-6a1e65266ddf
2025-09-21 06:44:29,111 - DEBUG - Saving task with id: 9e1f96f5-45eb-45f4-bc6c-6a1e65266ddf
2025-09-21 06:44:29,111 - DEBUG - Task 9e1f96f5-45eb-45f4-bc6c-6a1e65266ddf saved successfully.
2025-09-21 06:44:29,111 - DEBUG - Start async tracer
2025-09-21 06:44:29,116 - DEBUG - chunk: b'data: {"id":"0c7623ab-5489-477f-9066-12cc6362ba39","jsonrpc":"2.0","result":{"artifact":{"artifactId":"870ca7f4-175b-4084-b9a9-183bf1395332","parts":[{"kind":"text","text":"T\xc3\xb4i xin l\xe1\xbb\x97i v\xc3\xac s\xe1\xbb\xb1 c\xe1\xbb\x91 n\xc3\xa0y. \xc4\x90\xe1\xbb\x83 cung c\xe1\xba\xa5p th\xc3\xb4ng tin v\xe1\xbb\x81 c\xc3\xa1c g\xc3\xb3i kh\xc3\xa1m li\xc3\xaan quan \xc4\x91\xe1\xba\xbfn Xu\xe1\xba\xa5t huy\xe1\xba\xbft ti\xc3\xaau h\xc3\xb3a, t\xc3\xb4i c\xe1\xba\xa7n b\xe1\xba\xa1n cung c\xe1\xba\xa5p th\xc3\xaam th\xc3\xb4ng tin chi ti\xe1\xba\xbft. B\xe1\xba\xa1n c\xc3\xb3 th\xe1\xbb\x83 cho t\xc3\xb4i bi\xe1\xba\xbft c\xc3\xa1c tri\xe1\xbb\x87u ch\xe1\xbb\xa9ng c\xe1\xbb\xa5 th\xe1\xbb\x83 b\xe1\xba\xa1n \xc4\x91ang g\xe1\xba\xb7p ph\xe1\xba\xa3i ho\xe1\xba\xb7c c\xc3\xa1c b\xe1\xbb\x87nh l\xc3\xbd n\xe1\xbb\x81n b\xe1\xba\xa1n \xc4\x91\xc3\xa3 \xc4\x91\xc6\xb0\xe1\xbb\xa3c ch\xe1\xba\xa9n \xc4\x91o\xc3\xa1n kh\xc3\xb4ng? \xc4\x90i\xe1\xbb\x81u n\xc3\xa0y s\xe1\xba\xbd gi\xc3\xbap t\xc3\xb4i t\xc3\xacm ki\xe1\xba\xbfm c\xc3\xa1c g\xc3\xb3i kh\xc3\xa1m ph\xc3\xb9 h\xe1\xbb\xa3p h\xc6\xa1n.\\n"}]},"contextId":"c5df9dd2-b107-45f7-85d9-4f1e8e6ada89","kind":"artifact-update","taskId":"9e1f96f5-45eb-45f4-bc6c-6a1e65266ddf"}}\r\n\r\n'
2025-09-21 06:44:29,116 - DEBUG - Start async tracer
2025-09-21 06:44:29,116 - DEBUG - Attempting to dequeue event (waiting).
2025-09-21 06:44:29,116 - DEBUG - Dequeued event (waited) of type: <class 'a2a.types.TaskStatusUpdateEvent'>
2025-09-21 06:44:29,116 - DEBUG - Dequeued event of type: <class 'a2a.types.TaskStatusUpdateEvent'> in consume_all.
2025-09-21 06:44:29,117 - DEBUG - Marking task as done in EventQueue.
2025-09-21 06:44:29,117 - DEBUG - Marked task as done in event queue in consume_all
2025-09-21 06:44:29,117 - DEBUG - Stopping event consumption in consume_all.
2025-09-21 06:44:29,117 - DEBUG - Start async tracer
2025-09-21 06:44:29,117 - DEBUG - Closing EventQueue.
2025-09-21 06:44:29,117 - DEBUG - Processing save of task event of type TaskStatusUpdateEvent for task_id: 9e1f96f5-45eb-45f4-bc6c-6a1e65266ddf
2025-09-21 06:44:29,118 - DEBUG - Updating task 9e1f96f5-45eb-45f4-bc6c-6a1e65266ddf status to: TaskState.completed
2025-09-21 06:44:29,118 - DEBUG - Saving task with id: 9e1f96f5-45eb-45f4-bc6c-6a1e65266ddf
2025-09-21 06:44:29,118 - DEBUG - Task 9e1f96f5-45eb-45f4-bc6c-6a1e65266ddf saved successfully.
2025-09-21 06:44:29,118 - DEBUG - Start async tracer
2025-09-21 06:44:29,118 - DEBUG - chunk: b'data: {"id":"0c7623ab-5489-477f-9066-12cc6362ba39","jsonrpc":"2.0","result":{"contextId":"c5df9dd2-b107-45f7-85d9-4f1e8e6ada89","final":true,"kind":"status-update","status":{"state":"completed","timestamp":"2025-09-20T23:44:29.109362+00:00"},"taskId":"9e1f96f5-45eb-45f4-bc6c-6a1e65266ddf"}}\r\n\r\n'
2025-09-21 06:44:29,118 - DEBUG - Start async tracer
2025-09-21 06:44:29,118 - DEBUG - Agent task callback triggered.
2025-09-21 06:44:29,118 - DEBUG - Start async tracer
2025-09-21 06:44:29,118 - DEBUG - Start async tracer
2025-09-21 06:44:29,118 - DEBUG - Closing EventQueue.
2025-09-21 06:44:29,118 - DEBUG - Got event: http.disconnect. Stop streaming.
2025-09-21 09:24:34,761 - DEBUG - Load embedding model sentence-transformers/paraphrase-multilingual-MiniLM-L12-v2
2025-09-21 09:24:34,764 - INFO - Use pytorch device_name: cpu
2025-09-21 09:24:34,764 - INFO - Load pretrained SentenceTransformer: paraphrase-multilingual-MiniLM-L12-v2
2025-09-21 09:24:34,767 - DEBUG - Starting new HTTPS connection (1): huggingface.co:443
2025-09-21 09:24:35,745 - DEBUG - https://huggingface.co:443 "HEAD /sentence-transformers/paraphrase-multilingual-MiniLM-L12-v2/resolve/main/modules.json HTTP/1.1" 307 0
2025-09-21 09:24:35,863 - DEBUG - https://huggingface.co:443 "HEAD /api/resolve-cache/models/sentence-transformers/paraphrase-multilingual-MiniLM-L12-v2/86741b4e3f5cb7765a600d3a3d55a0f6a6cb443d/modules.json HTTP/1.1" 200 0
2025-09-21 09:24:36,309 - DEBUG - https://huggingface.co:443 "HEAD /sentence-transformers/paraphrase-multilingual-MiniLM-L12-v2/resolve/main/config_sentence_transformers.json HTTP/1.1" 307 0
2025-09-21 09:24:36,353 - DEBUG - https://huggingface.co:443 "HEAD /api/resolve-cache/models/sentence-transformers/paraphrase-multilingual-MiniLM-L12-v2/86741b4e3f5cb7765a600d3a3d55a0f6a6cb443d/config_sentence_transformers.json HTTP/1.1" 200 0
2025-09-21 09:24:36,655 - DEBUG - https://huggingface.co:443 "HEAD /sentence-transformers/paraphrase-multilingual-MiniLM-L12-v2/resolve/main/config_sentence_transformers.json HTTP/1.1" 307 0
2025-09-21 09:24:36,713 - DEBUG - https://huggingface.co:443 "HEAD /api/resolve-cache/models/sentence-transformers/paraphrase-multilingual-MiniLM-L12-v2/86741b4e3f5cb7765a600d3a3d55a0f6a6cb443d/config_sentence_transformers.json HTTP/1.1" 200 0
2025-09-21 09:24:37,085 - DEBUG - https://huggingface.co:443 "HEAD /sentence-transformers/paraphrase-multilingual-MiniLM-L12-v2/resolve/main/README.md HTTP/1.1" 307 0
2025-09-21 09:24:37,228 - DEBUG - https://huggingface.co:443 "HEAD /api/resolve-cache/models/sentence-transformers/paraphrase-multilingual-MiniLM-L12-v2/86741b4e3f5cb7765a600d3a3d55a0f6a6cb443d/README.md HTTP/1.1" 200 0
2025-09-21 09:24:37,611 - DEBUG - https://huggingface.co:443 "HEAD /sentence-transformers/paraphrase-multilingual-MiniLM-L12-v2/resolve/main/modules.json HTTP/1.1" 307 0
2025-09-21 09:24:37,653 - DEBUG - https://huggingface.co:443 "HEAD /api/resolve-cache/models/sentence-transformers/paraphrase-multilingual-MiniLM-L12-v2/86741b4e3f5cb7765a600d3a3d55a0f6a6cb443d/modules.json HTTP/1.1" 200 0
2025-09-21 09:24:37,964 - DEBUG - https://huggingface.co:443 "HEAD /sentence-transformers/paraphrase-multilingual-MiniLM-L12-v2/resolve/main/sentence_bert_config.json HTTP/1.1" 307 0
2025-09-21 09:24:38,044 - DEBUG - https://huggingface.co:443 "HEAD /api/resolve-cache/models/sentence-transformers/paraphrase-multilingual-MiniLM-L12-v2/86741b4e3f5cb7765a600d3a3d55a0f6a6cb443d/sentence_bert_config.json HTTP/1.1" 200 0
2025-09-21 09:24:38,402 - DEBUG - https://huggingface.co:443 "HEAD /sentence-transformers/paraphrase-multilingual-MiniLM-L12-v2/resolve/main/adapter_config.json HTTP/1.1" 404 0
2025-09-21 09:24:38,933 - DEBUG - https://huggingface.co:443 "HEAD /sentence-transformers/paraphrase-multilingual-MiniLM-L12-v2/resolve/main/config.json HTTP/1.1" 307 0
2025-09-21 09:24:39,145 - DEBUG - https://huggingface.co:443 "HEAD /api/resolve-cache/models/sentence-transformers/paraphrase-multilingual-MiniLM-L12-v2/86741b4e3f5cb7765a600d3a3d55a0f6a6cb443d/config.json HTTP/1.1" 200 0
2025-09-21 09:24:39,661 - DEBUG - https://huggingface.co:443 "HEAD /sentence-transformers/paraphrase-multilingual-MiniLM-L12-v2/resolve/main/tokenizer_config.json HTTP/1.1" 307 0
2025-09-21 09:24:39,717 - DEBUG - https://huggingface.co:443 "HEAD /api/resolve-cache/models/sentence-transformers/paraphrase-multilingual-MiniLM-L12-v2/86741b4e3f5cb7765a600d3a3d55a0f6a6cb443d/tokenizer_config.json HTTP/1.1" 200 0
2025-09-21 09:24:40,150 - DEBUG - https://huggingface.co:443 "GET /api/models/sentence-transformers/paraphrase-multilingual-MiniLM-L12-v2/tree/main/additional_chat_templates?recursive=False&expand=False HTTP/1.1" 404 64
2025-09-21 09:24:41,344 - DEBUG - https://huggingface.co:443 "HEAD /sentence-transformers/paraphrase-multilingual-MiniLM-L12-v2/resolve/main/1_Pooling/config.json HTTP/1.1" 307 0
2025-09-21 09:24:41,482 - DEBUG - https://huggingface.co:443 "HEAD /api/resolve-cache/models/sentence-transformers/paraphrase-multilingual-MiniLM-L12-v2/86741b4e3f5cb7765a600d3a3d55a0f6a6cb443d/1_Pooling%2Fconfig.json HTTP/1.1" 200 0
2025-09-21 09:24:41,788 - DEBUG - https://huggingface.co:443 "GET /api/models/sentence-transformers/paraphrase-multilingual-MiniLM-L12-v2 HTTP/1.1" 200 6129
2025-09-21 09:24:41,795 - DEBUG - Index ready: 3 bệnh, 2 chuyên khoa, 3 gói
2025-09-21 09:24:42,049 - DEBUG - Using proactor: IocpProactor
2025-09-21 09:24:44,200 - DEBUG - Initializing InMemoryTaskStore
2025-09-21 09:25:14,449 - DEBUG - Start async tracer
2025-09-21 09:25:14,450 - DEBUG - TaskManager initialized with task_id: None, context_id: None
2025-09-21 09:25:14,451 - DEBUG - task_id is not set, cannot get task.
2025-09-21 09:25:14,451 - DEBUG - Start async tracer
2025-09-21 09:25:14,451 - DEBUG - EventQueue initialized.
2025-09-21 09:25:14,451 - DEBUG - Start async tracer
2025-09-21 09:25:14,451 - DEBUG - EventConsumer initialized
2025-09-21 09:25:14,451 - DEBUG - Starting to consume all events from the queue.
2025-09-21 09:25:14,452 - DEBUG - Start async tracer
2025-09-21 09:25:14,452 - DEBUG - Attempting to dequeue event (waiting).
2025-09-21 09:25:14,452 - DEBUG - Start async tracer
2025-09-21 09:25:14,452 - DEBUG - Start async tracer
2025-09-21 09:25:14,452 - DEBUG - Enqueuing event of type: <class 'a2a.types.TaskStatusUpdateEvent'>
2025-09-21 09:25:14,453 - DEBUG - Start async tracer
2025-09-21 09:25:14,453 - DEBUG - Enqueuing event of type: <class 'a2a.types.TaskStatusUpdateEvent'>
2025-09-21 09:25:14,453 - DEBUG - [CostAgentExecutor] wrapped_input: {'session_id': 'a73c7707-1728-45f4-8f87-5955739686ff', 'query': 'cho tôi các gói khám bệnh liên quan tới Xuất huyết tiêu hóa đi ', 'final_response_parts': []}
2025-09-21 09:25:14,453 - DEBUG - [CostAgentExecutor] HumanMessage: content='cho tôi các gói khám bệnh liên quan tới Xuất huyết tiêu hóa đi ' additional_kwargs={'session_id': 'a73c7707-1728-45f4-8f87-5955739686ff', 'final_response_parts': []} response_metadata={}
2025-09-21 09:25:14,472 - DEBUG - Dequeued event (waited) of type: <class 'a2a.types.TaskStatusUpdateEvent'>
2025-09-21 09:25:14,472 - DEBUG - Dequeued event of type: <class 'a2a.types.TaskStatusUpdateEvent'> in consume_all.
2025-09-21 09:25:14,472 - DEBUG - Marking task as done in EventQueue.
2025-09-21 09:25:14,472 - DEBUG - Marked task as done in event queue in consume_all
2025-09-21 09:25:14,472 - DEBUG - Processing save of task event of type TaskStatusUpdateEvent for task_id: 372e2a3a-6f92-4271-9406-91bd6451a69d
2025-09-21 09:25:14,472 - DEBUG - Attempting to retrieve existing task with id: 372e2a3a-6f92-4271-9406-91bd6451a69d
2025-09-21 09:25:14,472 - DEBUG - Attempting to get task with id: 372e2a3a-6f92-4271-9406-91bd6451a69d
2025-09-21 09:25:14,472 - DEBUG - Task 372e2a3a-6f92-4271-9406-91bd6451a69d not found in store.
2025-09-21 09:25:14,472 - INFO - Task not found or task_id not set. Creating new task for event (task_id: 372e2a3a-6f92-4271-9406-91bd6451a69d, context_id: a73c7707-1728-45f4-8f87-5955739686ff).
2025-09-21 09:25:14,472 - DEBUG - Initializing new Task object with task_id: 372e2a3a-6f92-4271-9406-91bd6451a69d, context_id: a73c7707-1728-45f4-8f87-5955739686ff
2025-09-21 09:25:14,472 - DEBUG - Saving task with id: 372e2a3a-6f92-4271-9406-91bd6451a69d
2025-09-21 09:25:14,472 - DEBUG - Task 372e2a3a-6f92-4271-9406-91bd6451a69d saved successfully.
2025-09-21 09:25:14,472 - DEBUG - Updating task 372e2a3a-6f92-4271-9406-91bd6451a69d status to: TaskState.submitted
2025-09-21 09:25:14,476 - DEBUG - Saving task with id: 372e2a3a-6f92-4271-9406-91bd6451a69d
2025-09-21 09:25:14,477 - DEBUG - Task 372e2a3a-6f92-4271-9406-91bd6451a69d saved successfully.
2025-09-21 09:25:14,477 - DEBUG - Start async tracer
2025-09-21 09:25:14,478 - DEBUG - chunk: b'data: {"id":"5839b336-f488-485e-97b9-9a5ce30de0a9","jsonrpc":"2.0","result":{"contextId":"a73c7707-1728-45f4-8f87-5955739686ff","final":false,"kind":"status-update","status":{"state":"submitted","timestamp":"2025-09-21T02:25:14.452736+00:00"},"taskId":"372e2a3a-6f92-4271-9406-91bd6451a69d"}}\r\n\r\n'
2025-09-21 09:25:14,478 - DEBUG - Start async tracer
2025-09-21 09:25:14,478 - DEBUG - Attempting to dequeue event (waiting).
2025-09-21 09:25:14,478 - DEBUG - Dequeued event (waited) of type: <class 'a2a.types.TaskStatusUpdateEvent'>
2025-09-21 09:25:14,478 - DEBUG - Dequeued event of type: <class 'a2a.types.TaskStatusUpdateEvent'> in consume_all.
2025-09-21 09:25:14,478 - DEBUG - Marking task as done in EventQueue.
2025-09-21 09:25:14,478 - DEBUG - Marked task as done in event queue in consume_all
2025-09-21 09:25:14,478 - DEBUG - Processing save of task event of type TaskStatusUpdateEvent for task_id: 372e2a3a-6f92-4271-9406-91bd6451a69d
2025-09-21 09:25:14,478 - DEBUG - Updating task 372e2a3a-6f92-4271-9406-91bd6451a69d status to: TaskState.working
2025-09-21 09:25:14,478 - DEBUG - Saving task with id: 372e2a3a-6f92-4271-9406-91bd6451a69d
2025-09-21 09:25:14,478 - DEBUG - Task 372e2a3a-6f92-4271-9406-91bd6451a69d saved successfully.
2025-09-21 09:25:14,478 - DEBUG - Start async tracer
2025-09-21 09:25:14,478 - DEBUG - chunk: b'data: {"id":"5839b336-f488-485e-97b9-9a5ce30de0a9","jsonrpc":"2.0","result":{"contextId":"a73c7707-1728-45f4-8f87-5955739686ff","final":false,"kind":"status-update","status":{"state":"working","timestamp":"2025-09-21T02:25:14.453740+00:00"},"taskId":"372e2a3a-6f92-4271-9406-91bd6451a69d"}}\r\n\r\n'
2025-09-21 09:25:14,478 - DEBUG - Start async tracer
2025-09-21 09:25:14,478 - DEBUG - Attempting to dequeue event (waiting).
2025-09-21 09:25:14,484 - DEBUG - [CostAgent] received chunk keys: ['input']
2025-09-21 09:25:14,484 - DEBUG - [CostAgent] received chunk keys: ['input']
2025-09-21 09:25:14,484 - DEBUG - [CostAgent] received chunk keys: ['input']
2025-09-21 09:25:14,496 - DEBUG - [CostAgent] received chunk keys: ['input']
2025-09-21 09:25:14,497 - DEBUG - [CostAgent] received chunk keys: ['input']
2025-09-21 09:25:14,498 - DEBUG - [CostAgent] received chunk keys: ['input', 'output']
2025-09-21 09:25:14,500 - DEBUG - [CostAgent] received chunk keys: ['input']
2025-09-21 09:25:14,502 - DEBUG - Using AsyncIOEngine.POLLER as I/O engine
2025-09-21 09:25:14,992 - DEBUG - CancelledError in span a2a.server.events.event_queue.EventQueue.dequeue_event
2025-09-21 09:25:14,993 - DEBUG - Start async tracer
2025-09-21 09:25:14,993 - DEBUG - Attempting to dequeue event (waiting).
2025-09-21 09:25:15,493 - DEBUG - CancelledError in span a2a.server.events.event_queue.EventQueue.dequeue_event
2025-09-21 09:25:15,493 - DEBUG - Start async tracer
2025-09-21 09:25:15,493 - DEBUG - Attempting to dequeue event (waiting).
2025-09-21 09:25:15,987 - DEBUG - [CostAgent] received chunk keys: ['chunk']
2025-09-21 09:25:16,013 - DEBUG - CancelledError in span a2a.server.events.event_queue.EventQueue.dequeue_event
2025-09-21 09:25:16,014 - DEBUG - Start async tracer
2025-09-21 09:25:16,014 - DEBUG - Attempting to dequeue event (waiting).
2025-09-21 09:25:16,160 - DEBUG - [CostAgent] received chunk keys: ['chunk']
2025-09-21 09:25:16,207 - DEBUG - [CostAgent] received chunk keys: ['chunk']
2025-09-21 09:25:16,525 - DEBUG - CancelledError in span a2a.server.events.event_queue.EventQueue.dequeue_event
2025-09-21 09:25:16,525 - DEBUG - Start async tracer
2025-09-21 09:25:16,525 - DEBUG - Attempting to dequeue event (waiting).
2025-09-21 09:25:16,957 - DEBUG - [CostAgent] received chunk keys: ['chunk']
2025-09-21 09:25:16,959 - DEBUG - [CostAgent] received chunk keys: ['input', 'output']
2025-09-21 09:25:16,960 - DEBUG - [CostAgent] received chunk keys: ['input', 'output']
2025-09-21 09:25:16,960 - DEBUG - [CostAgent] received chunk keys: ['input', 'output']
2025-09-21 09:25:16,963 - DEBUG - [CostAgent] received chunk keys: ['input']
2025-09-21 09:25:16,965 - DEBUG - [CostAgent] received chunk keys: ['input', 'output']
2025-09-21 09:25:16,965 - DEBUG - [CostAgent] received chunk keys: ['chunk']
2025-09-21 09:25:16,965 - DEBUG - [CostAgent] received chunk keys: ['input', 'output']
2025-09-21 09:25:16,969 - DEBUG - [CostAgent] received chunk keys: ['chunk']
2025-09-21 09:25:16,970 - DEBUG - [CostAgent] received chunk keys: ['input']
2025-09-21 09:25:16,972 - DEBUG - [CostAgent] received chunk keys: ['input']
2025-09-21 09:25:16,976 - DEBUG - [CostAgent] received chunk keys: ['input', 'output']
2025-09-21 09:25:16,978 - DEBUG - [CostAgent] received chunk keys: ['chunk']
2025-09-21 09:25:16,979 - DEBUG - [CostAgent] received chunk keys: ['input', 'output']
2025-09-21 09:25:16,979 - DEBUG - [CostAgent] received chunk keys: ['chunk']
2025-09-21 09:25:16,982 - DEBUG - [CostAgent] received chunk keys: ['input']
2025-09-21 09:25:16,983 - DEBUG - [CostAgent] received chunk keys: ['input']
2025-09-21 09:25:16,985 - DEBUG - [CostAgent] received chunk keys: ['input']
2025-09-21 09:25:16,986 - DEBUG - [CostAgent] received chunk keys: ['input']
2025-09-21 09:25:16,986 - DEBUG - [CostAgent] received chunk keys: ['input', 'output']
2025-09-21 09:25:16,991 - DEBUG - [CostAgent] received chunk keys: ['input']
2025-09-21 09:25:17,041 - DEBUG - CancelledError in span a2a.server.events.event_queue.EventQueue.dequeue_event
2025-09-21 09:25:17,041 - DEBUG - Start async tracer
2025-09-21 09:25:17,041 - DEBUG - Attempting to dequeue event (waiting).
2025-09-21 09:25:17,558 - DEBUG - CancelledError in span a2a.server.events.event_queue.EventQueue.dequeue_event
2025-09-21 09:25:17,558 - DEBUG - Start async tracer
2025-09-21 09:25:17,558 - DEBUG - Attempting to dequeue event (waiting).
2025-09-21 09:25:17,804 - DEBUG - [CostAgent] received chunk keys: ['chunk']
2025-09-21 09:25:17,904 - DEBUG - [CostAgent] received chunk keys: ['chunk']
2025-09-21 09:25:17,959 - DEBUG - [CostAgent] received chunk keys: ['chunk']
2025-09-21 09:25:18,072 - DEBUG - CancelledError in span a2a.server.events.event_queue.EventQueue.dequeue_event
2025-09-21 09:25:18,072 - DEBUG - Start async tracer
2025-09-21 09:25:18,072 - DEBUG - Attempting to dequeue event (waiting).
2025-09-21 09:25:18,224 - DEBUG - [CostAgent] received chunk keys: ['chunk']
2025-09-21 09:25:18,411 - DEBUG - [CostAgent] received chunk keys: ['chunk']
2025-09-21 09:25:18,589 - DEBUG - CancelledError in span a2a.server.events.event_queue.EventQueue.dequeue_event
2025-09-21 09:25:18,589 - DEBUG - Start async tracer
2025-09-21 09:25:18,589 - DEBUG - Attempting to dequeue event (waiting).
2025-09-21 09:25:18,616 - DEBUG - [CostAgent] received chunk keys: ['chunk']
2025-09-21 09:25:18,898 - DEBUG - [CostAgent] received chunk keys: ['chunk']
2025-09-21 09:25:19,089 - DEBUG - CancelledError in span a2a.server.events.event_queue.EventQueue.dequeue_event
2025-09-21 09:25:19,089 - DEBUG - Start async tracer
2025-09-21 09:25:19,089 - DEBUG - Attempting to dequeue event (waiting).
2025-09-21 09:25:19,110 - DEBUG - [CostAgent] received chunk keys: ['chunk']
2025-09-21 09:25:19,112 - DEBUG - [CostAgent] received chunk keys: ['input', 'output']
2025-09-21 09:25:19,116 - DEBUG - [CostAgent] received chunk keys: ['input', 'output']
2025-09-21 09:25:19,118 - DEBUG - [CostAgent] received chunk keys: ['input', 'output']
2025-09-21 09:25:19,120 - DEBUG - [CostAgent] received chunk keys: ['input']
2025-09-21 09:25:19,122 - DEBUG - [CostAgent] received chunk keys: ['input', 'output']
2025-09-21 09:25:19,125 - DEBUG - [CostAgent] received chunk keys: ['chunk']
2025-09-21 09:25:19,127 - DEBUG - [CostAgent] received chunk keys: ['input', 'output']
2025-09-21 09:25:19,130 - DEBUG - [CostAgent] received chunk keys: ['chunk']
2025-09-21 09:25:19,132 - DEBUG - [CostAgent] received chunk keys: ['input']
2025-09-21 09:25:19,134 - DEBUG - [CostAgent] received chunk keys: ['input']
2025-09-21 09:25:19,140 - DEBUG - [CostAgent] received chunk keys: ['input']
2025-09-21 09:25:19,143 - DEBUG - [CostAgent] received chunk keys: ['input']
2025-09-21 09:25:19,608 - DEBUG - CancelledError in span a2a.server.events.event_queue.EventQueue.dequeue_event
2025-09-21 09:25:19,608 - DEBUG - Start async tracer
2025-09-21 09:25:19,608 - DEBUG - Attempting to dequeue event (waiting).
2025-09-21 09:25:20,117 - DEBUG - CancelledError in span a2a.server.events.event_queue.EventQueue.dequeue_event
2025-09-21 09:25:20,117 - DEBUG - Start async tracer
2025-09-21 09:25:20,117 - DEBUG - Attempting to dequeue event (waiting).
2025-09-21 09:25:20,436 - DEBUG - [CostAgent] received chunk keys: ['chunk']
2025-09-21 09:25:20,440 - DEBUG - [CostAgent] received chunk keys: ['input', 'output']
2025-09-21 09:25:20,443 - DEBUG - [CostAgent] received chunk keys: ['input']
2025-09-21 09:25:20,459 - DEBUG - [CostAgent] received chunk keys: ['input', 'output']
2025-09-21 09:25:20,463 - DEBUG - [CostAgent] received chunk keys: ['input', 'output']
2025-09-21 09:25:20,463 - DEBUG - [CostAgent] received chunk keys: ['input', 'output']
2025-09-21 09:25:20,474 - DEBUG - [CostAgent] received chunk keys: ['input', 'output']
2025-09-21 09:25:20,483 - ERROR - Exception while streaming from runnable
Traceback (most recent call last):
  File "D:\DEMO CHAT BOT\agents\cost_agent\cost_agent.py", line 225, in stream
    async for chunk in runnable.astream_events(langgraph_input, config, version="v1"):
  File "D:\DEMO CHAT BOT\.venv\Lib\site-packages\langchain_core\runnables\base.py", line 1403, in astream_events
    async for event in event_stream:
  File "D:\DEMO CHAT BOT\.venv\Lib\site-packages\langchain_core\tracers\event_stream.py", line 790, in _astream_events_implementation_v1
    async for log in _astream_log_implementation(
  File "D:\DEMO CHAT BOT\.venv\Lib\site-packages\langchain_core\tracers\log_stream.py", line 706, in _astream_log_implementation
    await task
  File "D:\DEMO CHAT BOT\.venv\Lib\site-packages\langchain_core\tracers\log_stream.py", line 658, in consume_astream
    async for chunk in runnable.astream(value, config, **kwargs):
  File "D:\DEMO CHAT BOT\.venv\Lib\site-packages\langgraph\pregel\main.py", line 2928, in astream
    async for _ in runner.atick(
  File "D:\DEMO CHAT BOT\.venv\Lib\site-packages\langgraph\pregel\_runner.py", line 295, in atick
    await arun_with_retry(
  File "D:\DEMO CHAT BOT\.venv\Lib\site-packages\langgraph\pregel\_retry.py", line 132, in arun_with_retry
    async for _ in task.proc.astream(task.input, config):
  File "D:\DEMO CHAT BOT\.venv\Lib\site-packages\langgraph\_internal\_runnable.py", line 840, in astream
    output = await asyncio.create_task(
             ^^^^^^^^^^^^^^^^^^^^^^^^^^
  File "D:\DEMO CHAT BOT\.venv\Lib\site-packages\langgraph\_internal\_runnable.py", line 905, in _consume_aiter
    async for chunk in it:
  File "D:\DEMO CHAT BOT\.venv\Lib\site-packages\langchain_core\tracers\log_stream.py", line 283, in tap_output_aiter
    async for chunk in output:
  File "D:\DEMO CHAT BOT\.venv\Lib\site-packages\langchain_core\runnables\base.py", line 1470, in atransform
    async for ichunk in input:
  File "D:\DEMO CHAT BOT\.venv\Lib\site-packages\langchain_core\runnables\base.py", line 1034, in astream
    yield await self.ainvoke(input, config, **kwargs)
          ^^^^^^^^^^^^^^^^^^^^^^^^^^^^^^^^^^^^^^^^^^^
  File "D:\DEMO CHAT BOT\.venv\Lib\site-packages\langgraph\_internal\_runnable.py", line 465, in ainvoke
    ret = await asyncio.create_task(coro, context=context)
          ^^^^^^^^^^^^^^^^^^^^^^^^^^^^^^^^^^^^^^^^^^^^^^^^
  File "D:\DEMO CHAT BOT\.venv\Lib\site-packages\langgraph\prebuilt\chat_agent_executor.py", line 728, in agenerate_structured_response
    response = await model_with_structured_output.ainvoke(messages, config)
               ^^^^^^^^^^^^^^^^^^^^^^^^^^^^^^^^^^^^^^^^^^^^^^^^^^^^^^^^^^^^
  File "D:\DEMO CHAT BOT\.venv\Lib\site-packages\langchain_core\runnables\base.py", line 3088, in ainvoke
    input_ = await coro_with_context(part(), context, create_task=True)
             ^^^^^^^^^^^^^^^^^^^^^^^^^^^^^^^^^^^^^^^^^^^^^^^^^^^^^^^^^^
  File "D:\DEMO CHAT BOT\.venv\Lib\site-packages\langchain_core\output_parsers\base.py", line 219, in ainvoke
    return await self._acall_with_config(
           ^^^^^^^^^^^^^^^^^^^^^^^^^^^^^^
  File "D:\DEMO CHAT BOT\.venv\Lib\site-packages\langchain_core\runnables\base.py", line 1990, in _acall_with_config
    output: Output = await coro_with_context(coro, context)
                     ^^^^^^^^^^^^^^^^^^^^^^^^^^^^^^^^^^^^^^
  File "D:\DEMO CHAT BOT\.venv\Lib\site-packages\langchain_core\output_parsers\base.py", line 280, in aparse_result
    return await run_in_executor(None, self.parse_result, result, partial=partial)
           ^^^^^^^^^^^^^^^^^^^^^^^^^^^^^^^^^^^^^^^^^^^^^^^^^^^^^^^^^^^^^^^^^^^^^^^
  File "D:\DEMO CHAT BOT\.venv\Lib\site-packages\langchain_core\runnables\config.py", line 617, in run_in_executor
    return await asyncio.get_running_loop().run_in_executor(
           ^^^^^^^^^^^^^^^^^^^^^^^^^^^^^^^^^^^^^^^^^^^^^^^^^
  File "E:\ANACONDA\Lib\concurrent\futures\thread.py", line 58, in run
    result = self.fn(*self.args, **self.kwargs)
             ^^^^^^^^^^^^^^^^^^^^^^^^^^^^^^^^^^
  File "D:\DEMO CHAT BOT\.venv\Lib\site-packages\langchain_core\runnables\config.py", line 608, in wrapper
    return func(*args, **kwargs)
           ^^^^^^^^^^^^^^^^^^^^^
  File "D:\DEMO CHAT BOT\.venv\Lib\site-packages\langchain_core\output_parsers\openai_tools.py", line 336, in parse_result
    pydantic_objects.append(name_dict[res["type"]](**res["args"]))
                            ^^^^^^^^^^^^^^^^^^^^^^^^^^^^^^^^^^^^^
  File "D:\DEMO CHAT BOT\.venv\Lib\site-packages\pydantic\main.py", line 253, in __init__
    validated_self = self.__pydantic_validator__.validate_python(data, self_instance=self)
                     ^^^^^^^^^^^^^^^^^^^^^^^^^^^^^^^^^^^^^^^^^^^^^^^^^^^^^^^^^^^^^^^^^^^^^
pydantic_core._pydantic_core.ValidationError: 1 validation error for ResponseFormat
data
  Input should be a valid dictionary [type=dict_type, input_value='Thông tin về các gó...p sau khi tìm kiếm.', input_type=str]
    For further information visit https://errors.pydantic.dev/2.11/v/dict_type
During task with name 'generate_structured_response' and id 'c954cbf0-a58b-fdc0-9de5-664a39b486f8'
2025-09-21 09:25:20,484 - DEBUG - [CostAgentExecutor] raw event from agent: {'is_task_complete': True, 'require_user_input': False, 'content': "Lỗi nội bộ khi xử lý: 1 validation error for ResponseFormat\ndata\n  Input should be a valid dictionary [type=dict_type, input_value='Thông tin về các gó...p sau khi tìm kiếm.', input_type=str]\n    For further information visit https://errors.pydantic.dev/2.11/v/dict_type", 'status': 'error', 'data': None}
2025-09-21 09:25:20,490 - DEBUG - Start async tracer
2025-09-21 09:25:20,490 - DEBUG - Enqueuing event of type: <class 'a2a.types.TaskStatusUpdateEvent'>
2025-09-21 09:25:20,490 - DEBUG - [CostAgentExecutor] raw event from agent: {'content': 'Tôi xin lỗi vì sự nhầm lẫn trước đó. Để cung cấp thông tin về các gói khám liên quan đến Xuất huyết tiêu hóa, tôi cần một định dạng đầu vào chính xác hơn. Vui lòng cung cấp lại thông tin dưới dạng một dictionary JSON hợp lệ, bao gồm cả session_id (nếu có) và các thông tin liên quan khác như user_query, extracted_symptoms, và pdf_results (nếu có). Nếu không có session_id, bạn có thể bỏ qua nó.\n\nVí dụ:\n```json\n{\n  "session_id": "your_session_id",\n  "user_query": "cho tôi các gói khám bệnh liên quan tới Xuất huyết tiêu hóa đi",\n  "final_response_parts": []\n}\n```\n\nHoặc, nếu bạn chỉ muốn tìm gói khám cho "Xuất huyết tiêu hóa" dựa trên câu hỏi trực tiếp của bạn, tôi có thể thử trích xuất thông tin này và tìm kiếm gói khám phù hợp.\n', 'is_task_complete': True, 'require_user_input': False, 'status': 'completed', 'data': None}
2025-09-21 09:25:20,491 - DEBUG - Start async tracer
2025-09-21 09:25:20,491 - DEBUG - Enqueuing event of type: <class 'a2a.types.TaskStatusUpdateEvent'>
2025-09-21 09:25:20,492 - DEBUG - [CostAgentExecutor] Final artifact parts dump: [Part(root=TextPart(kind='text', metadata=None, text='Tôi xin lỗi vì sự nhầm lẫn trước đó. Để cung cấp thông tin về các gói khám liên quan đến Xuất huyết tiêu hóa, tôi cần một định dạng đầu vào chính xác hơn. Vui lòng cung cấp lại thông tin dưới dạng một dictionary JSON hợp lệ, bao gồm cả session_id (nếu có) và các thông tin liên quan khác như user_query, extracted_symptoms, và pdf_results (nếu có). Nếu không có session_id, bạn có thể bỏ qua nó.\n\nVí dụ:\n```json\n{\n  "session_id": "your_session_id",\n  "user_query": "cho tôi các gói khám bệnh liên quan tới Xuất huyết tiêu hóa đi",\n  "final_response_parts": []\n}\n```\n\nHoặc, nếu bạn chỉ muốn tìm gói khám cho "Xuất huyết tiêu hóa" dựa trên câu hỏi trực tiếp của bạn, tôi có thể thử trích xuất thông tin này và tìm kiếm gói khám phù hợp.\n'))]
2025-09-21 09:25:20,493 - DEBUG - Start async tracer
2025-09-21 09:25:20,493 - DEBUG - Enqueuing event of type: <class 'a2a.types.TaskArtifactUpdateEvent'>
2025-09-21 09:25:20,493 - DEBUG - Start async tracer
2025-09-21 09:25:20,493 - DEBUG - Enqueuing event of type: <class 'a2a.types.TaskStatusUpdateEvent'>
2025-09-21 09:25:20,493 - DEBUG - Start async tracer
2025-09-21 09:25:20,493 - DEBUG - Closing EventQueue.
2025-09-21 09:25:20,493 - DEBUG - Dequeued event (waited) of type: <class 'a2a.types.TaskStatusUpdateEvent'>
2025-09-21 09:25:20,493 - DEBUG - Dequeued event of type: <class 'a2a.types.TaskStatusUpdateEvent'> in consume_all.
2025-09-21 09:25:20,493 - DEBUG - Marking task as done in EventQueue.
2025-09-21 09:25:20,493 - DEBUG - Marked task as done in event queue in consume_all
2025-09-21 09:25:20,493 - DEBUG - Processing save of task event of type TaskStatusUpdateEvent for task_id: 372e2a3a-6f92-4271-9406-91bd6451a69d
2025-09-21 09:25:20,493 - DEBUG - Updating task 372e2a3a-6f92-4271-9406-91bd6451a69d status to: TaskState.working
2025-09-21 09:25:20,493 - DEBUG - Saving task with id: 372e2a3a-6f92-4271-9406-91bd6451a69d
2025-09-21 09:25:20,493 - DEBUG - Task 372e2a3a-6f92-4271-9406-91bd6451a69d saved successfully.
2025-09-21 09:25:20,493 - DEBUG - Start async tracer
2025-09-21 09:25:20,493 - DEBUG - chunk: b'data: {"id":"5839b336-f488-485e-97b9-9a5ce30de0a9","jsonrpc":"2.0","result":{"contextId":"a73c7707-1728-45f4-8f87-5955739686ff","final":false,"kind":"status-update","status":{"message":{"kind":"message","messageId":"ce53e67a-26d4-4647-8be5-6093d8b1f2e0","parts":[{"kind":"text","text":"L\xe1\xbb\x97i n\xe1\xbb\x99i b\xe1\xbb\x99 khi x\xe1\xbb\xad l\xc3\xbd: 1 validation error for ResponseFormat\\ndata\\n  Input should be a valid dictionary [type=dict_type, input_value=\'Th\xc3\xb4ng tin v\xe1\xbb\x81 c\xc3\xa1c g\xc3\xb3...p sau khi t\xc3\xacm ki\xe1\xba\xbfm.\', input_type=str]\\n    For further information visit https://errors.pydantic.dev/2.11/v/dict_type"}],"role":"agent"},"state":"working","timestamp":"2025-09-21T02:25:20.490558+00:00"},"taskId":"372e2a3a-6f92-4271-9406-91bd6451a69d"}}\r\n\r\n'
2025-09-21 09:25:20,493 - DEBUG - Start async tracer
2025-09-21 09:25:20,493 - DEBUG - Attempting to dequeue event (waiting).
2025-09-21 09:25:20,493 - DEBUG - Dequeued event (waited) of type: <class 'a2a.types.TaskStatusUpdateEvent'>
2025-09-21 09:25:20,493 - DEBUG - Dequeued event of type: <class 'a2a.types.TaskStatusUpdateEvent'> in consume_all.
2025-09-21 09:25:20,493 - DEBUG - Marking task as done in EventQueue.
2025-09-21 09:25:20,493 - DEBUG - Marked task as done in event queue in consume_all
2025-09-21 09:25:20,493 - DEBUG - Processing save of task event of type TaskStatusUpdateEvent for task_id: 372e2a3a-6f92-4271-9406-91bd6451a69d
2025-09-21 09:25:20,493 - DEBUG - Updating task 372e2a3a-6f92-4271-9406-91bd6451a69d status to: TaskState.working
2025-09-21 09:25:20,493 - DEBUG - Saving task with id: 372e2a3a-6f92-4271-9406-91bd6451a69d
2025-09-21 09:25:20,493 - DEBUG - Task 372e2a3a-6f92-4271-9406-91bd6451a69d saved successfully.
2025-09-21 09:25:20,493 - DEBUG - Start async tracer
2025-09-21 09:25:20,493 - DEBUG - chunk: b'data: {"id":"5839b336-f488-485e-97b9-9a5ce30de0a9","jsonrpc":"2.0","result":{"contextId":"a73c7707-1728-45f4-8f87-5955739686ff","final":false,"kind":"status-update","status":{"message":{"kind":"message","messageId":"9e098371-953a-4159-b132-a2d3372304c0","parts":[{"kind":"text","text":"T\xc3\xb4i xin l\xe1\xbb\x97i v\xc3\xac s\xe1\xbb\xb1 nh\xe1\xba\xa7m l\xe1\xba\xabn tr\xc6\xb0\xe1\xbb\x9bc \xc4\x91\xc3\xb3. \xc4\x90\xe1\xbb\x83 cung c\xe1\xba\xa5p th\xc3\xb4ng tin v\xe1\xbb\x81 c\xc3\xa1c g\xc3\xb3i kh\xc3\xa1m li\xc3\xaan quan \xc4\x91\xe1\xba\xbfn Xu\xe1\xba\xa5t huy\xe1\xba\xbft ti\xc3\xaau h\xc3\xb3a, t\xc3\xb4i c\xe1\xba\xa7n m\xe1\xbb\x99t \xc4\x91\xe1\xbb\x8bnh d\xe1\xba\xa1ng \xc4\x91\xe1\xba\xa7u v\xc3\xa0o ch\xc3\xadnh x\xc3\xa1c h\xc6\xa1n. Vui l\xc3\xb2ng cung c\xe1\xba\xa5p l\xe1\xba\xa1i th\xc3\xb4ng tin d\xc6\xb0\xe1\xbb\x9bi d\xe1\xba\xa1ng m\xe1\xbb\x99t dictionary JSON h\xe1\xbb\xa3p l\xe1\xbb\x87, bao g\xe1\xbb\x93m c\xe1\xba\xa3 session_id (n\xe1\xba\xbfu c\xc3\xb3) v\xc3\xa0 c\xc3\xa1c th\xc3\xb4ng tin li\xc3\xaan quan kh\xc3\xa1c nh\xc6\xb0 user_query, extracted_symptoms, v\xc3\xa0 pdf_results (n\xe1\xba\xbfu c\xc3\xb3). N\xe1\xba\xbfu kh\xc3\xb4ng c\xc3\xb3 session_id, b\xe1\xba\xa1n c\xc3\xb3 th\xe1\xbb\x83 b\xe1\xbb\x8f qua n\xc3\xb3.\\n\\nV\xc3\xad d\xe1\xbb\xa5:\\n```json\\n{\\n  \\"session_id\\": \\"your_session_id\\",\\n  \\"user_query\\": \\"cho t\xc3\xb4i c\xc3\xa1c g\xc3\xb3i kh\xc3\xa1m b\xe1\xbb\x87nh li\xc3\xaan quan t\xe1\xbb\x9bi Xu\xe1\xba\xa5t huy\xe1\xba\xbft ti\xc3\xaau h\xc3\xb3a \xc4\x91i\\",\\n  \\"final_response_parts\\": []\\n}\\n```\\n\\nHo\xe1\xba\xb7c, n\xe1\xba\xbfu b\xe1\xba\xa1n ch\xe1\xbb\x89 mu\xe1\xbb\x91n t\xc3\xacm g\xc3\xb3i kh\xc3\xa1m cho \\"Xu\xe1\xba\xa5t huy\xe1\xba\xbft ti\xc3\xaau h\xc3\xb3a\\" d\xe1\xbb\xb1a tr\xc3\xaan c\xc3\xa2u h\xe1\xbb\x8fi tr\xe1\xbb\xb1c ti\xe1\xba\xbfp c\xe1\xbb\xa7a b\xe1\xba\xa1n, t\xc3\xb4i c\xc3\xb3 th\xe1\xbb\x83 th\xe1\xbb\xad tr\xc3\xadch xu\xe1\xba\xa5t th\xc3\xb4ng tin n\xc3\xa0y v\xc3\xa0 t\xc3\xacm ki\xe1\xba\xbfm g\xc3\xb3i kh\xc3\xa1m ph\xc3\xb9 h\xe1\xbb\xa3p.\\n"}],"role":"agent"},"state":"working","timestamp":"2025-09-21T02:25:20.491639+00:00"},"taskId":"372e2a3a-6f92-4271-9406-91bd6451a69d"}}\r\n\r\n'
2025-09-21 09:25:20,493 - DEBUG - Start async tracer
2025-09-21 09:25:20,497 - DEBUG - Attempting to dequeue event (waiting).
2025-09-21 09:25:20,497 - DEBUG - Dequeued event (waited) of type: <class 'a2a.types.TaskArtifactUpdateEvent'>
2025-09-21 09:25:20,497 - DEBUG - Dequeued event of type: <class 'a2a.types.TaskArtifactUpdateEvent'> in consume_all.
2025-09-21 09:25:20,497 - DEBUG - Marking task as done in EventQueue.
2025-09-21 09:25:20,497 - DEBUG - Marked task as done in event queue in consume_all
2025-09-21 09:25:20,498 - DEBUG - Processing save of task event of type TaskArtifactUpdateEvent for task_id: 372e2a3a-6f92-4271-9406-91bd6451a69d
2025-09-21 09:25:20,498 - DEBUG - Appending artifact to task 372e2a3a-6f92-4271-9406-91bd6451a69d
2025-09-21 09:25:20,498 - DEBUG - Adding new artifact with id deecd3bf-e49f-4a47-a7d4-a5be163df67c for task 372e2a3a-6f92-4271-9406-91bd6451a69d
2025-09-21 09:25:20,498 - DEBUG - Saving task with id: 372e2a3a-6f92-4271-9406-91bd6451a69d
2025-09-21 09:25:20,498 - DEBUG - Task 372e2a3a-6f92-4271-9406-91bd6451a69d saved successfully.
2025-09-21 09:25:20,498 - DEBUG - Start async tracer
2025-09-21 09:25:20,498 - DEBUG - chunk: b'data: {"id":"5839b336-f488-485e-97b9-9a5ce30de0a9","jsonrpc":"2.0","result":{"artifact":{"artifactId":"deecd3bf-e49f-4a47-a7d4-a5be163df67c","parts":[{"kind":"text","text":"T\xc3\xb4i xin l\xe1\xbb\x97i v\xc3\xac s\xe1\xbb\xb1 nh\xe1\xba\xa7m l\xe1\xba\xabn tr\xc6\xb0\xe1\xbb\x9bc \xc4\x91\xc3\xb3. \xc4\x90\xe1\xbb\x83 cung c\xe1\xba\xa5p th\xc3\xb4ng tin v\xe1\xbb\x81 c\xc3\xa1c g\xc3\xb3i kh\xc3\xa1m li\xc3\xaan quan \xc4\x91\xe1\xba\xbfn Xu\xe1\xba\xa5t huy\xe1\xba\xbft ti\xc3\xaau h\xc3\xb3a, t\xc3\xb4i c\xe1\xba\xa7n m\xe1\xbb\x99t \xc4\x91\xe1\xbb\x8bnh d\xe1\xba\xa1ng \xc4\x91\xe1\xba\xa7u v\xc3\xa0o ch\xc3\xadnh x\xc3\xa1c h\xc6\xa1n. Vui l\xc3\xb2ng cung c\xe1\xba\xa5p l\xe1\xba\xa1i th\xc3\xb4ng tin d\xc6\xb0\xe1\xbb\x9bi d\xe1\xba\xa1ng m\xe1\xbb\x99t dictionary JSON h\xe1\xbb\xa3p l\xe1\xbb\x87, bao g\xe1\xbb\x93m c\xe1\xba\xa3 session_id (n\xe1\xba\xbfu c\xc3\xb3) v\xc3\xa0 c\xc3\xa1c th\xc3\xb4ng tin li\xc3\xaan quan kh\xc3\xa1c nh\xc6\xb0 user_query, extracted_symptoms, v\xc3\xa0 pdf_results (n\xe1\xba\xbfu c\xc3\xb3). N\xe1\xba\xbfu kh\xc3\xb4ng c\xc3\xb3 session_id, b\xe1\xba\xa1n c\xc3\xb3 th\xe1\xbb\x83 b\xe1\xbb\x8f qua n\xc3\xb3.\\n\\nV\xc3\xad d\xe1\xbb\xa5:\\n```json\\n{\\n  \\"session_id\\": \\"your_session_id\\",\\n  \\"user_query\\": \\"cho t\xc3\xb4i c\xc3\xa1c g\xc3\xb3i kh\xc3\xa1m b\xe1\xbb\x87nh li\xc3\xaan quan t\xe1\xbb\x9bi Xu\xe1\xba\xa5t huy\xe1\xba\xbft ti\xc3\xaau h\xc3\xb3a \xc4\x91i\\",\\n  \\"final_response_parts\\": []\\n}\\n```\\n\\nHo\xe1\xba\xb7c, n\xe1\xba\xbfu b\xe1\xba\xa1n ch\xe1\xbb\x89 mu\xe1\xbb\x91n t\xc3\xacm g\xc3\xb3i kh\xc3\xa1m cho \\"Xu\xe1\xba\xa5t huy\xe1\xba\xbft ti\xc3\xaau h\xc3\xb3a\\" d\xe1\xbb\xb1a tr\xc3\xaan c\xc3\xa2u h\xe1\xbb\x8fi tr\xe1\xbb\xb1c ti\xe1\xba\xbfp c\xe1\xbb\xa7a b\xe1\xba\xa1n, t\xc3\xb4i c\xc3\xb3 th\xe1\xbb\x83 th\xe1\xbb\xad tr\xc3\xadch xu\xe1\xba\xa5t th\xc3\xb4ng tin n\xc3\xa0y v\xc3\xa0 t\xc3\xacm ki\xe1\xba\xbfm g\xc3\xb3i kh\xc3\xa1m ph\xc3\xb9 h\xe1\xbb\xa3p.\\n"}]},"contextId":"a73c7707-1728-45f4-8f87-5955739686ff","kind":"artifact-update","taskId":"372e2a3a-6f92-4271-9406-91bd6451a69d"}}\r\n\r\n'
2025-09-21 09:25:20,498 - DEBUG - Start async tracer
2025-09-21 09:25:20,498 - DEBUG - Attempting to dequeue event (waiting).
2025-09-21 09:25:20,498 - DEBUG - Dequeued event (waited) of type: <class 'a2a.types.TaskStatusUpdateEvent'>
2025-09-21 09:25:20,498 - DEBUG - Dequeued event of type: <class 'a2a.types.TaskStatusUpdateEvent'> in consume_all.
2025-09-21 09:25:20,498 - DEBUG - Marking task as done in EventQueue.
2025-09-21 09:25:20,498 - DEBUG - Marked task as done in event queue in consume_all
2025-09-21 09:25:20,498 - DEBUG - Stopping event consumption in consume_all.
2025-09-21 09:25:20,498 - DEBUG - Start async tracer
2025-09-21 09:25:20,498 - DEBUG - Closing EventQueue.
2025-09-21 09:25:20,498 - DEBUG - Processing save of task event of type TaskStatusUpdateEvent for task_id: 372e2a3a-6f92-4271-9406-91bd6451a69d
2025-09-21 09:25:20,498 - DEBUG - Updating task 372e2a3a-6f92-4271-9406-91bd6451a69d status to: TaskState.completed
2025-09-21 09:25:20,498 - DEBUG - Saving task with id: 372e2a3a-6f92-4271-9406-91bd6451a69d
2025-09-21 09:25:20,498 - DEBUG - Task 372e2a3a-6f92-4271-9406-91bd6451a69d saved successfully.
2025-09-21 09:25:20,498 - DEBUG - Start async tracer
2025-09-21 09:25:20,498 - DEBUG - chunk: b'data: {"id":"5839b336-f488-485e-97b9-9a5ce30de0a9","jsonrpc":"2.0","result":{"contextId":"a73c7707-1728-45f4-8f87-5955739686ff","final":true,"kind":"status-update","status":{"state":"completed","timestamp":"2025-09-21T02:25:20.493071+00:00"},"taskId":"372e2a3a-6f92-4271-9406-91bd6451a69d"}}\r\n\r\n'
2025-09-21 09:25:20,498 - DEBUG - Start async tracer
2025-09-21 09:25:20,498 - DEBUG - Agent task callback triggered.
2025-09-21 09:25:20,498 - DEBUG - Start async tracer
2025-09-21 09:25:20,498 - DEBUG - Start async tracer
2025-09-21 09:25:20,498 - DEBUG - Closing EventQueue.
2025-09-21 09:25:20,498 - DEBUG - Got event: http.disconnect. Stop streaming.
2025-09-21 09:43:53,463 - DEBUG - Start async tracer
2025-09-21 09:43:53,463 - DEBUG - TaskManager initialized with task_id: None, context_id: None
2025-09-21 09:43:53,463 - DEBUG - task_id is not set, cannot get task.
2025-09-21 09:43:53,463 - DEBUG - Start async tracer
2025-09-21 09:43:53,463 - DEBUG - EventQueue initialized.
2025-09-21 09:43:53,463 - DEBUG - Start async tracer
2025-09-21 09:43:53,463 - DEBUG - EventConsumer initialized
2025-09-21 09:43:53,463 - DEBUG - Starting to consume all events from the queue.
2025-09-21 09:43:53,463 - DEBUG - Start async tracer
2025-09-21 09:43:53,463 - DEBUG - Attempting to dequeue event (waiting).
2025-09-21 09:43:53,463 - DEBUG - Start async tracer
2025-09-21 09:43:53,463 - DEBUG - Start async tracer
2025-09-21 09:43:53,463 - DEBUG - Enqueuing event of type: <class 'a2a.types.TaskStatusUpdateEvent'>
2025-09-21 09:43:53,463 - DEBUG - Start async tracer
2025-09-21 09:43:53,463 - DEBUG - Enqueuing event of type: <class 'a2a.types.TaskStatusUpdateEvent'>
2025-09-21 09:43:53,463 - DEBUG - [CostAgentExecutor] wrapped_input: {'session_id': '0744cbc5-d26b-42c1-8beb-2fbb7b0d401a', 'query': 'cho tôi các gói khám bệnh liên quan tới Xuất huyết tiêu hóa đi', 'final_response_parts': []}
2025-09-21 09:43:53,463 - DEBUG - [CostAgentExecutor] HumanMessage: content='cho tôi các gói khám bệnh liên quan tới Xuất huyết tiêu hóa đi' additional_kwargs={'session_id': '0744cbc5-d26b-42c1-8beb-2fbb7b0d401a', 'final_response_parts': []} response_metadata={}
2025-09-21 09:43:53,475 - DEBUG - Dequeued event (waited) of type: <class 'a2a.types.TaskStatusUpdateEvent'>
2025-09-21 09:43:53,475 - DEBUG - Dequeued event of type: <class 'a2a.types.TaskStatusUpdateEvent'> in consume_all.
2025-09-21 09:43:53,475 - DEBUG - Marking task as done in EventQueue.
2025-09-21 09:43:53,475 - DEBUG - Marked task as done in event queue in consume_all
2025-09-21 09:43:53,476 - DEBUG - Processing save of task event of type TaskStatusUpdateEvent for task_id: 57921b55-c222-489e-8eb8-a01faa7036d9
2025-09-21 09:43:53,476 - DEBUG - Attempting to retrieve existing task with id: 57921b55-c222-489e-8eb8-a01faa7036d9
2025-09-21 09:43:53,477 - DEBUG - Attempting to get task with id: 57921b55-c222-489e-8eb8-a01faa7036d9
2025-09-21 09:43:53,477 - DEBUG - Task 57921b55-c222-489e-8eb8-a01faa7036d9 not found in store.
2025-09-21 09:43:53,477 - INFO - Task not found or task_id not set. Creating new task for event (task_id: 57921b55-c222-489e-8eb8-a01faa7036d9, context_id: 0744cbc5-d26b-42c1-8beb-2fbb7b0d401a).
2025-09-21 09:43:53,477 - DEBUG - Initializing new Task object with task_id: 57921b55-c222-489e-8eb8-a01faa7036d9, context_id: 0744cbc5-d26b-42c1-8beb-2fbb7b0d401a
2025-09-21 09:43:53,477 - DEBUG - Saving task with id: 57921b55-c222-489e-8eb8-a01faa7036d9
2025-09-21 09:43:53,477 - DEBUG - Task 57921b55-c222-489e-8eb8-a01faa7036d9 saved successfully.
2025-09-21 09:43:53,477 - DEBUG - Updating task 57921b55-c222-489e-8eb8-a01faa7036d9 status to: TaskState.submitted
2025-09-21 09:43:53,477 - DEBUG - Saving task with id: 57921b55-c222-489e-8eb8-a01faa7036d9
2025-09-21 09:43:53,477 - DEBUG - Task 57921b55-c222-489e-8eb8-a01faa7036d9 saved successfully.
2025-09-21 09:43:53,477 - DEBUG - Start async tracer
2025-09-21 09:43:53,477 - DEBUG - chunk: b'data: {"id":"73b8c8f6-c341-4b62-af6d-2e980f6ab50f","jsonrpc":"2.0","result":{"contextId":"0744cbc5-d26b-42c1-8beb-2fbb7b0d401a","final":false,"kind":"status-update","status":{"state":"submitted","timestamp":"2025-09-21T02:43:53.463957+00:00"},"taskId":"57921b55-c222-489e-8eb8-a01faa7036d9"}}\r\n\r\n'
2025-09-21 09:43:53,477 - DEBUG - Start async tracer
2025-09-21 09:43:53,477 - DEBUG - Attempting to dequeue event (waiting).
2025-09-21 09:43:53,477 - DEBUG - Dequeued event (waited) of type: <class 'a2a.types.TaskStatusUpdateEvent'>
2025-09-21 09:43:53,477 - DEBUG - Dequeued event of type: <class 'a2a.types.TaskStatusUpdateEvent'> in consume_all.
2025-09-21 09:43:53,480 - DEBUG - Marking task as done in EventQueue.
2025-09-21 09:43:53,480 - DEBUG - Marked task as done in event queue in consume_all
2025-09-21 09:43:53,480 - DEBUG - Processing save of task event of type TaskStatusUpdateEvent for task_id: 57921b55-c222-489e-8eb8-a01faa7036d9
2025-09-21 09:43:53,480 - DEBUG - Updating task 57921b55-c222-489e-8eb8-a01faa7036d9 status to: TaskState.working
2025-09-21 09:43:53,480 - DEBUG - Saving task with id: 57921b55-c222-489e-8eb8-a01faa7036d9
2025-09-21 09:43:53,480 - DEBUG - Task 57921b55-c222-489e-8eb8-a01faa7036d9 saved successfully.
2025-09-21 09:43:53,480 - DEBUG - Start async tracer
2025-09-21 09:43:53,480 - DEBUG - chunk: b'data: {"id":"73b8c8f6-c341-4b62-af6d-2e980f6ab50f","jsonrpc":"2.0","result":{"contextId":"0744cbc5-d26b-42c1-8beb-2fbb7b0d401a","final":false,"kind":"status-update","status":{"state":"working","timestamp":"2025-09-21T02:43:53.463957+00:00"},"taskId":"57921b55-c222-489e-8eb8-a01faa7036d9"}}\r\n\r\n'
2025-09-21 09:43:53,480 - DEBUG - Start async tracer
2025-09-21 09:43:53,480 - DEBUG - Attempting to dequeue event (waiting).
2025-09-21 09:43:53,480 - DEBUG - [CostAgent] received chunk keys: ['input']
2025-09-21 09:43:53,483 - DEBUG - [CostAgent] received chunk keys: ['input']
2025-09-21 09:43:53,484 - DEBUG - [CostAgent] received chunk keys: ['input']
2025-09-21 09:43:53,484 - DEBUG - [CostAgent] received chunk keys: ['input']
2025-09-21 09:43:53,484 - DEBUG - [CostAgent] received chunk keys: ['input']
2025-09-21 09:43:53,484 - DEBUG - [CostAgent] received chunk keys: ['input', 'output']
2025-09-21 09:43:53,484 - DEBUG - [CostAgent] received chunk keys: ['input']
2025-09-21 09:43:53,991 - DEBUG - CancelledError in span a2a.server.events.event_queue.EventQueue.dequeue_event
2025-09-21 09:43:53,991 - DEBUG - Start async tracer
2025-09-21 09:43:53,991 - DEBUG - Attempting to dequeue event (waiting).
2025-09-21 09:43:54,492 - DEBUG - CancelledError in span a2a.server.events.event_queue.EventQueue.dequeue_event
2025-09-21 09:43:54,492 - DEBUG - Start async tracer
2025-09-21 09:43:54,492 - DEBUG - Attempting to dequeue event (waiting).
2025-09-21 09:43:54,733 - DEBUG - [CostAgent] received chunk keys: ['chunk']
2025-09-21 09:43:54,780 - DEBUG - [CostAgent] received chunk keys: ['chunk']
2025-09-21 09:43:54,871 - DEBUG - [CostAgent] received chunk keys: ['chunk']
2025-09-21 09:43:55,006 - DEBUG - CancelledError in span a2a.server.events.event_queue.EventQueue.dequeue_event
2025-09-21 09:43:55,006 - DEBUG - Start async tracer
2025-09-21 09:43:55,006 - DEBUG - Attempting to dequeue event (waiting).
2025-09-21 09:43:55,076 - DEBUG - [CostAgent] received chunk keys: ['chunk']
2025-09-21 09:43:55,408 - DEBUG - [CostAgent] received chunk keys: ['chunk']
2025-09-21 09:43:55,415 - DEBUG - [CostAgent] received chunk keys: ['input', 'output']
2025-09-21 09:43:55,415 - DEBUG - [CostAgent] received chunk keys: ['input', 'output']
2025-09-21 09:43:55,415 - DEBUG - [CostAgent] received chunk keys: ['input', 'output']
2025-09-21 09:43:55,420 - DEBUG - [CostAgent] received chunk keys: ['input']
2025-09-21 09:43:55,422 - DEBUG - [CostAgent] received chunk keys: ['input', 'output']
2025-09-21 09:43:55,422 - DEBUG - [CostAgent] received chunk keys: ['chunk']
2025-09-21 09:43:55,422 - DEBUG - [CostAgent] received chunk keys: ['input', 'output']
2025-09-21 09:43:55,422 - DEBUG - [CostAgent] received chunk keys: ['chunk']
2025-09-21 09:43:55,429 - DEBUG - [CostAgent] received chunk keys: ['input']
2025-09-21 09:43:55,429 - DEBUG - [CostAgent] received chunk keys: ['input']
2025-09-21 09:43:55,434 - DEBUG - [CostAgent] received chunk keys: ['input', 'output']
2025-09-21 09:43:55,436 - DEBUG - [CostAgent] received chunk keys: ['chunk']
2025-09-21 09:43:55,436 - DEBUG - [CostAgent] received chunk keys: ['input', 'output']
2025-09-21 09:43:55,440 - DEBUG - [CostAgent] received chunk keys: ['chunk']
2025-09-21 09:43:55,442 - DEBUG - [CostAgent] received chunk keys: ['input']
2025-09-21 09:43:55,444 - DEBUG - [CostAgent] received chunk keys: ['input']
2025-09-21 09:43:55,448 - DEBUG - [CostAgent] received chunk keys: ['input']
2025-09-21 09:43:55,450 - DEBUG - [CostAgent] received chunk keys: ['input']
2025-09-21 09:43:55,450 - DEBUG - [CostAgent] received chunk keys: ['input', 'output']
2025-09-21 09:43:55,457 - DEBUG - [CostAgent] received chunk keys: ['input']
2025-09-21 09:43:55,496 - DEBUG - CancelledError in span a2a.server.events.event_queue.EventQueue.dequeue_event
2025-09-21 09:43:55,496 - DEBUG - Start async tracer
2025-09-21 09:43:55,498 - DEBUG - Attempting to dequeue event (waiting).
2025-09-21 09:43:56,012 - DEBUG - CancelledError in span a2a.server.events.event_queue.EventQueue.dequeue_event
2025-09-21 09:43:56,012 - DEBUG - Start async tracer
2025-09-21 09:43:56,012 - DEBUG - Attempting to dequeue event (waiting).
2025-09-21 09:43:56,235 - DEBUG - [CostAgent] received chunk keys: ['chunk']
2025-09-21 09:43:56,463 - DEBUG - [CostAgent] received chunk keys: ['chunk']
2025-09-21 09:43:56,504 - DEBUG - CancelledError in span a2a.server.events.event_queue.EventQueue.dequeue_event
2025-09-21 09:43:56,504 - DEBUG - Start async tracer
2025-09-21 09:43:56,504 - DEBUG - Attempting to dequeue event (waiting).
2025-09-21 09:43:56,510 - DEBUG - [CostAgent] received chunk keys: ['chunk']
2025-09-21 09:43:56,687 - DEBUG - [CostAgent] received chunk keys: ['chunk']
2025-09-21 09:43:56,690 - DEBUG - [CostAgent] received chunk keys: ['input', 'output']
2025-09-21 09:43:56,692 - DEBUG - [CostAgent] received chunk keys: ['input', 'output']
2025-09-21 09:43:56,694 - DEBUG - [CostAgent] received chunk keys: ['input', 'output']
2025-09-21 09:43:56,696 - DEBUG - [CostAgent] received chunk keys: ['input']
2025-09-21 09:43:56,698 - DEBUG - [CostAgent] received chunk keys: ['input', 'output']
2025-09-21 09:43:56,700 - DEBUG - [CostAgent] received chunk keys: ['chunk']
2025-09-21 09:43:56,702 - DEBUG - [CostAgent] received chunk keys: ['input', 'output']
2025-09-21 09:43:56,704 - DEBUG - [CostAgent] received chunk keys: ['chunk']
2025-09-21 09:43:56,706 - DEBUG - [CostAgent] received chunk keys: ['input']
2025-09-21 09:43:56,706 - DEBUG - [CostAgent] received chunk keys: ['input']
2025-09-21 09:43:56,714 - DEBUG - [CostAgent] received chunk keys: ['input']
2025-09-21 09:43:56,717 - DEBUG - [CostAgent] received chunk keys: ['input']
2025-09-21 09:43:57,006 - DEBUG - CancelledError in span a2a.server.events.event_queue.EventQueue.dequeue_event
2025-09-21 09:43:57,006 - DEBUG - Start async tracer
2025-09-21 09:43:57,006 - DEBUG - Attempting to dequeue event (waiting).
2025-09-21 09:43:57,504 - DEBUG - CancelledError in span a2a.server.events.event_queue.EventQueue.dequeue_event
2025-09-21 09:43:57,505 - DEBUG - Start async tracer
2025-09-21 09:43:57,505 - DEBUG - Attempting to dequeue event (waiting).
2025-09-21 09:43:57,761 - DEBUG - [CostAgent] received chunk keys: ['chunk']
2025-09-21 09:43:57,769 - DEBUG - [CostAgent] received chunk keys: ['input', 'output']
2025-09-21 09:43:57,773 - DEBUG - [CostAgent] received chunk keys: ['input']
2025-09-21 09:43:57,775 - DEBUG - [CostAgent] received chunk keys: ['input', 'output']
2025-09-21 09:43:57,777 - DEBUG - [CostAgent] received chunk keys: ['input', 'output']
2025-09-21 09:43:57,781 - DEBUG - [CostAgent] received chunk keys: ['input', 'output']
2025-09-21 09:43:57,783 - DEBUG - [CostAgent] received chunk keys: ['chunk']
2025-09-21 09:43:57,785 - DEBUG - [CostAgent] received chunk keys: ['input', 'output']
2025-09-21 09:43:57,790 - DEBUG - [CostAgent] received chunk keys: ['chunk']
2025-09-21 09:43:57,791 - DEBUG - [CostAgent] received chunk keys: ['output']
2025-09-21 09:43:57,791 - DEBUG - [CostAgentExecutor] raw event from agent: {'content': 'Tôi cần một dictionary chứa `session_id`, `user_query`, và `final_response_parts` để tìm các gói khám bệnh liên quan đến Xuất huyết tiêu hóa. Vui lòng cung cấp thông tin này.\n', 'is_task_complete': True, 'require_user_input': False, 'status': 'completed', 'data': None}
2025-09-21 09:43:57,791 - DEBUG - Start async tracer
2025-09-21 09:43:57,791 - DEBUG - Enqueuing event of type: <class 'a2a.types.TaskStatusUpdateEvent'>
2025-09-21 09:43:57,791 - DEBUG - [CostAgentExecutor] Final artifact parts dump: [Part(root=TextPart(kind='text', metadata=None, text='Tôi cần một dictionary chứa `session_id`, `user_query`, và `final_response_parts` để tìm các gói khám bệnh liên quan đến Xuất huyết tiêu hóa. Vui lòng cung cấp thông tin này.\n'))]
2025-09-21 09:43:57,791 - DEBUG - Start async tracer
2025-09-21 09:43:57,791 - DEBUG - Enqueuing event of type: <class 'a2a.types.TaskArtifactUpdateEvent'>
2025-09-21 09:43:57,791 - DEBUG - Start async tracer
2025-09-21 09:43:57,791 - DEBUG - Enqueuing event of type: <class 'a2a.types.TaskStatusUpdateEvent'>
2025-09-21 09:43:57,791 - DEBUG - Start async tracer
2025-09-21 09:43:57,791 - DEBUG - Closing EventQueue.
2025-09-21 09:43:57,791 - DEBUG - Dequeued event (waited) of type: <class 'a2a.types.TaskStatusUpdateEvent'>
2025-09-21 09:43:57,795 - DEBUG - Dequeued event of type: <class 'a2a.types.TaskStatusUpdateEvent'> in consume_all.
2025-09-21 09:43:57,795 - DEBUG - Marking task as done in EventQueue.
2025-09-21 09:43:57,795 - DEBUG - Marked task as done in event queue in consume_all
2025-09-21 09:43:57,796 - DEBUG - Processing save of task event of type TaskStatusUpdateEvent for task_id: 57921b55-c222-489e-8eb8-a01faa7036d9
2025-09-21 09:43:57,796 - DEBUG - Updating task 57921b55-c222-489e-8eb8-a01faa7036d9 status to: TaskState.working
2025-09-21 09:43:57,796 - DEBUG - Saving task with id: 57921b55-c222-489e-8eb8-a01faa7036d9
2025-09-21 09:43:57,796 - DEBUG - Task 57921b55-c222-489e-8eb8-a01faa7036d9 saved successfully.
2025-09-21 09:43:57,797 - DEBUG - Start async tracer
2025-09-21 09:43:57,797 - DEBUG - chunk: b'data: {"id":"73b8c8f6-c341-4b62-af6d-2e980f6ab50f","jsonrpc":"2.0","result":{"contextId":"0744cbc5-d26b-42c1-8beb-2fbb7b0d401a","final":false,"kind":"status-update","status":{"message":{"kind":"message","messageId":"70d194f1-938b-4b75-bc16-89a20212e52c","parts":[{"kind":"text","text":"T\xc3\xb4i c\xe1\xba\xa7n m\xe1\xbb\x99t dictionary ch\xe1\xbb\xa9a `session_id`, `user_query`, v\xc3\xa0 `final_response_parts` \xc4\x91\xe1\xbb\x83 t\xc3\xacm c\xc3\xa1c g\xc3\xb3i kh\xc3\xa1m b\xe1\xbb\x87nh li\xc3\xaan quan \xc4\x91\xe1\xba\xbfn Xu\xe1\xba\xa5t huy\xe1\xba\xbft ti\xc3\xaau h\xc3\xb3a. Vui l\xc3\xb2ng cung c\xe1\xba\xa5p th\xc3\xb4ng tin n\xc3\xa0y.\\n"}],"role":"agent"},"state":"working","timestamp":"2025-09-21T02:43:57.791332+00:00"},"taskId":"57921b55-c222-489e-8eb8-a01faa7036d9"}}\r\n\r\n'
2025-09-21 09:43:57,797 - DEBUG - Start async tracer
2025-09-21 09:43:57,797 - DEBUG - Attempting to dequeue event (waiting).
2025-09-21 09:43:57,797 - DEBUG - Dequeued event (waited) of type: <class 'a2a.types.TaskArtifactUpdateEvent'>
2025-09-21 09:43:57,797 - DEBUG - Dequeued event of type: <class 'a2a.types.TaskArtifactUpdateEvent'> in consume_all.
2025-09-21 09:43:57,797 - DEBUG - Marking task as done in EventQueue.
2025-09-21 09:43:57,797 - DEBUG - Marked task as done in event queue in consume_all
2025-09-21 09:43:57,797 - DEBUG - Processing save of task event of type TaskArtifactUpdateEvent for task_id: 57921b55-c222-489e-8eb8-a01faa7036d9
2025-09-21 09:43:57,797 - DEBUG - Appending artifact to task 57921b55-c222-489e-8eb8-a01faa7036d9
2025-09-21 09:43:57,797 - DEBUG - Adding new artifact with id b49c58db-71d7-4f31-92f8-c7b438693b6a for task 57921b55-c222-489e-8eb8-a01faa7036d9
2025-09-21 09:43:57,797 - DEBUG - Saving task with id: 57921b55-c222-489e-8eb8-a01faa7036d9
2025-09-21 09:43:57,797 - DEBUG - Task 57921b55-c222-489e-8eb8-a01faa7036d9 saved successfully.
2025-09-21 09:43:57,797 - DEBUG - Start async tracer
2025-09-21 09:43:57,799 - DEBUG - chunk: b'data: {"id":"73b8c8f6-c341-4b62-af6d-2e980f6ab50f","jsonrpc":"2.0","result":{"artifact":{"artifactId":"b49c58db-71d7-4f31-92f8-c7b438693b6a","parts":[{"kind":"text","text":"T\xc3\xb4i c\xe1\xba\xa7n m\xe1\xbb\x99t dictionary ch\xe1\xbb\xa9a `session_id`, `user_query`, v\xc3\xa0 `final_response_parts` \xc4\x91\xe1\xbb\x83 t\xc3\xacm c\xc3\xa1c g\xc3\xb3i kh\xc3\xa1m b\xe1\xbb\x87nh li\xc3\xaan quan \xc4\x91\xe1\xba\xbfn Xu\xe1\xba\xa5t huy\xe1\xba\xbft ti\xc3\xaau h\xc3\xb3a. Vui l\xc3\xb2ng cung c\xe1\xba\xa5p th\xc3\xb4ng tin n\xc3\xa0y.\\n"}]},"contextId":"0744cbc5-d26b-42c1-8beb-2fbb7b0d401a","kind":"artifact-update","taskId":"57921b55-c222-489e-8eb8-a01faa7036d9"}}\r\n\r\n'
2025-09-21 09:43:57,799 - DEBUG - Start async tracer
2025-09-21 09:43:57,799 - DEBUG - Attempting to dequeue event (waiting).
2025-09-21 09:43:57,799 - DEBUG - Dequeued event (waited) of type: <class 'a2a.types.TaskStatusUpdateEvent'>
2025-09-21 09:43:57,799 - DEBUG - Dequeued event of type: <class 'a2a.types.TaskStatusUpdateEvent'> in consume_all.
2025-09-21 09:43:57,799 - DEBUG - Marking task as done in EventQueue.
2025-09-21 09:43:57,799 - DEBUG - Marked task as done in event queue in consume_all
2025-09-21 09:43:57,799 - DEBUG - Stopping event consumption in consume_all.
2025-09-21 09:43:57,799 - DEBUG - Start async tracer
2025-09-21 09:43:57,799 - DEBUG - Closing EventQueue.
2025-09-21 09:43:57,799 - DEBUG - Processing save of task event of type TaskStatusUpdateEvent for task_id: 57921b55-c222-489e-8eb8-a01faa7036d9
2025-09-21 09:43:57,799 - DEBUG - Updating task 57921b55-c222-489e-8eb8-a01faa7036d9 status to: TaskState.completed
2025-09-21 09:43:57,799 - DEBUG - Saving task with id: 57921b55-c222-489e-8eb8-a01faa7036d9
2025-09-21 09:43:57,799 - DEBUG - Task 57921b55-c222-489e-8eb8-a01faa7036d9 saved successfully.
2025-09-21 09:43:57,799 - DEBUG - Start async tracer
2025-09-21 09:43:57,799 - DEBUG - chunk: b'data: {"id":"73b8c8f6-c341-4b62-af6d-2e980f6ab50f","jsonrpc":"2.0","result":{"contextId":"0744cbc5-d26b-42c1-8beb-2fbb7b0d401a","final":true,"kind":"status-update","status":{"state":"completed","timestamp":"2025-09-21T02:43:57.791332+00:00"},"taskId":"57921b55-c222-489e-8eb8-a01faa7036d9"}}\r\n\r\n'
2025-09-21 09:43:57,799 - DEBUG - Start async tracer
2025-09-21 09:43:57,802 - DEBUG - Agent task callback triggered.
2025-09-21 09:43:57,802 - DEBUG - Start async tracer
2025-09-21 09:43:57,803 - DEBUG - Start async tracer
2025-09-21 09:43:57,803 - DEBUG - Closing EventQueue.
2025-09-21 09:43:57,803 - DEBUG - Got event: http.disconnect. Stop streaming.
2025-09-21 09:46:22,792 - DEBUG - Start async tracer
2025-09-21 09:46:22,792 - DEBUG - TaskManager initialized with task_id: None, context_id: None
2025-09-21 09:46:22,792 - DEBUG - task_id is not set, cannot get task.
2025-09-21 09:46:22,792 - DEBUG - Start async tracer
2025-09-21 09:46:22,792 - DEBUG - EventQueue initialized.
2025-09-21 09:46:22,792 - DEBUG - Start async tracer
2025-09-21 09:46:22,792 - DEBUG - EventConsumer initialized
2025-09-21 09:46:22,792 - DEBUG - Starting to consume all events from the queue.
2025-09-21 09:46:22,792 - DEBUG - Start async tracer
2025-09-21 09:46:22,792 - DEBUG - Attempting to dequeue event (waiting).
2025-09-21 09:46:22,795 - DEBUG - Start async tracer
2025-09-21 09:46:22,796 - DEBUG - Start async tracer
2025-09-21 09:46:22,796 - DEBUG - Enqueuing event of type: <class 'a2a.types.TaskStatusUpdateEvent'>
2025-09-21 09:46:22,796 - DEBUG - Start async tracer
2025-09-21 09:46:22,797 - DEBUG - Enqueuing event of type: <class 'a2a.types.TaskStatusUpdateEvent'>
2025-09-21 09:46:22,797 - DEBUG - [CostAgentExecutor] wrapped_input: {'session_id': '18c634ef-92b0-4632-b639-590a159351b6', 'query': 'cho tôi các gói khám bệnh liên quan tới Xuất huyết tiêu hóa đi ', 'final_response_parts': []}
2025-09-21 09:46:22,797 - DEBUG - [CostAgentExecutor] HumanMessage: content='cho tôi các gói khám bệnh liên quan tới Xuất huyết tiêu hóa đi ' additional_kwargs={'session_id': '18c634ef-92b0-4632-b639-590a159351b6', 'final_response_parts': []} response_metadata={}
2025-09-21 09:46:22,804 - DEBUG - Dequeued event (waited) of type: <class 'a2a.types.TaskStatusUpdateEvent'>
2025-09-21 09:46:22,804 - DEBUG - Dequeued event of type: <class 'a2a.types.TaskStatusUpdateEvent'> in consume_all.
2025-09-21 09:46:22,804 - DEBUG - Marking task as done in EventQueue.
2025-09-21 09:46:22,804 - DEBUG - Marked task as done in event queue in consume_all
2025-09-21 09:46:22,804 - DEBUG - Processing save of task event of type TaskStatusUpdateEvent for task_id: fdefa75e-4388-4d9b-9732-5e1b9465f249
2025-09-21 09:46:22,804 - DEBUG - Attempting to retrieve existing task with id: fdefa75e-4388-4d9b-9732-5e1b9465f249
2025-09-21 09:46:22,804 - DEBUG - Attempting to get task with id: fdefa75e-4388-4d9b-9732-5e1b9465f249
2025-09-21 09:46:22,804 - DEBUG - Task fdefa75e-4388-4d9b-9732-5e1b9465f249 not found in store.
2025-09-21 09:46:22,804 - INFO - Task not found or task_id not set. Creating new task for event (task_id: fdefa75e-4388-4d9b-9732-5e1b9465f249, context_id: 18c634ef-92b0-4632-b639-590a159351b6).
2025-09-21 09:46:22,804 - DEBUG - Initializing new Task object with task_id: fdefa75e-4388-4d9b-9732-5e1b9465f249, context_id: 18c634ef-92b0-4632-b639-590a159351b6
2025-09-21 09:46:22,804 - DEBUG - Saving task with id: fdefa75e-4388-4d9b-9732-5e1b9465f249
2025-09-21 09:46:22,804 - DEBUG - Task fdefa75e-4388-4d9b-9732-5e1b9465f249 saved successfully.
2025-09-21 09:46:22,804 - DEBUG - Updating task fdefa75e-4388-4d9b-9732-5e1b9465f249 status to: TaskState.submitted
2025-09-21 09:46:22,804 - DEBUG - Saving task with id: fdefa75e-4388-4d9b-9732-5e1b9465f249
2025-09-21 09:46:22,804 - DEBUG - Task fdefa75e-4388-4d9b-9732-5e1b9465f249 saved successfully.
2025-09-21 09:46:22,804 - DEBUG - Start async tracer
2025-09-21 09:46:22,804 - DEBUG - chunk: b'data: {"id":"13df6ab4-d4f6-4b88-853f-e038cffac062","jsonrpc":"2.0","result":{"contextId":"18c634ef-92b0-4632-b639-590a159351b6","final":false,"kind":"status-update","status":{"state":"submitted","timestamp":"2025-09-21T02:46:22.796147+00:00"},"taskId":"fdefa75e-4388-4d9b-9732-5e1b9465f249"}}\r\n\r\n'
2025-09-21 09:46:22,804 - DEBUG - Start async tracer
2025-09-21 09:46:22,804 - DEBUG - Attempting to dequeue event (waiting).
2025-09-21 09:46:22,804 - DEBUG - Dequeued event (waited) of type: <class 'a2a.types.TaskStatusUpdateEvent'>
2025-09-21 09:46:22,804 - DEBUG - Dequeued event of type: <class 'a2a.types.TaskStatusUpdateEvent'> in consume_all.
2025-09-21 09:46:22,804 - DEBUG - Marking task as done in EventQueue.
2025-09-21 09:46:22,804 - DEBUG - Marked task as done in event queue in consume_all
2025-09-21 09:46:22,804 - DEBUG - Processing save of task event of type TaskStatusUpdateEvent for task_id: fdefa75e-4388-4d9b-9732-5e1b9465f249
2025-09-21 09:46:22,804 - DEBUG - Updating task fdefa75e-4388-4d9b-9732-5e1b9465f249 status to: TaskState.working
2025-09-21 09:46:22,804 - DEBUG - Saving task with id: fdefa75e-4388-4d9b-9732-5e1b9465f249
2025-09-21 09:46:22,804 - DEBUG - Task fdefa75e-4388-4d9b-9732-5e1b9465f249 saved successfully.
2025-09-21 09:46:22,804 - DEBUG - Start async tracer
2025-09-21 09:46:22,804 - DEBUG - chunk: b'data: {"id":"13df6ab4-d4f6-4b88-853f-e038cffac062","jsonrpc":"2.0","result":{"contextId":"18c634ef-92b0-4632-b639-590a159351b6","final":false,"kind":"status-update","status":{"state":"working","timestamp":"2025-09-21T02:46:22.796147+00:00"},"taskId":"fdefa75e-4388-4d9b-9732-5e1b9465f249"}}\r\n\r\n'
2025-09-21 09:46:22,804 - DEBUG - Start async tracer
2025-09-21 09:46:22,804 - DEBUG - Attempting to dequeue event (waiting).
2025-09-21 09:46:22,809 - DEBUG - [CostAgent] received chunk keys: ['input']
2025-09-21 09:46:22,811 - DEBUG - [CostAgent] received chunk keys: ['input']
2025-09-21 09:46:22,811 - DEBUG - [CostAgent] received chunk keys: ['input']
2025-09-21 09:46:22,811 - DEBUG - [CostAgent] received chunk keys: ['input']
2025-09-21 09:46:22,811 - DEBUG - [CostAgent] received chunk keys: ['input']
2025-09-21 09:46:22,811 - DEBUG - [CostAgent] received chunk keys: ['input', 'output']
2025-09-21 09:46:22,816 - DEBUG - [CostAgent] received chunk keys: ['input']
2025-09-21 09:46:23,304 - DEBUG - CancelledError in span a2a.server.events.event_queue.EventQueue.dequeue_event
2025-09-21 09:46:23,304 - DEBUG - Start async tracer
2025-09-21 09:46:23,304 - DEBUG - Attempting to dequeue event (waiting).
2025-09-21 09:46:23,796 - DEBUG - CancelledError in span a2a.server.events.event_queue.EventQueue.dequeue_event
2025-09-21 09:46:23,796 - DEBUG - Start async tracer
2025-09-21 09:46:23,797 - DEBUG - Attempting to dequeue event (waiting).
2025-09-21 09:46:24,304 - DEBUG - CancelledError in span a2a.server.events.event_queue.EventQueue.dequeue_event
2025-09-21 09:46:24,304 - DEBUG - Start async tracer
2025-09-21 09:46:24,304 - DEBUG - Attempting to dequeue event (waiting).
2025-09-21 09:46:24,795 - DEBUG - CancelledError in span a2a.server.events.event_queue.EventQueue.dequeue_event
2025-09-21 09:46:24,796 - DEBUG - Start async tracer
2025-09-21 09:46:24,796 - DEBUG - Attempting to dequeue event (waiting).
2025-09-21 09:46:25,290 - DEBUG - CancelledError in span a2a.server.events.event_queue.EventQueue.dequeue_event
2025-09-21 09:46:25,290 - DEBUG - Start async tracer
2025-09-21 09:46:25,290 - DEBUG - Attempting to dequeue event (waiting).
2025-09-21 09:46:25,802 - DEBUG - CancelledError in span a2a.server.events.event_queue.EventQueue.dequeue_event
2025-09-21 09:46:25,803 - DEBUG - Start async tracer
2025-09-21 09:46:25,803 - DEBUG - Attempting to dequeue event (waiting).
2025-09-21 09:46:26,303 - DEBUG - CancelledError in span a2a.server.events.event_queue.EventQueue.dequeue_event
2025-09-21 09:46:26,303 - DEBUG - Start async tracer
2025-09-21 09:46:26,304 - DEBUG - Attempting to dequeue event (waiting).
2025-09-21 09:46:26,805 - DEBUG - CancelledError in span a2a.server.events.event_queue.EventQueue.dequeue_event
2025-09-21 09:46:26,806 - DEBUG - Start async tracer
2025-09-21 09:46:26,806 - DEBUG - Attempting to dequeue event (waiting).
2025-09-21 09:46:27,186 - DEBUG - [CostAgent] received chunk keys: ['chunk']
2025-09-21 09:46:27,206 - DEBUG - [CostAgent] received chunk keys: ['input', 'output']
2025-09-21 09:46:27,209 - DEBUG - [CostAgent] received chunk keys: ['input', 'output']
2025-09-21 09:46:27,209 - DEBUG - [CostAgent] received chunk keys: ['input', 'output']
2025-09-21 09:46:27,209 - DEBUG - [CostAgent] received chunk keys: ['input']
2025-09-21 09:46:27,213 - DEBUG - [CostAgent] received chunk keys: ['input', 'output']
2025-09-21 09:46:27,213 - DEBUG - [CostAgent] received chunk keys: ['chunk']
2025-09-21 09:46:27,213 - DEBUG - [CostAgent] received chunk keys: ['input', 'output']
2025-09-21 09:46:27,213 - DEBUG - [CostAgent] received chunk keys: ['chunk']
2025-09-21 09:46:27,213 - DEBUG - [CostAgent] received chunk keys: ['input']
2025-09-21 09:46:27,219 - DEBUG - [CostAgent] received chunk keys: ['input']
2025-09-21 09:46:27,221 - DEBUG - [CostAgent] received chunk keys: ['input', 'output']
2025-09-21 09:46:27,221 - DEBUG - [CostAgent] received chunk keys: ['chunk']
2025-09-21 09:46:27,221 - DEBUG - [CostAgent] received chunk keys: ['input', 'output']
2025-09-21 09:46:27,226 - DEBUG - [CostAgent] received chunk keys: ['chunk']
2025-09-21 09:46:27,228 - DEBUG - [CostAgent] received chunk keys: ['input']
2025-09-21 09:46:27,230 - DEBUG - [CostAgent] received chunk keys: ['input']
2025-09-21 09:46:27,231 - DEBUG - [CostAgent] received chunk keys: ['input']
2025-09-21 09:46:27,234 - DEBUG - [CostAgent] received chunk keys: ['input']
2025-09-21 09:46:27,235 - DEBUG - [CostAgent] received chunk keys: ['input', 'output']
2025-09-21 09:46:27,237 - DEBUG - [CostAgent] received chunk keys: ['input']
2025-09-21 09:46:27,316 - DEBUG - CancelledError in span a2a.server.events.event_queue.EventQueue.dequeue_event
2025-09-21 09:46:27,317 - DEBUG - Start async tracer
2025-09-21 09:46:27,317 - DEBUG - Attempting to dequeue event (waiting).
2025-09-21 09:46:27,795 - DEBUG - CancelledError in span a2a.server.events.event_queue.EventQueue.dequeue_event
2025-09-21 09:46:27,796 - DEBUG - Start async tracer
2025-09-21 09:46:27,796 - DEBUG - Attempting to dequeue event (waiting).
2025-09-21 09:46:28,309 - DEBUG - CancelledError in span a2a.server.events.event_queue.EventQueue.dequeue_event
2025-09-21 09:46:28,310 - DEBUG - Start async tracer
2025-09-21 09:46:28,310 - DEBUG - Attempting to dequeue event (waiting).
2025-09-21 09:46:28,823 - DEBUG - CancelledError in span a2a.server.events.event_queue.EventQueue.dequeue_event
2025-09-21 09:46:28,823 - DEBUG - Start async tracer
2025-09-21 09:46:28,823 - DEBUG - Attempting to dequeue event (waiting).
2025-09-21 09:46:29,337 - DEBUG - CancelledError in span a2a.server.events.event_queue.EventQueue.dequeue_event
2025-09-21 09:46:29,337 - DEBUG - Start async tracer
2025-09-21 09:46:29,337 - DEBUG - Attempting to dequeue event (waiting).
2025-09-21 09:46:29,852 - DEBUG - CancelledError in span a2a.server.events.event_queue.EventQueue.dequeue_event
2025-09-21 09:46:29,852 - DEBUG - Start async tracer
2025-09-21 09:46:29,852 - DEBUG - Attempting to dequeue event (waiting).
2025-09-21 09:46:30,365 - DEBUG - CancelledError in span a2a.server.events.event_queue.EventQueue.dequeue_event
2025-09-21 09:46:30,365 - DEBUG - Start async tracer
2025-09-21 09:46:30,365 - DEBUG - Attempting to dequeue event (waiting).
2025-09-21 09:46:30,869 - DEBUG - CancelledError in span a2a.server.events.event_queue.EventQueue.dequeue_event
2025-09-21 09:46:30,869 - DEBUG - Start async tracer
2025-09-21 09:46:30,869 - DEBUG - Attempting to dequeue event (waiting).
2025-09-21 09:46:31,372 - DEBUG - CancelledError in span a2a.server.events.event_queue.EventQueue.dequeue_event
2025-09-21 09:46:31,372 - DEBUG - Start async tracer
2025-09-21 09:46:31,373 - DEBUG - Attempting to dequeue event (waiting).
2025-09-21 09:46:31,886 - DEBUG - CancelledError in span a2a.server.events.event_queue.EventQueue.dequeue_event
2025-09-21 09:46:31,886 - DEBUG - Start async tracer
2025-09-21 09:46:31,887 - DEBUG - Attempting to dequeue event (waiting).
2025-09-21 09:46:32,392 - DEBUG - CancelledError in span a2a.server.events.event_queue.EventQueue.dequeue_event
2025-09-21 09:46:32,393 - DEBUG - Start async tracer
2025-09-21 09:46:32,394 - DEBUG - Attempting to dequeue event (waiting).
2025-09-21 09:46:32,900 - DEBUG - CancelledError in span a2a.server.events.event_queue.EventQueue.dequeue_event
2025-09-21 09:46:32,900 - DEBUG - Start async tracer
2025-09-21 09:46:32,900 - DEBUG - Attempting to dequeue event (waiting).
2025-09-21 09:46:33,407 - DEBUG - CancelledError in span a2a.server.events.event_queue.EventQueue.dequeue_event
2025-09-21 09:46:33,407 - DEBUG - Start async tracer
2025-09-21 09:46:33,407 - DEBUG - Attempting to dequeue event (waiting).
2025-09-21 09:46:33,914 - DEBUG - CancelledError in span a2a.server.events.event_queue.EventQueue.dequeue_event
2025-09-21 09:46:33,914 - DEBUG - Start async tracer
2025-09-21 09:46:33,914 - DEBUG - Attempting to dequeue event (waiting).
2025-09-21 09:46:34,420 - DEBUG - CancelledError in span a2a.server.events.event_queue.EventQueue.dequeue_event
2025-09-21 09:46:34,421 - DEBUG - Start async tracer
2025-09-21 09:46:34,421 - DEBUG - Attempting to dequeue event (waiting).
2025-09-21 09:46:34,920 - DEBUG - CancelledError in span a2a.server.events.event_queue.EventQueue.dequeue_event
2025-09-21 09:46:34,921 - DEBUG - Start async tracer
2025-09-21 09:46:34,921 - DEBUG - Attempting to dequeue event (waiting).
2025-09-21 09:46:35,435 - DEBUG - CancelledError in span a2a.server.events.event_queue.EventQueue.dequeue_event
2025-09-21 09:46:35,435 - DEBUG - Start async tracer
2025-09-21 09:46:35,435 - DEBUG - Attempting to dequeue event (waiting).
2025-09-21 09:46:35,941 - DEBUG - CancelledError in span a2a.server.events.event_queue.EventQueue.dequeue_event
2025-09-21 09:46:35,942 - DEBUG - Start async tracer
2025-09-21 09:46:35,942 - DEBUG - Attempting to dequeue event (waiting).
2025-09-21 09:46:36,449 - DEBUG - CancelledError in span a2a.server.events.event_queue.EventQueue.dequeue_event
2025-09-21 09:46:36,449 - DEBUG - Start async tracer
2025-09-21 09:46:36,449 - DEBUG - Attempting to dequeue event (waiting).
2025-09-21 09:46:36,962 - DEBUG - CancelledError in span a2a.server.events.event_queue.EventQueue.dequeue_event
2025-09-21 09:46:36,963 - DEBUG - Start async tracer
2025-09-21 09:46:36,963 - DEBUG - Attempting to dequeue event (waiting).
2025-09-21 09:46:37,115 - DEBUG - [CostAgent] received chunk keys: ['chunk']
2025-09-21 09:46:37,304 - DEBUG - [CostAgent] received chunk keys: ['chunk']
2025-09-21 09:46:37,359 - DEBUG - [CostAgent] received chunk keys: ['chunk']
2025-09-21 09:46:37,469 - DEBUG - CancelledError in span a2a.server.events.event_queue.EventQueue.dequeue_event
2025-09-21 09:46:37,469 - DEBUG - Start async tracer
2025-09-21 09:46:37,470 - DEBUG - Attempting to dequeue event (waiting).
2025-09-21 09:46:37,535 - DEBUG - [CostAgent] received chunk keys: ['chunk']
2025-09-21 09:46:37,777 - DEBUG - [CostAgent] received chunk keys: ['chunk']
2025-09-21 09:46:37,779 - DEBUG - [CostAgent] received chunk keys: ['input', 'output']
2025-09-21 09:46:37,782 - DEBUG - [CostAgent] received chunk keys: ['input', 'output']
2025-09-21 09:46:37,783 - DEBUG - [CostAgent] received chunk keys: ['input', 'output']
2025-09-21 09:46:37,783 - DEBUG - [CostAgent] received chunk keys: ['input']
2025-09-21 09:46:37,788 - DEBUG - [CostAgent] received chunk keys: ['input', 'output']
2025-09-21 09:46:37,789 - DEBUG - ping: b': ping - 2025-09-21 02:46:37.789534+00:00\r\n\r\n'
2025-09-21 09:46:37,791 - DEBUG - [CostAgent] received chunk keys: ['chunk']
2025-09-21 09:46:37,791 - DEBUG - [CostAgent] received chunk keys: ['input', 'output']
2025-09-21 09:46:37,796 - DEBUG - [CostAgent] received chunk keys: ['chunk']
2025-09-21 09:46:37,796 - DEBUG - [CostAgent] received chunk keys: ['input']
2025-09-21 09:46:37,799 - DEBUG - [CostAgent] received chunk keys: ['input']
2025-09-21 09:46:37,802 - DEBUG - [CostAgent] received chunk keys: ['input', 'output']
2025-09-21 09:46:37,803 - DEBUG - [CostAgent] received chunk keys: ['chunk']
2025-09-21 09:46:37,803 - DEBUG - [CostAgent] received chunk keys: ['input', 'output']
2025-09-21 09:46:37,809 - DEBUG - [CostAgent] received chunk keys: ['chunk']
2025-09-21 09:46:37,812 - DEBUG - [CostAgent] received chunk keys: ['input']
2025-09-21 09:46:37,815 - DEBUG - [CostAgent] received chunk keys: ['input']
2025-09-21 09:46:37,817 - DEBUG - [CostAgent] received chunk keys: ['input']
2025-09-21 09:46:37,820 - DEBUG - [CostAgent] received chunk keys: ['input']
2025-09-21 09:46:37,822 - DEBUG - [CostAgent] received chunk keys: ['input', 'output']
2025-09-21 09:46:37,826 - DEBUG - [CostAgent] received chunk keys: ['input']
2025-09-21 09:46:37,969 - DEBUG - CancelledError in span a2a.server.events.event_queue.EventQueue.dequeue_event
2025-09-21 09:46:37,969 - DEBUG - Start async tracer
2025-09-21 09:46:37,969 - DEBUG - Attempting to dequeue event (waiting).
2025-09-21 09:46:38,463 - DEBUG - CancelledError in span a2a.server.events.event_queue.EventQueue.dequeue_event
2025-09-21 09:46:38,463 - DEBUG - Start async tracer
2025-09-21 09:46:38,463 - DEBUG - Attempting to dequeue event (waiting).
2025-09-21 09:46:38,976 - DEBUG - CancelledError in span a2a.server.events.event_queue.EventQueue.dequeue_event
2025-09-21 09:46:38,976 - DEBUG - Start async tracer
2025-09-21 09:46:38,976 - DEBUG - Attempting to dequeue event (waiting).
2025-09-21 09:46:39,483 - DEBUG - CancelledError in span a2a.server.events.event_queue.EventQueue.dequeue_event
2025-09-21 09:46:39,483 - DEBUG - Start async tracer
2025-09-21 09:46:39,484 - DEBUG - Attempting to dequeue event (waiting).
2025-09-21 09:46:40,006 - DEBUG - CancelledError in span a2a.server.events.event_queue.EventQueue.dequeue_event
2025-09-21 09:46:40,006 - DEBUG - Start async tracer
2025-09-21 09:46:40,006 - DEBUG - Attempting to dequeue event (waiting).
2025-09-21 09:46:40,510 - DEBUG - CancelledError in span a2a.server.events.event_queue.EventQueue.dequeue_event
2025-09-21 09:46:40,510 - DEBUG - Start async tracer
2025-09-21 09:46:40,510 - DEBUG - Attempting to dequeue event (waiting).
2025-09-21 09:46:41,024 - DEBUG - CancelledError in span a2a.server.events.event_queue.EventQueue.dequeue_event
2025-09-21 09:46:41,025 - DEBUG - Start async tracer
2025-09-21 09:46:41,025 - DEBUG - Attempting to dequeue event (waiting).
2025-09-21 09:46:41,539 - DEBUG - CancelledError in span a2a.server.events.event_queue.EventQueue.dequeue_event
2025-09-21 09:46:41,539 - DEBUG - Start async tracer
2025-09-21 09:46:41,539 - DEBUG - Attempting to dequeue event (waiting).
2025-09-21 09:46:42,046 - DEBUG - CancelledError in span a2a.server.events.event_queue.EventQueue.dequeue_event
2025-09-21 09:46:42,046 - DEBUG - Start async tracer
2025-09-21 09:46:42,046 - DEBUG - Attempting to dequeue event (waiting).
2025-09-21 09:46:42,559 - DEBUG - CancelledError in span a2a.server.events.event_queue.EventQueue.dequeue_event
2025-09-21 09:46:42,559 - DEBUG - Start async tracer
2025-09-21 09:46:42,559 - DEBUG - Attempting to dequeue event (waiting).
2025-09-21 09:46:43,066 - DEBUG - CancelledError in span a2a.server.events.event_queue.EventQueue.dequeue_event
2025-09-21 09:46:43,066 - DEBUG - Start async tracer
2025-09-21 09:46:43,067 - DEBUG - Attempting to dequeue event (waiting).
2025-09-21 09:46:43,566 - DEBUG - CancelledError in span a2a.server.events.event_queue.EventQueue.dequeue_event
2025-09-21 09:46:43,567 - DEBUG - Start async tracer
2025-09-21 09:46:43,567 - DEBUG - Attempting to dequeue event (waiting).
2025-09-21 09:46:44,060 - DEBUG - CancelledError in span a2a.server.events.event_queue.EventQueue.dequeue_event
2025-09-21 09:46:44,060 - DEBUG - Start async tracer
2025-09-21 09:46:44,060 - DEBUG - Attempting to dequeue event (waiting).
2025-09-21 09:46:44,573 - DEBUG - CancelledError in span a2a.server.events.event_queue.EventQueue.dequeue_event
2025-09-21 09:46:44,573 - DEBUG - Start async tracer
2025-09-21 09:46:44,574 - DEBUG - Attempting to dequeue event (waiting).
2025-09-21 09:46:45,087 - DEBUG - CancelledError in span a2a.server.events.event_queue.EventQueue.dequeue_event
2025-09-21 09:46:45,087 - DEBUG - Start async tracer
2025-09-21 09:46:45,088 - DEBUG - Attempting to dequeue event (waiting).
2025-09-21 09:46:45,599 - DEBUG - CancelledError in span a2a.server.events.event_queue.EventQueue.dequeue_event
2025-09-21 09:46:45,599 - DEBUG - Start async tracer
2025-09-21 09:46:45,599 - DEBUG - Attempting to dequeue event (waiting).
2025-09-21 09:46:46,082 - DEBUG - [CostAgent] received chunk keys: ['chunk']
2025-09-21 09:46:46,101 - DEBUG - CancelledError in span a2a.server.events.event_queue.EventQueue.dequeue_event
2025-09-21 09:46:46,101 - DEBUG - Start async tracer
2025-09-21 09:46:46,102 - DEBUG - Attempting to dequeue event (waiting).
2025-09-21 09:46:46,170 - DEBUG - [CostAgent] received chunk keys: ['chunk']
2025-09-21 09:46:46,319 - DEBUG - [CostAgent] received chunk keys: ['chunk']
2025-09-21 09:46:46,573 - DEBUG - [CostAgent] received chunk keys: ['chunk']
2025-09-21 09:46:46,594 - DEBUG - CancelledError in span a2a.server.events.event_queue.EventQueue.dequeue_event
2025-09-21 09:46:46,594 - DEBUG - Start async tracer
2025-09-21 09:46:46,594 - DEBUG - Attempting to dequeue event (waiting).
2025-09-21 09:46:46,831 - DEBUG - [CostAgent] received chunk keys: ['chunk']
2025-09-21 09:46:46,851 - DEBUG - [CostAgent] received chunk keys: ['input', 'output']
2025-09-21 09:46:46,851 - DEBUG - [CostAgent] received chunk keys: ['input', 'output']
2025-09-21 09:46:46,859 - DEBUG - [CostAgent] received chunk keys: ['input', 'output']
2025-09-21 09:46:46,859 - DEBUG - [CostAgent] received chunk keys: ['input']
2025-09-21 09:46:46,866 - DEBUG - [CostAgent] received chunk keys: ['input', 'output']
2025-09-21 09:46:46,871 - DEBUG - [CostAgent] received chunk keys: ['chunk']
2025-09-21 09:46:46,875 - DEBUG - [CostAgent] received chunk keys: ['input', 'output']
2025-09-21 09:46:46,880 - DEBUG - [CostAgent] received chunk keys: ['chunk']
2025-09-21 09:46:46,882 - DEBUG - [CostAgent] received chunk keys: ['input']
2025-09-21 09:46:46,889 - DEBUG - [CostAgent] received chunk keys: ['input']
2025-09-21 09:46:46,889 - DEBUG - cost_tool_rag called
2025-09-21 09:46:46,937 - DEBUG - Best match 'Xuất huyết tiêu hóa' score=0.9377 for input 'Xuất huyết tiêu hóa'
2025-09-21 09:46:46,959 - DEBUG - Gọi LLM với prompt: Trả về điểm từ 0 đến 1 cho mức độ phù hợp của gói mô tả: 'Khám + soi dạ dày cơ bản' với bệnh 'Xuất huyết tiêu hóa' và triệu chứng [].
2025-09-21 09:47:08,024 - DEBUG - LLM trả về: Để đánh giá mức độ phù hợp của gói khám "Khám + soi dạ dày cơ bản" với bệnh "Xuất huyết tiêu hóa" và không có triệu chứng cụ thể nào được cung cấp, tôi sẽ cho điểm **0.8**. Dưới đây là giải thích:

*   **Mức độ liên quan cao:** Xuất huyết tiêu hóa thường liên quan đến các vấn đề ở dạ dày và tá tràng. Soi dạ dày là một phương pháp chẩn đoán quan trọng để xác định nguyên nhân gây chảy máu (ví dụ: lo
2025-09-21 09:47:08,047 - DEBUG - Gọi LLM với prompt: Trả về điểm từ 0 đến 1 cho mức độ phù hợp của gói mô tả: 'Nội soi tiêu hóa + xét nghiệm máu' với bệnh 'Xuất huyết tiêu hóa' và triệu chứng [].
2025-09-21 09:47:12,621 - DEBUG - LLM trả về: Để đánh giá mức độ phù hợp của gói mô tả 'Nội soi tiêu hóa + xét nghiệm máu' với bệnh 'Xuất huyết tiêu hóa' và không có triệu chứng cụ thể nào được cung cấp, tôi sẽ phân tích dựa trên kiến thức y khoa chung và tầm quan trọng của các xét nghiệm này trong chẩn đoán và quản lý xuất huyết tiêu hóa.

*   **Nội soi tiêu hóa:** Đây là một công cụ chẩn đoán quan trọng hàng đầu trong xuất huyết tiêu hóa. N
2025-09-21 09:47:12,627 - DEBUG - Lưu history cho session None
2025-09-21 09:47:12,627 - DEBUG - cost_tool_rag completed
2025-09-21 09:47:12,632 - DEBUG - [CostAgent] received chunk keys: ['input']
2025-09-21 09:47:12,636 - DEBUG - [CostAgent] received chunk keys: ['chunk']
2025-09-21 09:47:12,639 - DEBUG - [CostAgent] received chunk keys: ['chunk']
2025-09-21 09:47:12,643 - DEBUG - [CostAgent] received chunk keys: ['chunk']
2025-09-21 09:47:12,648 - DEBUG - [CostAgent] received chunk keys: ['chunk']
2025-09-21 09:47:12,651 - DEBUG - [CostAgent] received chunk keys: ['chunk']
2025-09-21 09:47:12,656 - DEBUG - [CostAgent] received chunk keys: ['chunk']
2025-09-21 09:47:12,659 - DEBUG - [CostAgent] received chunk keys: ['chunk']
2025-09-21 09:47:12,664 - DEBUG - [CostAgent] received chunk keys: ['chunk']
2025-09-21 09:47:12,664 - DEBUG - [CostAgent] received chunk keys: ['chunk']
2025-09-21 09:47:12,671 - DEBUG - [CostAgent] received chunk keys: ['chunk']
2025-09-21 09:47:12,671 - DEBUG - [CostAgent] received chunk keys: ['chunk']
2025-09-21 09:47:12,679 - DEBUG - [CostAgent] received chunk keys: ['input', 'output']
2025-09-21 09:47:12,681 - DEBUG - [CostAgent] received chunk keys: ['input']
2025-09-21 09:47:12,685 - DEBUG - [CostAgent] received chunk keys: ['chunk']
2025-09-21 09:47:12,690 - DEBUG - [CostAgent] received chunk keys: ['chunk']
2025-09-21 09:47:12,692 - DEBUG - [CostAgent] received chunk keys: ['chunk']
2025-09-21 09:47:12,698 - DEBUG - [CostAgent] received chunk keys: ['chunk']
2025-09-21 09:47:12,701 - DEBUG - [CostAgent] received chunk keys: ['chunk']
2025-09-21 09:47:12,708 - DEBUG - [CostAgent] received chunk keys: ['chunk']
2025-09-21 09:47:12,712 - DEBUG - [CostAgent] received chunk keys: ['chunk']
2025-09-21 09:47:12,712 - DEBUG - [CostAgent] received chunk keys: ['chunk']
2025-09-21 09:47:12,719 - DEBUG - [CostAgent] received chunk keys: ['chunk']
2025-09-21 09:47:12,719 - DEBUG - [CostAgent] received chunk keys: ['chunk']
2025-09-21 09:47:12,727 - DEBUG - [CostAgent] received chunk keys: ['chunk']
2025-09-21 09:47:12,730 - DEBUG - [CostAgent] received chunk keys: ['chunk']
2025-09-21 09:47:12,735 - DEBUG - [CostAgent] received chunk keys: ['input', 'output']
2025-09-21 09:47:12,735 - DEBUG - CancelledError in span a2a.server.events.event_queue.EventQueue.dequeue_event
2025-09-21 09:47:12,736 - DEBUG - Start async tracer
2025-09-21 09:47:12,736 - DEBUG - Attempting to dequeue event (waiting).
2025-09-21 09:47:12,736 - DEBUG - ping: b': ping - 2025-09-21 02:47:12.736761+00:00\r\n\r\n'
2025-09-21 09:47:12,741 - DEBUG - [CostAgent] received chunk keys: ['input', 'output']
2025-09-21 09:47:12,742 - DEBUG - [CostAgent] received chunk keys: ['chunk']
2025-09-21 09:47:12,749 - DEBUG - [CostAgent] received chunk keys: ['input', 'output']
2025-09-21 09:47:12,754 - DEBUG - [CostAgent] received chunk keys: ['chunk']
2025-09-21 09:47:12,758 - DEBUG - [CostAgent] received chunk keys: ['input']
2025-09-21 09:47:12,761 - DEBUG - [CostAgent] received chunk keys: ['input']
2025-09-21 09:47:12,769 - DEBUG - [CostAgent] received chunk keys: ['input']
2025-09-21 09:47:12,775 - DEBUG - [CostAgent] received chunk keys: ['input']
2025-09-21 09:47:12,779 - DEBUG - [CostAgent] received chunk keys: ['input', 'output']
2025-09-21 09:47:12,787 - DEBUG - [CostAgent] received chunk keys: ['input']
2025-09-21 09:47:13,233 - DEBUG - CancelledError in span a2a.server.events.event_queue.EventQueue.dequeue_event
2025-09-21 09:47:13,233 - DEBUG - Start async tracer
2025-09-21 09:47:13,233 - DEBUG - Attempting to dequeue event (waiting).
2025-09-21 09:47:13,732 - DEBUG - CancelledError in span a2a.server.events.event_queue.EventQueue.dequeue_event
2025-09-21 09:47:13,732 - DEBUG - Start async tracer
2025-09-21 09:47:13,733 - DEBUG - Attempting to dequeue event (waiting).
2025-09-21 09:47:14,237 - DEBUG - CancelledError in span a2a.server.events.event_queue.EventQueue.dequeue_event
2025-09-21 09:47:14,237 - DEBUG - Start async tracer
2025-09-21 09:47:14,237 - DEBUG - Attempting to dequeue event (waiting).
2025-09-21 09:47:14,711 - DEBUG - CancelledError in span a2a.server.events.event_queue.EventQueue.dequeue_event
2025-09-21 09:47:14,711 - DEBUG - Start async tracer
2025-09-21 09:47:14,712 - DEBUG - Attempting to dequeue event (waiting).
2025-09-21 09:47:15,218 - DEBUG - CancelledError in span a2a.server.events.event_queue.EventQueue.dequeue_event
2025-09-21 09:47:15,218 - DEBUG - Start async tracer
2025-09-21 09:47:15,218 - DEBUG - Attempting to dequeue event (waiting).
2025-09-21 09:47:15,718 - DEBUG - CancelledError in span a2a.server.events.event_queue.EventQueue.dequeue_event
2025-09-21 09:47:15,718 - DEBUG - Start async tracer
2025-09-21 09:47:15,718 - DEBUG - Attempting to dequeue event (waiting).
2025-09-21 09:47:16,229 - DEBUG - CancelledError in span a2a.server.events.event_queue.EventQueue.dequeue_event
2025-09-21 09:47:16,229 - DEBUG - Start async tracer
2025-09-21 09:47:16,229 - DEBUG - Attempting to dequeue event (waiting).
2025-09-21 09:47:16,746 - DEBUG - CancelledError in span a2a.server.events.event_queue.EventQueue.dequeue_event
2025-09-21 09:47:16,746 - DEBUG - Start async tracer
2025-09-21 09:47:16,746 - DEBUG - Attempting to dequeue event (waiting).
2025-09-21 09:47:17,259 - DEBUG - CancelledError in span a2a.server.events.event_queue.EventQueue.dequeue_event
2025-09-21 09:47:17,259 - DEBUG - Start async tracer
2025-09-21 09:47:17,259 - DEBUG - Attempting to dequeue event (waiting).
2025-09-21 09:47:17,766 - DEBUG - CancelledError in span a2a.server.events.event_queue.EventQueue.dequeue_event
2025-09-21 09:47:17,767 - DEBUG - Start async tracer
2025-09-21 09:47:17,767 - DEBUG - Attempting to dequeue event (waiting).
2025-09-21 09:47:18,267 - DEBUG - CancelledError in span a2a.server.events.event_queue.EventQueue.dequeue_event
2025-09-21 09:47:18,267 - DEBUG - Start async tracer
2025-09-21 09:47:18,267 - DEBUG - Attempting to dequeue event (waiting).
2025-09-21 09:47:18,774 - DEBUG - CancelledError in span a2a.server.events.event_queue.EventQueue.dequeue_event
2025-09-21 09:47:18,774 - DEBUG - Start async tracer
2025-09-21 09:47:18,774 - DEBUG - Attempting to dequeue event (waiting).
2025-09-21 09:47:19,289 - DEBUG - CancelledError in span a2a.server.events.event_queue.EventQueue.dequeue_event
2025-09-21 09:47:19,289 - DEBUG - Start async tracer
2025-09-21 09:47:19,289 - DEBUG - Attempting to dequeue event (waiting).
2025-09-21 09:47:19,795 - DEBUG - CancelledError in span a2a.server.events.event_queue.EventQueue.dequeue_event
2025-09-21 09:47:19,795 - DEBUG - Start async tracer
2025-09-21 09:47:19,795 - DEBUG - Attempting to dequeue event (waiting).
2025-09-21 09:47:20,301 - DEBUG - CancelledError in span a2a.server.events.event_queue.EventQueue.dequeue_event
2025-09-21 09:47:20,301 - DEBUG - Start async tracer
2025-09-21 09:47:20,302 - DEBUG - Attempting to dequeue event (waiting).
2025-09-21 09:47:20,804 - DEBUG - CancelledError in span a2a.server.events.event_queue.EventQueue.dequeue_event
2025-09-21 09:47:20,804 - DEBUG - Start async tracer
2025-09-21 09:47:20,804 - DEBUG - Attempting to dequeue event (waiting).
2025-09-21 09:47:21,294 - DEBUG - CancelledError in span a2a.server.events.event_queue.EventQueue.dequeue_event
2025-09-21 09:47:21,294 - DEBUG - Start async tracer
2025-09-21 09:47:21,295 - DEBUG - Attempting to dequeue event (waiting).
2025-09-21 09:47:21,804 - DEBUG - CancelledError in span a2a.server.events.event_queue.EventQueue.dequeue_event
2025-09-21 09:47:21,804 - DEBUG - Start async tracer
2025-09-21 09:47:21,804 - DEBUG - Attempting to dequeue event (waiting).
2025-09-21 09:47:22,301 - DEBUG - CancelledError in span a2a.server.events.event_queue.EventQueue.dequeue_event
2025-09-21 09:47:22,301 - DEBUG - Start async tracer
2025-09-21 09:47:22,302 - DEBUG - Attempting to dequeue event (waiting).
2025-09-21 09:47:22,794 - DEBUG - CancelledError in span a2a.server.events.event_queue.EventQueue.dequeue_event
2025-09-21 09:47:22,794 - DEBUG - Start async tracer
2025-09-21 09:47:22,794 - DEBUG - Attempting to dequeue event (waiting).
2025-09-21 09:47:23,319 - DEBUG - CancelledError in span a2a.server.events.event_queue.EventQueue.dequeue_event
2025-09-21 09:47:23,319 - DEBUG - Start async tracer
2025-09-21 09:47:23,320 - DEBUG - Attempting to dequeue event (waiting).
2025-09-21 09:47:23,799 - DEBUG - CancelledError in span a2a.server.events.event_queue.EventQueue.dequeue_event
2025-09-21 09:47:23,799 - DEBUG - Start async tracer
2025-09-21 09:47:23,799 - DEBUG - Attempting to dequeue event (waiting).
2025-09-21 09:47:24,303 - DEBUG - CancelledError in span a2a.server.events.event_queue.EventQueue.dequeue_event
2025-09-21 09:47:24,303 - DEBUG - Start async tracer
2025-09-21 09:47:24,303 - DEBUG - Attempting to dequeue event (waiting).
2025-09-21 09:47:24,794 - DEBUG - CancelledError in span a2a.server.events.event_queue.EventQueue.dequeue_event
2025-09-21 09:47:24,795 - DEBUG - Start async tracer
2025-09-21 09:47:24,795 - DEBUG - Attempting to dequeue event (waiting).
2025-09-21 09:47:25,290 - DEBUG - CancelledError in span a2a.server.events.event_queue.EventQueue.dequeue_event
2025-09-21 09:47:25,290 - DEBUG - Start async tracer
2025-09-21 09:47:25,290 - DEBUG - Attempting to dequeue event (waiting).
2025-09-21 09:47:25,808 - DEBUG - CancelledError in span a2a.server.events.event_queue.EventQueue.dequeue_event
2025-09-21 09:47:25,808 - DEBUG - Start async tracer
2025-09-21 09:47:25,808 - DEBUG - Attempting to dequeue event (waiting).
2025-09-21 09:47:26,322 - DEBUG - CancelledError in span a2a.server.events.event_queue.EventQueue.dequeue_event
2025-09-21 09:47:26,322 - DEBUG - Start async tracer
2025-09-21 09:47:26,322 - DEBUG - Attempting to dequeue event (waiting).
2025-09-21 09:47:26,399 - DEBUG - [CostAgent] received chunk keys: ['chunk']
2025-09-21 09:47:26,549 - DEBUG - [CostAgent] received chunk keys: ['chunk']
2025-09-21 09:47:26,559 - DEBUG - [CostAgent] received chunk keys: ['chunk']
2025-09-21 09:47:26,674 - DEBUG - [CostAgent] received chunk keys: ['chunk']
2025-09-21 09:47:26,829 - DEBUG - CancelledError in span a2a.server.events.event_queue.EventQueue.dequeue_event
2025-09-21 09:47:26,829 - DEBUG - Start async tracer
2025-09-21 09:47:26,829 - DEBUG - Attempting to dequeue event (waiting).
2025-09-21 09:47:26,870 - DEBUG - [CostAgent] received chunk keys: ['chunk']
2025-09-21 09:47:27,080 - DEBUG - [CostAgent] received chunk keys: ['chunk']
2025-09-21 09:47:27,246 - DEBUG - [CostAgent] received chunk keys: ['chunk']
2025-09-21 09:47:27,299 - DEBUG - [CostAgent] received chunk keys: ['input', 'output']
2025-09-21 09:47:27,302 - DEBUG - [CostAgent] received chunk keys: ['input', 'output']
2025-09-21 09:47:27,310 - DEBUG - [CostAgent] received chunk keys: ['input', 'output']
2025-09-21 09:47:27,315 - DEBUG - [CostAgent] received chunk keys: ['input']
2025-09-21 09:47:27,322 - DEBUG - [CostAgent] received chunk keys: ['input', 'output']
2025-09-21 09:47:27,323 - DEBUG - CancelledError in span a2a.server.events.event_queue.EventQueue.dequeue_event
2025-09-21 09:47:27,323 - DEBUG - Start async tracer
2025-09-21 09:47:27,323 - DEBUG - Attempting to dequeue event (waiting).
2025-09-21 09:47:27,323 - DEBUG - [CostAgent] received chunk keys: ['chunk']
2025-09-21 09:47:27,331 - DEBUG - [CostAgent] received chunk keys: ['input', 'output']
2025-09-21 09:47:27,341 - DEBUG - [CostAgent] received chunk keys: ['chunk']
2025-09-21 09:47:27,346 - DEBUG - [CostAgent] received chunk keys: ['input']
2025-09-21 09:47:27,351 - DEBUG - [CostAgent] received chunk keys: ['input']
2025-09-21 09:47:27,361 - DEBUG - [CostAgent] received chunk keys: ['input']
2025-09-21 09:47:27,365 - DEBUG - [CostAgent] received chunk keys: ['input']
2025-09-21 09:47:27,746 - DEBUG - ping: b': ping - 2025-09-21 02:47:27.746289+00:00\r\n\r\n'
2025-09-21 09:47:27,822 - DEBUG - CancelledError in span a2a.server.events.event_queue.EventQueue.dequeue_event
2025-09-21 09:47:27,822 - DEBUG - Start async tracer
2025-09-21 09:47:27,822 - DEBUG - Attempting to dequeue event (waiting).
2025-09-21 09:47:28,334 - DEBUG - CancelledError in span a2a.server.events.event_queue.EventQueue.dequeue_event
2025-09-21 09:47:28,334 - DEBUG - Start async tracer
2025-09-21 09:47:28,334 - DEBUG - Attempting to dequeue event (waiting).
2025-09-21 09:47:28,836 - DEBUG - CancelledError in span a2a.server.events.event_queue.EventQueue.dequeue_event
2025-09-21 09:47:28,836 - DEBUG - Start async tracer
2025-09-21 09:47:28,836 - DEBUG - Attempting to dequeue event (waiting).
2025-09-21 09:47:29,343 - DEBUG - CancelledError in span a2a.server.events.event_queue.EventQueue.dequeue_event
2025-09-21 09:47:29,343 - DEBUG - Start async tracer
2025-09-21 09:47:29,343 - DEBUG - Attempting to dequeue event (waiting).
2025-09-21 09:47:29,433 - DEBUG - [CostAgent] received chunk keys: ['chunk']
2025-09-21 09:47:29,442 - DEBUG - [CostAgent] received chunk keys: ['input', 'output']
2025-09-21 09:47:29,450 - DEBUG - [CostAgent] received chunk keys: ['input']
2025-09-21 09:47:29,459 - DEBUG - [CostAgent] received chunk keys: ['input', 'output']
2025-09-21 09:47:29,468 - DEBUG - [CostAgent] received chunk keys: ['input', 'output']
2025-09-21 09:47:29,476 - DEBUG - [CostAgent] received chunk keys: ['input', 'output']
2025-09-21 09:47:29,484 - DEBUG - [CostAgent] received chunk keys: ['input', 'output']
2025-09-21 09:47:29,490 - ERROR - Exception while streaming from runnable
Traceback (most recent call last):
  File "D:\DEMO CHAT BOT\agents\cost_agent\cost_agent.py", line 225, in stream
    async for chunk in runnable.astream_events(langgraph_input, config, version="v1"):
  File "D:\DEMO CHAT BOT\.venv\Lib\site-packages\langchain_core\runnables\base.py", line 1403, in astream_events
    async for event in event_stream:
  File "D:\DEMO CHAT BOT\.venv\Lib\site-packages\langchain_core\tracers\event_stream.py", line 790, in _astream_events_implementation_v1
    async for log in _astream_log_implementation(
  File "D:\DEMO CHAT BOT\.venv\Lib\site-packages\langchain_core\tracers\log_stream.py", line 706, in _astream_log_implementation
    await task
  File "D:\DEMO CHAT BOT\.venv\Lib\site-packages\langchain_core\tracers\log_stream.py", line 658, in consume_astream
    async for chunk in runnable.astream(value, config, **kwargs):
  File "D:\DEMO CHAT BOT\.venv\Lib\site-packages\langgraph\pregel\main.py", line 2928, in astream
    async for _ in runner.atick(
  File "D:\DEMO CHAT BOT\.venv\Lib\site-packages\langgraph\pregel\_runner.py", line 295, in atick
    await arun_with_retry(
  File "D:\DEMO CHAT BOT\.venv\Lib\site-packages\langgraph\pregel\_retry.py", line 132, in arun_with_retry
    async for _ in task.proc.astream(task.input, config):
  File "D:\DEMO CHAT BOT\.venv\Lib\site-packages\langgraph\_internal\_runnable.py", line 840, in astream
    output = await asyncio.create_task(
             ^^^^^^^^^^^^^^^^^^^^^^^^^^
  File "D:\DEMO CHAT BOT\.venv\Lib\site-packages\langgraph\_internal\_runnable.py", line 905, in _consume_aiter
    async for chunk in it:
  File "D:\DEMO CHAT BOT\.venv\Lib\site-packages\langchain_core\tracers\log_stream.py", line 283, in tap_output_aiter
    async for chunk in output:
  File "D:\DEMO CHAT BOT\.venv\Lib\site-packages\langchain_core\runnables\base.py", line 1470, in atransform
    async for ichunk in input:
  File "D:\DEMO CHAT BOT\.venv\Lib\site-packages\langchain_core\runnables\base.py", line 1034, in astream
    yield await self.ainvoke(input, config, **kwargs)
          ^^^^^^^^^^^^^^^^^^^^^^^^^^^^^^^^^^^^^^^^^^^
  File "D:\DEMO CHAT BOT\.venv\Lib\site-packages\langgraph\_internal\_runnable.py", line 465, in ainvoke
    ret = await asyncio.create_task(coro, context=context)
          ^^^^^^^^^^^^^^^^^^^^^^^^^^^^^^^^^^^^^^^^^^^^^^^^
  File "D:\DEMO CHAT BOT\.venv\Lib\site-packages\langgraph\prebuilt\chat_agent_executor.py", line 728, in agenerate_structured_response
    response = await model_with_structured_output.ainvoke(messages, config)
               ^^^^^^^^^^^^^^^^^^^^^^^^^^^^^^^^^^^^^^^^^^^^^^^^^^^^^^^^^^^^
  File "D:\DEMO CHAT BOT\.venv\Lib\site-packages\langchain_core\runnables\base.py", line 3088, in ainvoke
    input_ = await coro_with_context(part(), context, create_task=True)
             ^^^^^^^^^^^^^^^^^^^^^^^^^^^^^^^^^^^^^^^^^^^^^^^^^^^^^^^^^^
  File "D:\DEMO CHAT BOT\.venv\Lib\site-packages\langchain_core\output_parsers\base.py", line 219, in ainvoke
    return await self._acall_with_config(
           ^^^^^^^^^^^^^^^^^^^^^^^^^^^^^^
  File "D:\DEMO CHAT BOT\.venv\Lib\site-packages\langchain_core\runnables\base.py", line 1990, in _acall_with_config
    output: Output = await coro_with_context(coro, context)
                     ^^^^^^^^^^^^^^^^^^^^^^^^^^^^^^^^^^^^^^
  File "D:\DEMO CHAT BOT\.venv\Lib\site-packages\langchain_core\output_parsers\base.py", line 280, in aparse_result
    return await run_in_executor(None, self.parse_result, result, partial=partial)
           ^^^^^^^^^^^^^^^^^^^^^^^^^^^^^^^^^^^^^^^^^^^^^^^^^^^^^^^^^^^^^^^^^^^^^^^
  File "D:\DEMO CHAT BOT\.venv\Lib\site-packages\langchain_core\runnables\config.py", line 617, in run_in_executor
    return await asyncio.get_running_loop().run_in_executor(
           ^^^^^^^^^^^^^^^^^^^^^^^^^^^^^^^^^^^^^^^^^^^^^^^^^
  File "E:\ANACONDA\Lib\concurrent\futures\thread.py", line 58, in run
    result = self.fn(*self.args, **self.kwargs)
             ^^^^^^^^^^^^^^^^^^^^^^^^^^^^^^^^^^
  File "D:\DEMO CHAT BOT\.venv\Lib\site-packages\langchain_core\runnables\config.py", line 608, in wrapper
    return func(*args, **kwargs)
           ^^^^^^^^^^^^^^^^^^^^^
  File "D:\DEMO CHAT BOT\.venv\Lib\site-packages\langchain_core\output_parsers\openai_tools.py", line 336, in parse_result
    pydantic_objects.append(name_dict[res["type"]](**res["args"]))
                            ^^^^^^^^^^^^^^^^^^^^^^^^^^^^^^^^^^^^^
  File "D:\DEMO CHAT BOT\.venv\Lib\site-packages\pydantic\main.py", line 253, in __init__
    validated_self = self.__pydantic_validator__.validate_python(data, self_instance=self)
                     ^^^^^^^^^^^^^^^^^^^^^^^^^^^^^^^^^^^^^^^^^^^^^^^^^^^^^^^^^^^^^^^^^^^^^
pydantic_core._pydantic_core.ValidationError: 1 validation error for ResponseFormat
data
  Input should be a valid dictionary [type=dict_type, input_value='**Các bệnh có thể ... thể phù hợp hơn.', input_type=str]
    For further information visit https://errors.pydantic.dev/2.11/v/dict_type
During task with name 'generate_structured_response' and id 'bf189854-0f93-5e11-45a3-45f66d194045'
2025-09-21 09:47:29,490 - DEBUG - [CostAgentExecutor] raw event from agent: {'is_task_complete': True, 'require_user_input': False, 'content': "Lỗi nội bộ khi xử lý: 1 validation error for ResponseFormat\ndata\n  Input should be a valid dictionary [type=dict_type, input_value='**Các bệnh có thể ... thể phù hợp hơn.', input_type=str]\n    For further information visit https://errors.pydantic.dev/2.11/v/dict_type", 'status': 'error', 'data': None}
2025-09-21 09:47:29,490 - DEBUG - Start async tracer
2025-09-21 09:47:29,490 - DEBUG - Enqueuing event of type: <class 'a2a.types.TaskStatusUpdateEvent'>
2025-09-21 09:47:29,495 - DEBUG - [CostAgentExecutor] raw event from agent: {'content': '**Các bệnh có thể liên quan:**\n1. Xuất huyết tiêu hóa: Tình trạng chảy máu xảy ra ở đường tiêu hóa.\n\n**Đề xuất chuyên khoa và gói dịch vụ:**\nChuyên khoa: Tiêu hóa\n- Gói nội soi + xét nghiệm — 2800000-3800000 VND — relevance_score: 0.797\n- Gói khám tiêu hóa cơ bản — 800000-1200000 VND — relevance_score: 0.587\n\n**Lời khuyên về chi phí:**\nVới độ tương đồng cao, bạn có thể chọn gói nội soi + xét nghiệm để chẩn đoán và điều trị xuất huyết tiêu hóa. Nếu triệu chứng nhẹ, gói khám tiêu hóa cơ bản có thể phù hợp hơn.\n', 'is_task_complete': True, 'require_user_input': False, 'status': 'completed', 'data': None}
2025-09-21 09:47:29,495 - DEBUG - Start async tracer
2025-09-21 09:47:29,497 - DEBUG - Enqueuing event of type: <class 'a2a.types.TaskStatusUpdateEvent'>
2025-09-21 09:47:29,497 - DEBUG - [CostAgentExecutor] Final artifact parts dump: [Part(root=TextPart(kind='text', metadata=None, text='**Các bệnh có thể liên quan:**\n1. Xuất huyết tiêu hóa: Tình trạng chảy máu xảy ra ở đường tiêu hóa.\n\n**Đề xuất chuyên khoa và gói dịch vụ:**\nChuyên khoa: Tiêu hóa\n- Gói nội soi + xét nghiệm — 2800000-3800000 VND — relevance_score: 0.797\n- Gói khám tiêu hóa cơ bản — 800000-1200000 VND — relevance_score: 0.587\n\n**Lời khuyên về chi phí:**\nVới độ tương đồng cao, bạn có thể chọn gói nội soi + xét nghiệm để chẩn đoán và điều trị xuất huyết tiêu hóa. Nếu triệu chứng nhẹ, gói khám tiêu hóa cơ bản có thể phù hợp hơn.\n'))]
2025-09-21 09:47:29,497 - DEBUG - Start async tracer
2025-09-21 09:47:29,497 - DEBUG - Enqueuing event of type: <class 'a2a.types.TaskArtifactUpdateEvent'>
2025-09-21 09:47:29,497 - DEBUG - Start async tracer
2025-09-21 09:47:29,497 - DEBUG - Enqueuing event of type: <class 'a2a.types.TaskStatusUpdateEvent'>
2025-09-21 09:47:29,497 - DEBUG - Start async tracer
2025-09-21 09:47:29,499 - DEBUG - Closing EventQueue.
2025-09-21 09:47:29,499 - DEBUG - Dequeued event (waited) of type: <class 'a2a.types.TaskStatusUpdateEvent'>
2025-09-21 09:47:29,499 - DEBUG - Dequeued event of type: <class 'a2a.types.TaskStatusUpdateEvent'> in consume_all.
2025-09-21 09:47:29,499 - DEBUG - Marking task as done in EventQueue.
2025-09-21 09:47:29,499 - DEBUG - Marked task as done in event queue in consume_all
2025-09-21 09:47:29,499 - DEBUG - Processing save of task event of type TaskStatusUpdateEvent for task_id: fdefa75e-4388-4d9b-9732-5e1b9465f249
2025-09-21 09:47:29,499 - DEBUG - Updating task fdefa75e-4388-4d9b-9732-5e1b9465f249 status to: TaskState.working
2025-09-21 09:47:29,499 - DEBUG - Saving task with id: fdefa75e-4388-4d9b-9732-5e1b9465f249
2025-09-21 09:47:29,499 - DEBUG - Task fdefa75e-4388-4d9b-9732-5e1b9465f249 saved successfully.
2025-09-21 09:47:29,499 - DEBUG - Start async tracer
2025-09-21 09:47:29,499 - DEBUG - chunk: b'data: {"id":"13df6ab4-d4f6-4b88-853f-e038cffac062","jsonrpc":"2.0","result":{"contextId":"18c634ef-92b0-4632-b639-590a159351b6","final":false,"kind":"status-update","status":{"message":{"kind":"message","messageId":"9de7c2fd-05d1-4d2b-baf6-56743b6d7a05","parts":[{"kind":"text","text":"L\xe1\xbb\x97i n\xe1\xbb\x99i b\xe1\xbb\x99 khi x\xe1\xbb\xad l\xc3\xbd: 1 validation error for ResponseFormat\\ndata\\n  Input should be a valid dictionary [type=dict_type, input_value=\'**C\xc3\xa1c b\xe1\xbb\x87nh c\xc3\xb3 th\xe1\xbb\x83 ... th\xe1\xbb\x83 ph\xc3\xb9 h\xe1\xbb\xa3p h\xc6\xa1n.\', input_type=str]\\n    For further information visit https://errors.pydantic.dev/2.11/v/dict_type"}],"role":"agent"},"state":"working","timestamp":"2025-09-21T02:47:29.490029+00:00"},"taskId":"fdefa75e-4388-4d9b-9732-5e1b9465f249"}}\r\n\r\n'
2025-09-21 09:47:29,499 - DEBUG - Start async tracer
2025-09-21 09:47:29,499 - DEBUG - Attempting to dequeue event (waiting).
2025-09-21 09:47:29,499 - DEBUG - Dequeued event (waited) of type: <class 'a2a.types.TaskStatusUpdateEvent'>
2025-09-21 09:47:29,499 - DEBUG - Dequeued event of type: <class 'a2a.types.TaskStatusUpdateEvent'> in consume_all.
2025-09-21 09:47:29,499 - DEBUG - Marking task as done in EventQueue.
2025-09-21 09:47:29,499 - DEBUG - Marked task as done in event queue in consume_all
2025-09-21 09:47:29,499 - DEBUG - Processing save of task event of type TaskStatusUpdateEvent for task_id: fdefa75e-4388-4d9b-9732-5e1b9465f249
2025-09-21 09:47:29,499 - DEBUG - Updating task fdefa75e-4388-4d9b-9732-5e1b9465f249 status to: TaskState.working
2025-09-21 09:47:29,499 - DEBUG - Saving task with id: fdefa75e-4388-4d9b-9732-5e1b9465f249
2025-09-21 09:47:29,499 - DEBUG - Task fdefa75e-4388-4d9b-9732-5e1b9465f249 saved successfully.
2025-09-21 09:47:29,502 - DEBUG - Start async tracer
2025-09-21 09:47:29,502 - DEBUG - chunk: b'data: {"id":"13df6ab4-d4f6-4b88-853f-e038cffac062","jsonrpc":"2.0","result":{"contextId":"18c634ef-92b0-4632-b639-590a159351b6","final":false,"kind":"status-update","status":{"message":{"kind":"message","messageId":"99807d4d-be69-424a-8df1-148dcb4b1423","parts":[{"kind":"text","text":"**C\xc3\xa1c b\xe1\xbb\x87nh c\xc3\xb3 th\xe1\xbb\x83 li\xc3\xaan quan:**\\n1. Xu\xe1\xba\xa5t huy\xe1\xba\xbft ti\xc3\xaau h\xc3\xb3a: T\xc3\xacnh tr\xe1\xba\xa1ng ch\xe1\xba\xa3y m\xc3\xa1u x\xe1\xba\xa3y ra \xe1\xbb\x9f \xc4\x91\xc6\xb0\xe1\xbb\x9dng ti\xc3\xaau h\xc3\xb3a.\\n\\n**\xc4\x90\xe1\xbb\x81 xu\xe1\xba\xa5t chuy\xc3\xaan khoa v\xc3\xa0 g\xc3\xb3i d\xe1\xbb\x8bch v\xe1\xbb\xa5:**\\nChuy\xc3\xaan khoa: Ti\xc3\xaau h\xc3\xb3a\\n- G\xc3\xb3i n\xe1\xbb\x99i soi + x\xc3\xa9t nghi\xe1\xbb\x87m \xe2\x80\x94 2800000-3800000 VND \xe2\x80\x94 relevance_score: 0.797\\n- G\xc3\xb3i kh\xc3\xa1m ti\xc3\xaau h\xc3\xb3a c\xc6\xa1 b\xe1\xba\xa3n \xe2\x80\x94 800000-1200000 VND \xe2\x80\x94 relevance_score: 0.587\\n\\n**L\xe1\xbb\x9di khuy\xc3\xaan v\xe1\xbb\x81 chi ph\xc3\xad:**\\nV\xe1\xbb\x9bi \xc4\x91\xe1\xbb\x99 t\xc6\xb0\xc6\xa1ng \xc4\x91\xe1\xbb\x93ng cao, b\xe1\xba\xa1n c\xc3\xb3 th\xe1\xbb\x83 ch\xe1\xbb\x8dn g\xc3\xb3i n\xe1\xbb\x99i soi + x\xc3\xa9t nghi\xe1\xbb\x87m \xc4\x91\xe1\xbb\x83 ch\xe1\xba\xa9n \xc4\x91o\xc3\xa1n v\xc3\xa0 \xc4\x91i\xe1\xbb\x81u tr\xe1\xbb\x8b xu\xe1\xba\xa5t huy\xe1\xba\xbft ti\xc3\xaau h\xc3\xb3a. N\xe1\xba\xbfu tri\xe1\xbb\x87u ch\xe1\xbb\xa9ng nh\xe1\xba\xb9, g\xc3\xb3i kh\xc3\xa1m ti\xc3\xaau h\xc3\xb3a c\xc6\xa1 b\xe1\xba\xa3n c\xc3\xb3 th\xe1\xbb\x83 ph\xc3\xb9 h\xe1\xbb\xa3p h\xc6\xa1n.\\n"}],"role":"agent"},"state":"working","timestamp":"2025-09-21T02:47:29.495971+00:00"},"taskId":"fdefa75e-4388-4d9b-9732-5e1b9465f249"}}\r\n\r\n'
2025-09-21 09:47:29,502 - DEBUG - Start async tracer
2025-09-21 09:47:29,502 - DEBUG - Attempting to dequeue event (waiting).
2025-09-21 09:47:29,502 - DEBUG - Dequeued event (waited) of type: <class 'a2a.types.TaskArtifactUpdateEvent'>
2025-09-21 09:47:29,503 - DEBUG - Dequeued event of type: <class 'a2a.types.TaskArtifactUpdateEvent'> in consume_all.
2025-09-21 09:47:29,503 - DEBUG - Marking task as done in EventQueue.
2025-09-21 09:47:29,503 - DEBUG - Marked task as done in event queue in consume_all
2025-09-21 09:47:29,503 - DEBUG - Processing save of task event of type TaskArtifactUpdateEvent for task_id: fdefa75e-4388-4d9b-9732-5e1b9465f249
2025-09-21 09:47:29,503 - DEBUG - Appending artifact to task fdefa75e-4388-4d9b-9732-5e1b9465f249
2025-09-21 09:47:29,503 - DEBUG - Adding new artifact with id 2379c098-2066-485a-894d-5805cd736366 for task fdefa75e-4388-4d9b-9732-5e1b9465f249
2025-09-21 09:47:29,503 - DEBUG - Saving task with id: fdefa75e-4388-4d9b-9732-5e1b9465f249
2025-09-21 09:47:29,503 - DEBUG - Task fdefa75e-4388-4d9b-9732-5e1b9465f249 saved successfully.
2025-09-21 09:47:29,503 - DEBUG - Start async tracer
2025-09-21 09:47:29,503 - DEBUG - chunk: b'data: {"id":"13df6ab4-d4f6-4b88-853f-e038cffac062","jsonrpc":"2.0","result":{"artifact":{"artifactId":"2379c098-2066-485a-894d-5805cd736366","parts":[{"kind":"text","text":"**C\xc3\xa1c b\xe1\xbb\x87nh c\xc3\xb3 th\xe1\xbb\x83 li\xc3\xaan quan:**\\n1. Xu\xe1\xba\xa5t huy\xe1\xba\xbft ti\xc3\xaau h\xc3\xb3a: T\xc3\xacnh tr\xe1\xba\xa1ng ch\xe1\xba\xa3y m\xc3\xa1u x\xe1\xba\xa3y ra \xe1\xbb\x9f \xc4\x91\xc6\xb0\xe1\xbb\x9dng ti\xc3\xaau h\xc3\xb3a.\\n\\n**\xc4\x90\xe1\xbb\x81 xu\xe1\xba\xa5t chuy\xc3\xaan khoa v\xc3\xa0 g\xc3\xb3i d\xe1\xbb\x8bch v\xe1\xbb\xa5:**\\nChuy\xc3\xaan khoa: Ti\xc3\xaau h\xc3\xb3a\\n- G\xc3\xb3i n\xe1\xbb\x99i soi + x\xc3\xa9t nghi\xe1\xbb\x87m \xe2\x80\x94 2800000-3800000 VND \xe2\x80\x94 relevance_score: 0.797\\n- G\xc3\xb3i kh\xc3\xa1m ti\xc3\xaau h\xc3\xb3a c\xc6\xa1 b\xe1\xba\xa3n \xe2\x80\x94 800000-1200000 VND \xe2\x80\x94 relevance_score: 0.587\\n\\n**L\xe1\xbb\x9di khuy\xc3\xaan v\xe1\xbb\x81 chi ph\xc3\xad:**\\nV\xe1\xbb\x9bi \xc4\x91\xe1\xbb\x99 t\xc6\xb0\xc6\xa1ng \xc4\x91\xe1\xbb\x93ng cao, b\xe1\xba\xa1n c\xc3\xb3 th\xe1\xbb\x83 ch\xe1\xbb\x8dn g\xc3\xb3i n\xe1\xbb\x99i soi + x\xc3\xa9t nghi\xe1\xbb\x87m \xc4\x91\xe1\xbb\x83 ch\xe1\xba\xa9n \xc4\x91o\xc3\xa1n v\xc3\xa0 \xc4\x91i\xe1\xbb\x81u tr\xe1\xbb\x8b xu\xe1\xba\xa5t huy\xe1\xba\xbft ti\xc3\xaau h\xc3\xb3a. N\xe1\xba\xbfu tri\xe1\xbb\x87u ch\xe1\xbb\xa9ng nh\xe1\xba\xb9, g\xc3\xb3i kh\xc3\xa1m ti\xc3\xaau h\xc3\xb3a c\xc6\xa1 b\xe1\xba\xa3n c\xc3\xb3 th\xe1\xbb\x83 ph\xc3\xb9 h\xe1\xbb\xa3p h\xc6\xa1n.\\n"}]},"contextId":"18c634ef-92b0-4632-b639-590a159351b6","kind":"artifact-update","taskId":"fdefa75e-4388-4d9b-9732-5e1b9465f249"}}\r\n\r\n'
2025-09-21 09:47:29,503 - DEBUG - Start async tracer
2025-09-21 09:47:29,503 - DEBUG - Attempting to dequeue event (waiting).
2025-09-21 09:47:29,503 - DEBUG - Dequeued event (waited) of type: <class 'a2a.types.TaskStatusUpdateEvent'>
2025-09-21 09:47:29,503 - DEBUG - Dequeued event of type: <class 'a2a.types.TaskStatusUpdateEvent'> in consume_all.
2025-09-21 09:47:29,503 - DEBUG - Marking task as done in EventQueue.
2025-09-21 09:47:29,503 - DEBUG - Marked task as done in event queue in consume_all
2025-09-21 09:47:29,503 - DEBUG - Stopping event consumption in consume_all.
2025-09-21 09:47:29,503 - DEBUG - Start async tracer
2025-09-21 09:47:29,503 - DEBUG - Closing EventQueue.
2025-09-21 09:47:29,503 - DEBUG - Processing save of task event of type TaskStatusUpdateEvent for task_id: fdefa75e-4388-4d9b-9732-5e1b9465f249
2025-09-21 09:47:29,503 - DEBUG - Updating task fdefa75e-4388-4d9b-9732-5e1b9465f249 status to: TaskState.completed
2025-09-21 09:47:29,503 - DEBUG - Saving task with id: fdefa75e-4388-4d9b-9732-5e1b9465f249
2025-09-21 09:47:29,503 - DEBUG - Task fdefa75e-4388-4d9b-9732-5e1b9465f249 saved successfully.
2025-09-21 09:47:29,503 - DEBUG - Start async tracer
2025-09-21 09:47:29,503 - DEBUG - chunk: b'data: {"id":"13df6ab4-d4f6-4b88-853f-e038cffac062","jsonrpc":"2.0","result":{"contextId":"18c634ef-92b0-4632-b639-590a159351b6","final":true,"kind":"status-update","status":{"state":"completed","timestamp":"2025-09-21T02:47:29.497770+00:00"},"taskId":"fdefa75e-4388-4d9b-9732-5e1b9465f249"}}\r\n\r\n'
2025-09-21 09:47:29,503 - DEBUG - Start async tracer
2025-09-21 09:47:29,503 - DEBUG - Agent task callback triggered.
2025-09-21 09:47:29,503 - DEBUG - Start async tracer
2025-09-21 09:47:29,503 - DEBUG - Start async tracer
2025-09-21 09:47:29,503 - DEBUG - Closing EventQueue.
2025-09-21 09:47:29,503 - DEBUG - Got event: http.disconnect. Stop streaming.
